time_ms,altitude_m,velocity_ms,accel_bias_ms2,raw_accel_ms2,vertical_accel_ms2,raw_baro_m,motor_pos,motor_vel,motor_cmd_pos,roll_rad,pitch_rad,yaw_rad,Cd,desired_Cd,motor_current,battery_voltage,state,axis_error
0,0.06347153335809708,2.766511917114258,0.12759985029697418,65.2937240600586,65.16612243652344,0.3170013427734375,-0.00006198883056640625,0.017043832689523697,0,-0.031032882630825043,-0.025030236691236496,-0.051089465618133545,0.492000013589859,0.492000013589859,0.11380305141210556,7.377285003662109,2,0
58,0.08132652193307877,3.1549952030181885,0.12759985029697418,64.24179077148438,64.11418914794922,0.8116111159324646,-0.00006198883056640625,0.017043832689523697,0,-0.030023295432329178,-0.026087787002325058,-0.07117663323879242,0.492000013589859,0.492000013589859,0.11380305141210556,7.377285003662109,2,0
68,0.11632205545902252,3.7854959964752197,0.12759985029697418,63.92144012451172,63.79383850097656,0.8116111159324646,-0.00006198883056640625,0.017043832689523697,0,-0.023467790335416794,-0.02146102674305439,-0.06124192103743553,0.492000013589859,0.492000013589859,0.11380305141210556,7.377285003662109,2,0
117,0.37697452306747437,6.916501522064209,0.12759985029697418,64.39128875732422,64.26368713378906,1.6158814430236816,-0.00006198883056640625,0.017043832689523697,0,0.018351010978221893,0.00808416586369276,0.010272382758557796,0.492000013589859,0.492000013589859,0.11380305141210556,7.377285003662109,2,0
127,0.4552539587020874,7.67415189743042,0.12759985029697418,69.53070831298828,69.40310668945312,1.6158814430236816,-0.0011507272720336914,-0.011894233524799347,0,0.016247084364295006,0.007603866048157215,0.021161653101444244,0.492000013589859,0.492000013589859,0.04253334179520607,7.39744758605957,2,0
180,0.9448840618133545,11.37769603729248,0.12759985029697418,72.28231811523438,72.15471649169922,2.8604612350463867,-0.0011507272720336914,-0.011894233524799347,0,0.018121084198355675,0.008472477085888386,0.05642830207943916,0.492000013589859,0.492000013589859,0.04253334179520607,7.39744758605957,2,0
234,0.9905766248703003,11.676082611083984,0.12759985029697418,75.47188568115234,75.34428405761719,3.636920690536499,-0.0011507272720336914,-0.011894233524799347,0,0.019124316051602364,0.006465754006057978,0.04947502166032791,0.492000013589859,0.492000013589859,0.04253334179520607,7.39744758605957,2,0
289,1.7434329986572266,15.853405952453613,0.12759985029697418,76.47940826416016,76.351806640625,5.678994655609131,-0.0010839104652404785,-0.02049965225160122,0,0.02836882509291172,-0.07049699872732162,-0.023377584293484688,0.492000013589859,0.492000013589859,0.00011335499584674835,7.433291912078857,2,0
345,1.8184516429901123,16.212907791137695,0.12759985029697418,76.9819107055664,76.85430908203125,9.174686431884766,-0.0010839104652404785,-0.02049965225160122,0,0.029719416052103043,-0.08559119701385498,-0.03234647586941719,0.492000013589859,0.492000013589859,0.00011335499584674835,7.433291912078857,2,0
395,2.7332961559295654,19.946380615234375,0.12759985029697418,73.56363677978516,73.43603515625,14.609460830688477,-0.0010614395141601562,-0.010687237605452538,0,0.02541264146566391,-0.23519188165664673,-0.0546283945441246,0.492000013589859,0.492000013589859,-0.014322555623948574,7.426570892333984,2,0
452,2.8541922569274902,20.37874412536621,0.12759985029697418,71.76178741455078,71.63418579101562,17.442358016967773,-0.0010614395141601562,-0.010687237605452538,0,0.017999103292822838,-0.2601519227027893,-0.04760599136352539,0.492000013589859,0.492000013589859,-0.014322555623948574,7.426570892333984,2,0
506,4.045239448547363,23.835433959960938,0.12759985029697418,63.437950134277344,63.31034851074219,24.4238338470459,-0.0009040236473083496,0.010248891077935696,0,-0.08693674206733704,-0.40587037801742554,0.03468216210603714,0.492000013589859,0.492000013589859,-0.0400237962603569,7.444493770599365,2,0
558,5.379448413848877,26.763277053833008,0.12759985029697418,54.93621826171875,54.808616638183594,29.83321762084961,-0.0009040236473083496,0.010248891077935696,0,-0.05641569197177887,-0.5154162049293518,-0.20039473474025726,0.492000013589859,0.492000013589859,-0.0400237962603569,7.444493770599365,2,0
612,6.890557765960693,29.448755264282227,0.12759985029697418,49.92164611816406,49.794044494628906,33.950565338134766,-0.0007507205009460449,0.046443816274404526,0,0.2674725353717804,-0.5114846229553223,-1.0295469760894775,0.492000013589859,0.492000013589859,-0.06070039048790932,7.404168128967285,2,0
673,7.1383056640625,29.869272232055664,0.12759985029697418,51.50165557861328,51.374053955078125,38.36567687988281,-0.0007507205009460449,0.046443816274404526,0,0.3684215545654297,-0.458581805229187,-1.2864938974380493,0.492000013589859,0.492000013589859,-0.06070039048790932,7.404168128967285,2,0
728,8.836653709411621,32.29363250732422,0.12759985029697418,43.58695983886719,43.45935821533203,38.931644439697266,-0.0009010434150695801,-0.04360390454530716,0,0.623944103717804,-0.25506702065467834,-2.266498327255249,0.492000013589859,0.492000013589859,-0.10370676964521408,7.381765365600586,2,0
788,9.11904239654541,32.613243103027344,0.12759985029697418,35.348548889160156,35.220947265625,56.42827224731445,-0.0009010434150695801,-0.04360390454530716,0,0.6714701056480408,-0.19291894137859344,-2.4782471656799316,0.492000013589859,0.492000013589859,-0.10370676964521408,7.381765365600586,2,0
843,10.91948413848877,33.474979400634766,0.12759985029697418,14.511545181274414,14.38394546508789,70.80387115478516,-0.0005871057510375977,0.04375416412949562,0,0.8082793951034546,-0.1636839210987091,-3.008906364440918,0.492000013589859,0.492000013589859,-0.13702867925167084,7.424330711364746,2,0
853,11.267756462097168,33.71761703491211,0.12759985029697418,22.96675682067871,22.839157104492188,70.80387115478516,-0.0005871057510375977,0.04375416412949562,0,0.779899537563324,-0.23829731345176697,-2.967776298522949,0.492000013589859,0.492000013589859,-0.13702867925167084,7.424330711364746,2,0
905,11.267756462097168,33.71761703491211,0.12759985029697418,22.49468421936035,22.367084503173828,59.46345138549805,-0.0005871057510375977,0.04375416412949562,0,0.7736749649047852,-0.2507586181163788,-2.959500312805176,0.492000013589859,0.492000013589859,-0.13702867925167084,7.424330711364746,2,0
963,13.288744926452637,36.45158004760742,0.12759985029697418,49.289093017578125,49.16149139404297,49.99736022949219,-0.00024056434631347656,0.01330365240573883,0,0.556501567363739,-0.15730410814285278,-2.8365015983581543,0.492000013589859,0.492000013589859,-0.15585683286190033,7.415369510650635,2,0
974,13.68470287322998,37.069393157958984,0.12759985029697418,58.792335510253906,58.66473388671875,49.99736022949219,-0.00024056434631347656,0.01330365240573883,0,0.5138429999351501,-0.16660843789577484,-2.7500526905059814,0.492000013589859,0.492000013589859,-0.15585683286190033,7.415369510650635,2,0
1023,15.604942321777344,40.22981262207031,0.12759985029697418,63.91764831542969,63.79004669189453,60.53928756713867,-0.00024056434631347656,0.01330365240573883,0,0.46085673570632935,-0.2430545538663864,-2.508187770843506,0.492000013589859,0.492000013589859,-0.15585683286190033,7.415369510650635,2,0
1078,17.89379119873047,43.713157653808594,0.12759985029697418,63.92383575439453,63.796234130859375,62.19656753540039,-0.00029778480529785156,0.01007753610610962,0,0.40435320138931274,-0.33756953477859497,-2.257204294204712,0.492000013589859,0.492000013589859,-0.1694825291633606,7.388486385345459,2,0
1088,18.336841583251953,44.27534484863281,0.12759985029697418,54.65611267089844,54.52851104736328,62.90614700317383,-0.00029778480529785156,0.01007753610610962,0,0.4048616886138916,-0.37889766693115234,-2.2317276000976562,0.492000013589859,0.492000013589859,-0.1694825291633606,7.388486385345459,2,0
1147,18.543212890625,44.524139404296875,0.12759985029697418,52.525184631347656,52.3975830078125,70.96162414550781,-0.00029778480529785156,0.01007753610610962,0,0.404422789812088,-0.40789535641670227,-2.215540647506714,0.492000013589859,0.492000013589859,-0.1694825291633606,7.388486385345459,2,0
1201,20.998138427734375,46.198978424072266,0.12759985029697418,29.615942001342773,29.48834228515625,76.33088684082031,-0.000359952449798584,-0.04539947956800461,0,0.24618732929229736,-0.6417179107666016,-1.8997278213500977,0.492000013589859,0.492000013589859,-0.16414083540439606,7.457935333251953,2,0
1211,21.46431541442871,46.42732238769531,0.12759985029697418,21.27018165588379,21.142581939697266,79.48511505126953,-0.000359952449798584,-0.04539947956800461,0,0.1550295203924179,-0.6672283411026001,-1.740733027458191,0.492000013589859,0.492000013589859,-0.16414083540439606,7.457935333251953,2,0
1266,24.023845672607422,46.958824157714844,0.12759985029697418,8.739419937133789,8.611820220947266,80.96744537353516,-0.000359952449798584,-0.04539947956800461,0,-0.3368593454360962,-0.5817566514015198,-0.8406866192817688,0.492000013589859,0.492000013589859,-0.16414083540439606,7.457935333251953,2,0
1323,26.705604553222656,46.93749237060547,0.12759985029697418,-0.23132038116455078,-0.35892021656036377,80.88665771484375,-0.00023186206817626953,0.018332792446017265,0,-0.4919643998146057,-0.3385571837425232,-0.1897381842136383,0.492000013589859,0.492000013589859,-0.18412265181541443,7.368323802947998,2,0
1334,27.224353790283203,46.85718536376953,0.12759985029697418,-7.929900646209717,-8.057500839233398,80.88665771484375,-0.00023186206817626953,0.018332792446017265,0,-0.5079197287559509,-0.29137691855430603,-0.09100164473056793,0.492000013589859,0.492000013589859,-0.18412265181541443,7.368323802947998,2,0
1394,27.523256301879883,46.79733657836914,0.12759985029697418,-9.981271743774414,-10.108871459960938,86.03158569335938,-0.00023186206817626953,0.018332792446017265,0,-0.5185019373893738,-0.25358885526657104,-0.019894208759069443,0.4473098814487457,0.492000013589859,-0.18412265181541443,7.368323802947998,2,0
1449,30.03636360168457,45.95412826538086,0.12759985029697418,-15.435567855834961,-15.563167572021484,89.42438507080078,-0.0002681612968444824,-0.024478234350681305,0,-0.5782346129417419,0.00013815659622196108,0.3450770676136017,0.5308853387832642,0.492000013589859,-0.20795275270938873,7.433291912078857,2,0
1459,30.497875213623047,45.767189025878906,0.12759985029697418,-18.93893051147461,-19.066530227661133,89.42438507080078,-0.0002681612968444824,-0.024478234350681305,0,-0.5853801369667053,0.037258025258779526,0.40027761459350586,0.702644944190979,0.492000013589859,-0.20795275270938873,7.433291912078857,2,0
1515,33.034446716308594,44.66194152832031,0.12759985029697418,-19.699718475341797,-19.82731819152832,95.14131927490234,-0.0002681612968444824,-0.024478234350681305,0,-0.5995603203773499,0.22549539804458618,0.6993018388748169,0.862231433391571,0.492000013589859,-0.20795275270938873,7.433291912078857,2,0
1570,35.486351013183594,43.43653869628906,0.12759985029697418,-21.781822204589844,-21.909421920776367,97.94371795654297,-0.00012487173080444336,0.009824240580201149,0,-0.5340980291366577,0.34634023904800415,0.9630022048950195,1.1168878078460693,0.492000013589859,-0.2040361613035202,7.453454971313477,2,0
1581,35.922367095947266,43.247589111328125,0.12759985029697418,-18.480026245117188,-18.60762596130371,97.94371795654297,-0.00012487173080444336,0.009824240580201149,0,-0.519438624382019,0.35641148686408997,1.0061602592468262,1.1969550848007202,0.492000013589859,-0.2040361613035202,7.453454971313477,2,0
1591,36.392112731933594,43.047508239746094,0.12759985029697418,-18.151695251464844,-18.279294967651367,100.2574234008789,-0.00012487173080444336,0.009824240580201149,0,-0.503308892250061,0.3665729761123657,1.052734375,1.2469475269317627,0.492000013589859,-0.2040361613035202,7.453454971313477,2,0
1639,38.4193115234375,42.198726654052734,0.12759985029697418,-17.71855354309082,-17.846153259277344,102.21630096435547,-0.00012487173080444336,0.009824240580201149,0,-0.4267031252384186,0.4047558009624481,1.2593828439712524,1.2541069984436035,0.492000013589859,-0.2040361613035202,7.453454971313477,2,0
1649,38.85166549682617,42.03116989135742,0.12759985029697418,-16.45676040649414,-16.584360122680664,103.55136108398438,-0.00005626678466796875,0.02686373144388199,0,-0.40486788749694824,0.41917163133621216,1.307599425315857,1.2269132137298584,0.492000013589859,-0.2040361613035202,7.35488224029541,3,0
1697,40.83385467529297,41.287330627441406,0.12759985029697418,-15.50552749633789,-15.633127212524414,105.3652114868164,-0.00005626678466796875,0.02686373144388199,0,-0.29022854566574097,0.47771504521369934,1.541487455368042,1.2181898355484009,0.492000013589859,-0.21864619851112366,7.35488224029541,3,0
1707,41.283935546875,41.115108489990234,0.12759985029697418,-15.669862747192383,-15.797462463378906,105.3652114868164,-0.00005626678466796875,0.02686373144388199,0,-0.25808408856391907,0.4922838807106018,1.5968414545059204,1.187283992767334,0.492000013589859,-0.21864619851112366,7.35488224029541,3,0
1719,41.72947692871094,40.94438171386719,0.12759985029697418,-15.54979133605957,-15.677391052246094,106.8186264038086,-0.00005626678466796875,0.02686373144388199,0,-0.2251189947128296,0.5052759051322937,1.652117371559143,1.1635831594467163,0.492000013589859,-0.21864619851112366,7.35488224029541,3,0
1771,41.80859375,40.91391372680664,0.12759985029697418,-15.708635330200195,-15.836235046386719,108.38863372802734,-0.00005626678466796875,0.02686373144388199,0,-0.2130252867937088,0.5095600485801697,1.6721103191375732,1.1576155424118042,0.492000013589859,-0.21864619851112366,7.35488224029541,3,0
1826,44.03554916381836,40.070796966552734,0.12759985029697418,-15.167976379394531,-15.295576095581055,112.0798568725586,-0.00016158819198608398,-0.02961166948080063,0,-0.06371018290519714,0.5379340052604675,1.9412542581558228,1.1347848176956177,0,-0.24548199772834778,7.384005546569824,3,0
1837,44.47850036621094,39.89969253540039,0.12759985029697418,-15.181214332580566,-15.30881404876709,114.04310607910156,-0.00016158819198608398,-0.02961166948080063,0,-0.03896578028798103,0.5378400683403015,1.9926350116729736,1.1241625547409058,0,-0.24548199772834778,7.384005546569824,3,0
1846,44.86924743652344,39.74781799316406,0.12759985029697418,-15.294960021972656,-15.42255973815918,114.04310607910156,-0.00016158819198608398,-0.02961166948080063,0,-0.01793660596013069,0.536555826663971,2.0375399589538574,1.1183449029922485,0,-0.24548199772834778,7.384005546569824,3,0
1899,46.9154167175293,38.956024169921875,0.12759985029697418,-15.093225479125977,-15.2208251953125,115.90470886230469,-0.00016158819198608398,-0.02961166948080063,0,0.08667673170566559,0.5159314870834351,2.2710721492767334,1.1132982969284058,0,-0.24548199772834778,7.384005546569824,3,0
1955,49.08792495727539,38.17044448852539,0.12759985029697418,-13.767314910888672,-13.894914627075195,119.77304077148438,-0.00018537044525146484,-0.02079763635993004,0,0.18418926000595093,0.47449877858161926,2.5102195739746094,1.0640547275543213,0,-0.23830720782279968,7.4467339515686035,3,0
1965,49.47100830078125,38.03465270996094,0.12759985029697418,-13.491098403930664,-13.618698120117188,121.64462280273438,-0.00018537044525146484,-0.02079763635993004,0,0.2018665075302124,0.4662896990776062,2.550360918045044,1.0009523630142212,0,-0.23830720782279968,7.4467339515686035,3,0
1976,49.88595962524414,37.886924743652344,0.12759985029697418,-13.216745376586914,-13.344345092773438,121.64462280273438,-0.00018537044525146484,-0.02079763635993004,0,0.2213864028453827,0.45699694752693176,2.593491315841675,0.9530715942382812,0,-0.23830720782279968,7.4467339515686035,3,0
2032,51.97002029418945,37.11974334716797,0.12759985029697418,-13.672321319580078,-13.799921035766602,124.58988189697266,-0.00018537044525146484,-0.02079763635993004,0,0.31585150957107544,0.4003048241138458,2.805077075958252,0.9350480437278748,0,-0.23830720782279968,7.4467339515686035,3,0
2086,53.97308349609375,36.373802185058594,0.12759985029697418,-13.525887489318848,-13.653487205505371,126.26239013671875,-0.0002180933952331543,-0.04443833604454994,0,0.3944505751132965,0.32997849583625793,2.9904820919036865,0.9285804629325867,0,-0.2232385128736496,7.453454971313477,3,0
2096,54.33875274658203,36.23081970214844,0.12759985029697418,-13.800914764404297,-13.92851448059082,128.08094787597656,-0.0002180933952331543,-0.04443833604454994,0,0.4053209722042084,0.3152197599411011,3.023366928100586,0.9501655697822571,0,-0.2232385128736496,7.453454971313477,3,0
2107,54.73460388183594,36.0765266418457,0.12759985029697418,-14.183815002441406,-14.31141471862793,128.08094787597656,-0.0002180933952331543,-0.04443833604454994,0,0.4159433841705322,0.298865407705307,3.058561325073242,0.96481853723526,0,-0.2232385128736496,7.453454971313477,3,0
2163,56.743553161621094,35.29832077026367,0.12759985029697418,-13.67074203491211,-13.798341751098633,131.61863708496094,-0.0002180933952331543,-0.04443833604454994,0,0.4559336006641388,0.21007287502288818,-3.0496976375579834,0.9702872633934021,0,-0.2232385128736496,7.453454971313477,3,0
2212,58.447166442871094,34.64366912841797,0.12759985029697418,-13.310782432556152,-13.438382148742676,133.2642059326172,-0.0002180933952331543,-0.04443833604454994,0,0.4767952561378479,0.1330922693014145,-2.9052634239196777,0.9683597087860107,0,-0.2232385128736496,7.453454971313477,3,0
2266,60.260623931884766,33.930091857910156,0.12759985029697418,-13.383296012878418,-13.510895729064941,136.2956085205078,-0.00020062923431396484,-0.02345004305243492,0,0.4928528368473053,0.04942995682358742,-2.7517247200012207,0.9611638784408569,0,-0.2175096869468689,7.379525184631348,3,0
2317,61.98466491699219,33.24933624267578,0.12759985029697418,-13.121252059936523,-13.248851776123047,139.99171447753906,-0.00020062923431396484,-0.02345004305243492,0,0.49459218978881836,-0.034470878541469574,-2.608855724334717,0.963834822177887,0,-0.2175096869468689,7.379525184631348,3,0
2370,63.722904205322266,32.547115325927734,0.12759985029697418,-13.213700294494629,-13.341300010681152,141.4506072998047,-0.0000928640365600586,0.02115659788250923,0,0.4845128655433655,-0.12338617444038391,-2.4645373821258545,0.9547677636146545,0,-0.25319212675094604,7.4131293296813965,3,0
2420,65.35063171386719,31.863245010375977,0.12759985029697418,-13.414032936096191,-13.541632652282715,144.8747100830078,-0.0000928640365600586,0.02115659788250923,0,0.46894222497940063,-0.2040194272994995,-2.3276379108428955,0.9722907543182373,0,-0.25319212675094604,7.4131293296813965,3,0
2477,67.13124084472656,31.059864044189453,0.12759985029697418,-14.13969612121582,-14.267295837402344,147.9309844970703,-0.00014126300811767578,-0.011216173879802227,0,0.44297945499420166,-0.29043853282928467,-2.1730027198791504,1.0358984470367432,0,-0.23184442520141602,7.368323802947998,3,0
2530,68.78311157226562,30.28254508972168,0.12759985029697418,-14.31399917602539,-14.441598892211914,150.81820678710938,-0.00014126300811767578,-0.011216173879802227,0,0.40354812145233154,-0.363742470741272,-2.0138063430786133,1.1191202402114868,0,-0.23184442520141602,7.368323802947998,3,0
2581,70.30776977539062,29.538124084472656,0.12759985029697418,-14.509355545043945,-14.636955261230469,152.3754119873047,-0.00017410516738891602,-0.009986824356019497,0,0.34888124465942383,-0.424111932516098,-1.8526890277862549,1.2259397506713867,0,-0.2664636969566345,7.4198503494262695,3,0
2635,71.85581970214844,28.756500244140625,0.12759985029697418,-14.619645118713379,-14.747244834899902,155.28097534179688,-0.00017410516738891602,-0.009986824356019497,0,0.27778729796409607,-0.47605764865875244,-1.6808866262435913,1.315373420715332,0,-0.2664636969566345,7.4198503494262695,3,0
2689,73.41072845458984,27.961820602416992,0.12759985029697418,-14.390953063964844,-14.518552780151367,158.0470733642578,-0.00006324052810668945,0.0234141293913126,0,0.1928505003452301,-0.5185858011245728,-1.500680923461914,1.4099860191345215,0,-0.2597638964653015,7.448974609375,3,0
2747,73.59989929199219,27.863643646240234,0.12759985029697418,-14.300627708435059,-14.428227424621582,159.50494384765625,-0.00006324052810668945,0.0234141293913126,0,0.17823517322540283,-0.5239717364311218,-1.471221685409546,1.49106764793396,0,-0.2597638964653015,7.448974609375,3,0
2801,75.10344696044922,27.07372283935547,0.12759985029697418,-14.317390441894531,-14.444990158081055,162.49990844726562,-0.00008541345596313477,0.024114476516842842,0,0.09285801649093628,-0.549584686756134,-1.2913955450057983,1.5704460144042969,0,-0.2618204951286316,7.448974609375,3,0
2856,76.56958770751953,26.281343460083008,0.12759985029697418,-14.311037063598633,-14.438636779785156,165.36167907714844,-0.00008541345596313477,0.024114476516842842,0,0.009495367296040058,-0.5663278698921204,-1.1148208379745483,1.6533262729644775,0,-0.2618204951286316,7.448974609375,3,0
2908,77.89958190917969,25.532529830932617,0.12759985029697418,-14.464956283569336,-14.59255599975586,168.25399780273438,-0.00007253885269165039,0.0034465740900486708,0,-0.06837477535009384,-0.5743036866188049,-0.951474666595459,1.766618013381958,0,-0.2711496949195862,7.4467339515686035,3,0
2968,78.1232681274414,25.403730392456055,0.12759985029697418,-14.545069694519043,-14.672669410705566,170.79824829101562,-0.00007253885269165039,0.0034465740900486708,0,-0.08468587696552277,-0.5747867822647095,-0.9175198674201965,1.8898512125015259,0,-0.2711496949195862,7.4467339515686035,3,0
3019,79.39330291748047,24.65838050842285,0.12759985029697418,-14.554089546203613,-14.681689262390137,172.19712829589844,-0.00014609098434448242,0.002083112020045519,0,-0.16070398688316345,-0.567731499671936,-0.7597036361694336,2.0020933151245117,0,-0.24629859626293182,7.357122421264648,3,0
3029,79.64910888671875,24.50666618347168,0.12759985029697418,-14.580401420593262,-14.708001136779785,172.19712829589844,-0.00014609098434448242,0.002083112020045519,0,-0.175997793674469,-0.5646809935569763,-0.7278265357017517,2.10001802444458,0,-0.24629859626293182,7.357122421264648,3,0
3079,80.84224700927734,23.772205352783203,0.12759985029697418,-14.731924057006836,-14.85952377319336,175.06222534179688,-0.00014609098434448242,0.002083112020045519,0,-0.2458084672689438,-0.5444796681404114,-0.5796591639518738,2.132673501968384,0,-0.24629859626293182,7.357122421264648,3,0
3132,82.09366607666016,22.979995727539062,0.12759985029697418,-14.670280456542969,-14.797880172729492,177.5841827392578,-0.0001461505889892578,-0.024776240810751915,0,-0.31630900502204895,-0.5103117227554321,-0.4246213436126709,2.2784385681152344,0,-0.2765962779521942,7.428811073303223,3,0
3143,82.34223937988281,22.8236083984375,0.12759985029697418,-14.182819366455078,-14.310419082641602,177.5841827392578,-0.0001461505889892578,-0.024776240810751915,0,-0.32980623841285706,-0.5025542378425598,-0.39430466294288635,2.375420570373535,0,-0.2765962779521942,7.428811073303223,3,0
3195,83.50323486328125,22.08231544494629,0.12759985029697418,-14.209657669067383,-14.337257385253906,180.24569702148438,-0.0001461505889892578,-0.024776240810751915,0,-0.38983213901519775,-0.4617382884025574,-0.2536385655403137,2.413513422012329,0,-0.2765962779521942,7.428811073303223,3,0
3250,84.6895751953125,21.29726219177246,0.12759985029697418,-14.245006561279297,-14.37260627746582,181.6109619140625,-0.00009590387344360352,0.020113505423069,0,-0.44284436106681824,-0.41957786679267883,-0.1160653829574585,2.5189425945281982,0,-0.27119362354278564,7.435532093048096,3,0
3259,84.9032211303711,21.15152931213379,0.12759985029697418,-14.503936767578125,-14.631536483764648,182.8185577392578,-0.00009590387344360352,0.020113505423069,0,-0.451589971780777,-0.41225990653038025,-0.09177765995264053,2.6738131046295166,0,-0.27119362354278564,7.435532093048096,3,0
3310,85.94258117675781,20.419736862182617,0.12759985029697418,-14.504788398742676,-14.6323881149292,184.10980224609375,-0.00009590387344360352,0.020113505423069,0,-0.49141523241996765,-0.37285667657852173,0.026479016989469528,2.7815799713134766,0,-0.27119362354278564,7.435532093048096,3,0
3365,87.052001953125,19.63599395751953,0.12759985029697418,-13.989335060119629,-14.116934776306152,186.55397033691406,-0.000050127506256103516,0.02324274554848671,0,-0.5258773565292358,-0.3233552873134613,0.15096507966518402,2.9176740646362305,0,-0.2849269509315491,7.433291912078857,3,0
3376,87.26747131347656,19.479969024658203,0.12759985029697418,-14.271366119384766,-14.398965835571289,187.76483154296875,-0.000050127506256103516,0.02324274554848671,0,-0.5320061445236206,-0.3133811354637146,0.17514021694660187,3.049206256866455,0,-0.2849269509315491,7.433291912078857,3,0
3430,88.30018615722656,18.71714973449707,0.12759985029697418,-13.965267181396484,-14.092866897583008,189.0599822998047,-0.000050127506256103516,0.02324274554848671,0,-0.5589473843574524,-0.26210108399391174,0.2922114431858063,3.1605679988861084,0,-0.2849269509315491,7.433291912078857,3,0
3484,89.29771423339844,17.969945907592773,0.12759985029697418,-13.589211463928223,-13.716811180114746,191.31423950195312,-0.00014412403106689453,-0.021654464304447174,0,-0.5790926218032837,-0.2014593929052353,0.40605974197387695,3.266514539718628,0,-0.27750828862190247,7.455695152282715,3,0
3495,89.47754669189453,17.832847595214844,0.12759985029697418,-13.505993843078613,-13.633593559265137,191.31423950195312,-0.00014412403106689453,-0.021654464304447174,0,-0.5826151967048645,-0.18962682783603668,0.4265737235546112,3.3634355068206787,0,-0.27750828862190247,7.455695152282715,3,0
3550,90.44022369384766,17.063194274902344,0.12759985029697418,-13.835290908813477,-13.962890625,193.75091552734375,-0.00014412403106689453,-0.021654464304447174,0,-0.5980514287948608,-0.12373202294111252,0.5381096005439758,3.495265245437622,0,-0.27750828862190247,7.455695152282715,3,0
3602,91.32182312011719,16.35078239440918,0.12759985029697418,-13.343378067016602,-13.470977783203125,195.93756103515625,-0.00012576580047607422,-0.0007108869613148272,0,-0.6056625843048096,-0.06244909018278122,0.6392096281051636,3.640613317489624,0,-0.27789077162742615,7.451214790344238,3,0
3613,91.4853286743164,16.216236114501953,0.12759985029697418,-13.133142471313477,-13.2607421875,195.93756103515625,-0.00012576580047607422,-0.0007108869613148272,0,-0.6064307689666748,-0.05122159421443939,0.6581538319587708,3.7618753910064697,0,-0.27789077162742615,7.451214790344238,3,0
3669,92.38426208496094,15.451175689697266,0.12759985029697418,-13.372068405151367,-13.49966812133789,198.16152954101562,-0.00012576580047607422,-0.0007108869613148272,0,-0.6075091361999512,0.010137615725398064,0.7634205222129822,3.891129970550537,0,-0.27789077162742615,7.451214790344238,3,0
3679,92.54188537597656,15.317362785339355,0.12759985029697418,-12.85633659362793,-12.983936309814453,198.16152954101562,-0.0001010894775390625,-0.00394443841651082,0,-0.6074202060699463,0.01941346749663353,0.7822364568710327,3.969597339630127,0,-0.27789077162742615,7.424330711364746,3,0
3727,93.24830627441406,14.700342178344727,0.12759985029697418,-12.981807708740234,-13.109407424926758,200.5205841064453,-0.00016701221466064453,-0.027376510202884674,0,-0.6054544448852539,0.06094956770539284,0.8688268661499023,4.006415843963623,0,-0.27828437089920044,7.424330711364746,3,0
3737,93.39571380615234,14.569188117980957,0.12759985029697418,-13.035135269165039,-13.162734985351562,200.5205841064453,-0.00016701221466064453,-0.027376510202884674,0,-0.6048934459686279,0.07008524239063263,0.8868704438209534,4.149281024932861,0,-0.27828437089920044,7.424330711364746,3,0
3748,93.559326171875,14.421321868896484,0.12759985029697418,-12.869857788085938,-12.997457504272461,200.5205841064453,-0.00016701221466064453,-0.027376510202884674,0,-0.6040467619895935,0.0805106908082962,0.907017707824707,4.3007965087890625,0,-0.27828437089920044,7.424330711364746,3,0
3797,94.24958801269531,13.788426399230957,0.12759985029697418,-12.80499267578125,-12.932592391967773,202.82217407226562,-0.00016701221466064453,-0.027376510202884674,0,-0.5980916023254395,0.12578147649765015,0.9947769045829773,4.3388895988464355,0,-0.27828437089920044,7.424330711364746,3,0
3854,95.01224517822266,13.046513557434082,0.12759985029697418,-12.922721862792969,-13.050321578979492,205.00521850585938,-0.0000711679458618164,0.01229038368910551,0,-0.583805501461029,0.1821025013923645,1.0965332984924316,4.5897135734558105,0,-0.2819232642650604,7.404168128967285,3,0
3864,95.14292907714844,12.916281700134277,0.12759985029697418,-12.760570526123047,-12.88817024230957,205.00521850585938,-0.0000711679458618164,0.01229038368910551,0,-0.5805463194847107,0.19168919324874878,1.1144887208938599,4.8469438552856445,0,-0.2819232642650604,7.404168128967285,3,0
3876,95.29473876953125,12.763598442077637,0.12759985029697418,-12.791534423828125,-12.919134140014648,205.00521850585938,-0.0000711679458618164,0.01229038368910551,0,-0.5764767527580261,0.20271994173526764,1.1356288194656372,5.068083763122559,0,-0.2819232642650604,7.404168128967285,3,0
3927,95.93733978271484,12.105476379394531,0.12759985029697418,-12.603561401367188,-12.731161117553711,207.11068725585938,-0.0000711679458618164,0.01229038368910551,0,-0.5555838942527771,0.24929481744766235,1.2288249731063843,5.153552532196045,0,-0.2819232642650604,7.404168128967285,3,0
3982,96.58245086669922,11.42308235168457,0.12759985029697418,-12.278528213500977,-12.4061279296875,209.20213317871094,-0.00012183189392089844,-0.013518421910703182,0,-0.5285975337028503,0.2961043119430542,1.3299354314804077,5.36336612701416,0,-0.29292231798171997,7.406408309936523,3,0
3993,96.69672393798828,11.298296928405762,0.12759985029697418,-12.352277755737305,-12.479877471923828,209.20213317871094,-0.00012183189392089844,-0.013518421910703182,0,-0.5233925580978394,0.30472543835639954,1.348691463470459,5.559106826782227,0,-0.29292231798171997,7.406408309936523,3,0
4003,96.81985473632812,11.161785125732422,0.12759985029697418,-12.277093887329102,-12.404693603515625,209.20213317871094,-0.00012183189392089844,-0.013518421910703182,0,-0.5175356864929199,0.3140556514263153,1.3691449165344238,5.759768962860107,0,-0.29292231798171997,7.406408309936523,3,0
4057,97.39998626708984,10.501208305358887,0.12759985029697418,-12.19930362701416,-12.326903343200684,211.31834411621094,-0.00012183189392089844,-0.013518421910703182,0,-0.4859520494937897,0.35838162899017334,1.4698349237442017,5.888392448425293,0,-0.29292231798171997,7.406408309936523,3,0
4114,97.98646545410156,9.790926933288574,0.12759985029697418,-12.147619247436523,-12.275218963623047,213.15240478515625,-0.00008851289749145508,0.02533634565770626,0,-0.44637739658355713,0.4023147523403168,1.5809214115142822,6.226328372955322,0,-0.30245766043663025,7.348160743713379,3,0
4125,98.0843734741211,9.668505668640137,0.12759985029697418,-12.065555572509766,-12.193155288696289,213.15240478515625,-0.00008851289749145508,0.02533634565770626,0,-0.43911367654800415,0.4090791642665863,1.6007165908813477,6.559945583343506,0,-0.30245766043663025,7.348160743713379,3,0
4135,98.18907928466797,9.536651611328125,0.12759985029697418,-11.972973823547363,-12.100573539733887,214.0265655517578,-0.00008851289749145508,0.02533634565770626,0,-0.43123170733451843,0.4161418080329895,1.62224280834198,6.810532569885254,0,-0.30245766043663025,7.348160743713379,3,0
4190,98.6900634765625,8.880868911743164,0.12759985029697418,-11.912343978881836,-12.03994369506836,215.0474853515625,-0.00008851289749145508,0.02533634565770626,0,-0.3902914524078369,0.44790536165237427,1.7308025360107422,7.108530521392822,0,-0.30245766043663025,7.348160743713379,3,0
4245,99.16210174560547,8.218591690063477,0.12759985029697418,-11.855232238769531,-11.982831954956055,216.9722900390625,-0.0001442432403564453,-0.022272860631346703,0,-0.3493906855583191,0.4748523235321045,1.8412107229232788,7.5740227699279785,0,-0.2938792109489441,7.379525184631348,3,0
4256,99.24417114257812,8.099454879760742,0.12759985029697418,-11.699652671813965,-11.827252388000488,217.97796630859375,-0.0001442432403564453,-0.022272860631346703,0,-0.34151050448417664,0.47943270206451416,1.8610478639602661,8.002182960510254,0,-0.2938792109489441,7.379525184631348,3,0
4266,99.33160400390625,7.972295761108398,0.12759985029697418,-11.661300659179688,-11.788900375366211,217.97796630859375,-0.0001442432403564453,-0.022272860631346703,0,-0.33291226625442505,0.4842621386051178,1.8826850652694702,8.23759651184082,0,-0.2938792109489441,7.379525184631348,3,0
4323,99.7607192993164,7.324339866638184,0.12759985029697418,-11.402877807617188,-11.530477523803711,219.83285522460938,-0.0001442432403564453,-0.022272860631346703,0,-0.28701722621917725,0.5073050856590271,1.995922327041626,8.446840286254883,0,-0.2938792109489441,7.379525184631348,3,0
4370,100.10032653808594,6.770327568054199,0.12759985029697418,-11.366857528686523,-11.494457244873047,220.5918426513672,-0.0001442432403564453,-0.022272860631346703,0,-0.24488161504268646,0.5283464193344116,2.0969791412353516,8.446840286254883,0,-0.2938792109489441,7.379525184631348,3,0
4424,100.44147491455078,6.175004959106445,0.12759985029697418,-11.155730247497559,-11.283329963684082,222.29151916503906,-0.00017243623733520508,-0.025007225573062897,0,-0.19623397290706635,0.5522335767745972,2.208693027496338,8.446840286254883,0,-0.3021093010902405,7.444493770599365,3,0
4476,100.45441436767578,6.151051044464111,0.12759985029697418,-11.319673538208008,-11.447273254394531,223.9279327392578,-0.00017243623733520508,-0.025007225573062897,0,-0.19239605963230133,0.5542061924934387,2.217611074447632,8.446840286254883,0,-0.3021093010902405,7.444493770599365,3,0
4530,100.77127838134766,5.526695728302002,0.12759985029697418,-11.373863220214844,-11.501462936401367,224.68638610839844,-0.0001093745231628418,-0.015001097694039345,0,-0.14249259233474731,0.5787416696548462,2.335536241531372,8.446840286254883,0,-0.2930242419242859,7.386246204376221,3,0
4581,101.03677368164062,4.943263053894043,0.12759985029697418,-11.373907089233398,-11.501506805419922,226.4300537109375,-0.0001093745231628418,-0.015001097694039345,0,-0.09447737038135529,0.5942761301994324,2.4438419342041016,8.446840286254883,0,-0.2930242419242859,7.386246204376221,3,0
4636,101.29254913330078,4.3098859786987305,0.12759985029697418,-11.3187255859375,-11.446325302124023,228.10667419433594,-0.00005060434341430664,0.022490225732326508,0,-0.03902473673224449,0.6039026379585266,2.5592284202575684,8.446840286254883,0,-0.30962619185447693,7.410889148712158,3,0
4691,101.5101089477539,3.6855664253234863,0.12759985029697418,-11.335935592651367,-11.46353530883789,228.9720916748047,-0.00005060434341430664,0.022490225732326508,0,0.01723063364624977,0.6047390699386597,2.668553113937378,8.446840286254883,0,-0.30962619185447693,7.410889148712158,3,0
4744,101.69055938720703,3.087357759475708,0.12759985029697418,-11.083077430725098,-11.210677146911621,230.41763305664062,-0.00010317564010620117,-0.0031472216360270977,0,0.07243505120277405,0.596447229385376,2.7688605785369873,8.446840286254883,0,-0.2901855409145355,7.390726566314697,3,0
4797,101.83837890625,2.5024290084838867,0.12759985029697418,-10.929338455200195,-11.056938171386719,231.9356231689453,-0.00010317564010620117,-0.0031472216360270977,0,0.12676288187503815,0.5825927257537842,2.8643765449523926,8.446840286254883,0,-0.2901855409145355,7.390726566314697,3,0
4852,101.9598159790039,1.90482497215271,0.12759985029697418,-10.7146635055542,-10.842263221740723,233.4413604736328,-0.00011479854583740234,-0.009606873616576195,0,0.18256177008152008,0.5648844242095947,2.962298631668091,8.446840286254883,0,-0.29756051301956177,7.417609691619873,3,0
4911,101.97463989257812,1.8184518814086914,0.12759985029697418,-10.760369300842285,-10.887969017028809,234.04742431640625,-0.00011479854583740234,-0.009606873616576195,0,0.19259662926197052,0.5616397261619568,2.980139970779419,8.446840286254883,0,-0.29756051301956177,7.417609691619873,3,0
4966,102.05860137939453,1.2316416501998901,0.12759985029697418,-10.521742820739746,-10.64934253692627,235.40931701660156,-0.00007861852645874023,-0.020901961252093315,0,0.2459965944290161,0.5431926250457764,3.0762712955474854,8.446840286254883,0,-0.3071230947971344,7.372804164886475,3,0
5019,102.10932159423828,0.6628227829933167,0.12759985029697418,-10.495182037353516,-10.622781753540039,236.74569702148438,-0.00007861852645874023,-0.020901961252093315,0,0.29696619510650635,0.523331344127655,-3.1132802963256836,8.446840286254883,0,-0.3071230947971344,7.372804164886475,3,0
5074,102.12971496582031,0.08354710042476654,0.12759985029697418,-10.475247383117676,-10.6028470993042,238.06533813476562,-0.0001175999641418457,-0.022585785016417503,0,0.34785571694374084,0.5003843903541565,-3.0164577960968018,8.446840286254883,0,-0.33360621333122253,7.406408309936523,3,0
5133,102.13004302978516,-0.008598255924880505,0.12759985029697418,-10.384929656982422,-10.512529373168945,238.7265167236328,-0.0001175999641418457,-0.022585785016417503,0,0.35767045617103577,0.4958129823207855,-2.9970433712005615,8.446840286254883,0,-0.33360621333122253,7.406408309936523,3,0
5186,102.11494445800781,-0.5646647214889526,0.12759985029697418,-10.431044578552246,-10.55864429473877,239.90911865234375,-0.000046372413635253906,-0.009152385406196117,0,0.40653735399246216,0.47357112169265747,-2.9016740322113037,8.446840286254883,0,-0.3023652136325836,7.390726566314697,3,0
5196,102.10848236083984,-0.6749711632728577,0.12759985029697418,-10.455060005187988,-10.582659721374512,239.90911865234375,-0.000046372413635253906,-0.009152385406196117,0,0.4160625636577606,0.46893563866615295,-2.882866621017456,8.446840286254883,0,-0.3023652136325836,7.390726566314697,3,0
5241,102.06714630126953,-1.1522259712219238,0.12759985029697418,-10.421099662780762,-10.548699378967285,241.0391387939453,-0.000046372413635253906,-0.009152385406196117,0,0.45619067549705505,0.4469712972640991,-2.8021538257598877,8.446840286254883,0,-0.3023652136325836,7.390726566314697,3,0
5298,101.98533630371094,-1.754701018333435,0.12759985029697418,-10.587185859680176,-10.7147855758667,242.1926727294922,-0.00005555152893066406,-0.017288416624069214,0,0.5031934380531311,0.4155769646167755,-2.703584671020508,8.446840286254883,0,-0.3396725058555603,7.428811073303223,4,0
5309,101.96552276611328,-1.8703782558441162,0.12759985029697418,-10.422395706176758,-10.549995422363281,242.1926727294922,-0.00005555152893066406,-0.017288416624069214,0,0.5114607810974121,0.40893787145614624,-2.685067653656006,8.446840286254883,0,-0.3396725058555603,7.428811073303223,4,0
5363,101.96189880371094,-1.890810251235962,0.12759985029697418,-10.486766815185547,-10.61436653137207,243.2797393798828,-0.00005555152893066406,-0.017288416624069214,0,0.5143745541572571,0.4065060615539551,-2.6784873008728027,8.446840286254883,0,-0.3396725058555603,7.428811073303223,4,0
5417,101.84291076660156,-2.468489408493042,0.12759985029697418,-10.452075958251953,-10.579675674438477,244.42929077148438,-0.0000011920928955078125,-0.00514397444203496,0,0.5505089163780212,0.37168657779693604,-2.592609167098999,8.446840286254883,0,-0.29528045654296875,7.379525184631348,4,0
5428,101.8149642944336,-2.5835893154144287,0.12759985029697418,-10.275651931762695,-10.403251647949219,244.42929077148438,-0.0000011920928955078125,-0.00514397444203496,0,0.5568758845329285,0.36447873711586,-2.575995683670044,8.446840286254883,0,-0.29528045654296875,7.379525184631348,4,0
5480,101.66824340820312,-3.12015438079834,0.12759985029697418,-10.298507690429688,-10.426107406616211,245.5731658935547,-0.0000011920928955078125,-0.00514397444203496,0,0.5844776034355164,0.3297668695449829,-2.500502109527588,8.446840286254883,0,-0.29528045654296875,7.379525184631348,4,0
5536,101.47775268554688,-3.701491117477417,0.12759985029697418,-10.284964561462402,-10.412564277648926,246.1582794189453,0.000045180320739746094,0.0150545509532094,0,0.6115528345108032,0.2918759286403656,-2.424156904220581,8.446840286254883,0,-0.32258474826812744,7.379525184631348,4,0
5545,101.44004821777344,-3.8059709072113037,0.12759985029697418,-10.214371681213379,-10.341971397399902,246.51414489746094,0.000045180320739746094,0.0150545509532094,0,0.6161684989929199,0.2851799726486206,-2.4112517833709717,8.446840286254883,0,-0.32258474826812744,7.379525184631348,4,0
5602,101.21005249023438,-4.388573169708252,0.12759985029697418,-10.25322437286377,-10.380824089050293,247.08901977539062,0.000045180320739746094,0.0150545509532094,0,0.6401489973068237,0.24697734415531158,-2.340657949447632,8.446840286254883,0,-0.32258474826812744,7.379525184631348,4,0
5655,100.9620361328125,-4.9431867599487305,0.12759985029697418,-10.303987503051758,-10.431587219238281,248.08416748046875,0.00001615285873413086,0.003476342186331749,0,0.660860002040863,0.21001167595386505,-2.275726079940796,8.446840286254883,0,-0.2989077568054199,7.3638434410095215,4,0
5666,100.91177368164062,-5.047400951385498,0.12759985029697418,-10.229964256286621,-10.357563972473145,248.08416748046875,0.00001615285873413086,0.003476342186331749,0,0.6643151044845581,0.20275695621967316,-2.2639288902282715,8.446840286254883,0,-0.2989077568054199,7.3638434410095215,4,0
5718,100.63037109375,-5.590461254119873,0.12759985029697418,-10.128350257873535,-10.255949974060059,249.01283264160156,0.00001615285873413086,0.003476342186331749,0,0.6808971166610718,0.16391484439373016,-2.203519582748413,8.446840286254883,0,-0.2989077568054199,7.3638434410095215,4,0
5728,100.57209014892578,-5.695906162261963,0.12759985029697418,-10.074359893798828,-10.201959609985352,249.01283264160156,0.000031054019927978516,0.0005035558133386075,0,0.6840757727622986,0.15628187358379364,-2.1927554607391357,8.446840286254883,0,-0.2989077568054199,7.390726566314697,4,0
5775,100.2933349609375,-6.17641019821167,0.12759985029697418,-10.103765487670898,-10.231365203857422,249.9925994873047,-0.000029921531677246094,-0.02064119651913643,0,0.6976327896118164,0.12111419439315796,-2.144916534423828,8.446840286254883,0,-0.3158669173717499,7.390726566314697,4,0
5786,100.230712890625,-6.277688503265381,0.12759985029697418,-9.860098838806152,-9.987698554992676,249.9925994873047,-0.000029921531677246094,-0.02064119651913643,0,0.7006577849388123,0.11344508826732635,-2.135399341583252,8.446840286254883,0,-0.3158669173717499,7.390726566314697,4,0
5847,100.1712417602539,-6.37189245223999,0.12759985029697418,-9.961136817932129,-10.088736534118652,250.8926239013672,-0.000029921531677246094,-0.02064119651913643,0,0.7041125297546387,0.10469570755958557,-2.1246867179870605,8.446840286254883,0,-0.3158669173717499,7.390726566314697,4,0
5903,99.79910278320312,-6.933628082275391,0.12759985029697418,-9.91585636138916,-10.043456077575684,251.62515258789062,0.00007224082946777344,-0.007818751037120819,0,0.7243684530258179,0.06214624643325806,-2.076294422149658,8.446840286254883,0,-0.3129982352256775,7.440013408660889,4,0
5914,99.7288818359375,-7.034940242767334,0.12759985029697418,-10.066184043884277,-10.1937837600708,251.62515258789062,0.00007224082946777344,-0.007818751037120819,0,0.7282750010490417,0.05439278483390808,-2.0683605670928955,8.446840286254883,0,-0.3129982352256775,7.440013408660889,4,0
5924,99.64732360839844,-7.150705814361572,0.12759985029697418,-9.948827743530273,-10.076427459716797,252.02999877929688,0.00007224082946777344,-0.007818751037120819,0,0.7327597141265869,0.045516543090343475,-2.059359073638916,8.446840286254883,0,-0.3129982352256775,7.440013408660889,4,0
5971,99.3076400756836,-7.613164901733398,0.12759985029697418,-9.922361373901367,-10.04996109008789,252.4499969482422,0.00007224082946777344,-0.007818751037120819,0,0.7499600052833557,0.009705748409032822,-2.023817777633667,8.446840286254883,0,-0.3129982352256775,7.440013408660889,4,0
6023,98.89170837402344,-8.146486282348633,0.12759985029697418,-9.989216804504395,-10.116816520690918,253.18785095214844,0.00007051229476928711,0.013258938677608967,0,0.7699369192123413,-0.0323319137096405,-1.984417200088501,8.446840286254883,0,-0.31368929147720337,7.372804164886475,4,0
6034,98.80921173095703,-8.248695373535156,0.12759985029697418,-10.036672592163086,-10.16427230834961,253.18785095214844,0.00007051229476928711,0.013258938677608967,0,0.7738892436027527,-0.040323905646800995,-1.976993203163147,8.446840286254883,0,-0.31368929147720337,7.372804164886475,4,0
6046,98.7110595703125,-8.36900806427002,0.12759985029697418,-10.039682388305664,-10.167282104492188,253.4762725830078,0.00007051229476928711,0.013258938677608967,0,0.7785040140151978,-0.04966672137379646,-1.9683446884155273,8.446840286254883,0,-0.31368929147720337,7.372804164886475,4,0
6098,98.69487762451172,-8.388623237609863,0.12759985029697418,-10.022680282592773,-10.150279998779297,253.86306762695312,0.00007051229476928711,0.013258938677608967,0,0.7800138592720032,-0.05277208611369133,-1.9654613733291626,8.446840286254883,0,-0.31368929147720337,7.372804164886475,4,0
6151,98.23680877685547,-8.931729316711426,0.12759985029697418,-10.157597541809082,-10.285197257995605,254.54734802246094,0.0001131296157836914,0.01569526456296444,0,0.7995903491973877,-0.09457525610923767,-1.9244483709335327,8.446840286254883,0,-0.29504814743995667,7.359362602233887,4,0
6162,98.1462173461914,-9.035154342651367,0.12759985029697418,-10.164361000061035,-10.291960716247559,254.54734802246094,0.0001131296157836914,0.01569526456296444,0,0.8029546737670898,-0.10240060091018677,-1.9163694381713867,8.446840286254883,0,-0.29504814743995667,7.359362602233887,4,0
6173,98.04707336425781,-9.146872520446777,0.12759985029697418,-10.091996192932129,-10.219595909118652,254.91127014160156,0.0001131296157836914,0.01569526456296444,0,0.8064498901367188,-0.11095760017633438,-1.9074499607086182,8.446840286254883,0,-0.29504814743995667,7.359362602233887,4,0
6223,97.56584930419922,-9.672800064086914,0.12759985029697418,-10.15917682647705,-10.286776542663574,255.21478271484375,0.0001131296157836914,0.01569526456296444,0,0.8215659856796265,-0.1515171080827713,-1.865084171295166,8.446840286254883,0,-0.29504814743995667,7.359362602233887,4,0
6278,97.02070617675781,-10.229693412780762,0.12759985029697418,-10.043279647827148,-10.170879364013672,255.85601806640625,0.00011539459228515625,-0.024254754185676575,0,0.8341629505157471,-0.19623330235481262,-1.816320538520813,8.446840286254883,0,-0.31754401326179504,7.401927947998047,4,0
6289,96.91736602783203,-10.331966400146484,0.12759985029697418,-10.02718448638916,-10.154784202575684,255.85601806640625,0.00011539459228515625,-0.024254754185676575,0,0.8362061977386475,-0.2044638842344284,-1.8067572116851807,8.446840286254883,0,-0.31754401326179504,7.401927947998047,4,0
6298,96.80440521240234,-10.441160202026367,0.12759985029697418,-9.596755981445312,-9.724355697631836,256.078857421875,0.00011539459228515625,-0.024254754185676575,0,0.8383469581604004,-0.21337898075580597,-1.7963380813598633,8.446840286254883,0,-0.31754401326179504,7.401927947998047,4,0
6359,96.71448516845703,-10.526224136352539,0.12759985029697418,-9.962069511413574,-10.089669227600098,257.5141296386719,0.00011539459228515625,-0.024254754185676575,0,0.8404024243354797,-0.2219865918159485,-1.786198377609253,8.446840286254883,0,-0.31754401326179504,7.401927947998047,4,0
6412,96.14249420166016,-10.99411392211914,0.12759985029697418,-8.583528518676758,-8.711128234863281,258.9091796875,0.001952052116394043,0.0006525508360937238,0,0.8484165072441101,-0.27017560601234436,-1.7209104299545288,8.446840286254883,0,-0.2455689013004303,7.437772274017334,4,0
6423,96.03132629394531,-11.110888481140137,0.12759985029697418,-13.015482902526855,-13.143082618713379,259.1733093261719,0.001952052116394043,0.0006525508360937238,0,0.8484809398651123,-0.2763972878456116,-1.7126935720443726,8.446840286254883,0,-0.2455689013004303,7.437772274017334,4,0
6433,95.9085464477539,-11.318978309631348,0.12759985029697418,-18.714771270751953,-18.842370986938477,259.1733093261719,0.001952052116394043,0.0006525508360937238,0,0.8474685549736023,-0.285123735666275,-1.7066272497177124,8.446840286254883,0,-0.2455689013004303,7.437772274017334,4,0
6487,95.27000427246094,-12.384953498840332,0.12759985029697418,-19.797399520874023,-19.924999237060547,259.193603515625,0.001952052116394043,0.0006525508360937238,0,0.8503836393356323,-0.3144463896751404,-1.6683381795883179,8.446840286254883,0,-0.2455689013004303,7.437772274017334,4,0
6535,94.63108825683594,-14.326930046081543,0.12759985029697418,-40.46083068847656,-40.58843231201172,259.3538818359375,0.001952052116394043,0.0006525508360937238,0,0.8193272352218628,-0.3460038900375366,-1.6236438751220703,8.446840286254883,0,-0.2455689013004303,7.437772274017334,4,0
6591,93.80390167236328,-16.02607536315918,0.12759985029697418,-30.70308494567871,-30.830684661865234,259.4155578613281,0.002270936965942383,0.013832632452249527,0,0.7817724943161011,-0.38889190554618835,-1.5884382724761963,8.446840286254883,0,-0.1452048271894455,7.404168128967285,4,0
6641,92.93515014648438,-17.628602981567383,0.12759985029697418,-30.930198669433594,-31.057798385620117,259.3345642089844,0.002270936965942383,0.013832632452249527,0,0.7843334674835205,-0.43109384179115295,-1.560926914215088,8.446840286254883,0,-0.1452048271894455,7.404168128967285,4,0
6694,91.96202087402344,-18.926509857177734,0.12759985029697418,-23.94329833984375,-24.070898056030273,259.0552062988281,0.0022052526473999023,-0.00555378757417202,0,0.8355441093444824,-0.4572174549102783,-1.532641053199768,8.446840286254883,0,-0.06647931039333344,7.401927947998047,4,0
6745,90.99405670166016,-19.414690017700195,0.12759985029697418,-9.34117317199707,-9.468772888183594,259.1025390625,0.0022052526473999023,-0.00555378757417202,0,0.9868317246437073,-0.4651575982570648,-1.5235285758972168,8.446840286254883,0,-0.06647931039333344,7.401927947998047,4,0
6797,89.95364379882812,-19.943214416503906,0.12759985029697418,-9.858662605285645,-9.986262321472168,259.3741760253906,0.002178192138671875,-0.043767817318439484,0,1.0595977306365967,-0.477057546377182,-1.4953498840332031,8.446840286254883,0,-0.002929641865193844,7.377285003662109,4,0
6852,88.87006378173828,-20.002723693847656,0.12759985029697418,0.740443229675293,0.61284339427948,259.53411865234375,0.002178192138671875,-0.043767817318439484,0,2.1616873741149902,-0.6200706362724304,-1.4291859865188599,8.446840286254883,0,-0.002929641865193844,7.377285003662109,4,0
6906,87.76264190673828,-20.392663955688477,0.12759985029697418,-6.886083602905273,-7.013683319091797,259.6847229003906,0.0021088123321533203,0.010718286037445068,0,2.3121092319488525,-0.6215507388114929,-1.525295615196228,8.446840286254883,0,0.05421951785683632,7.455695152282715,4,0
6961,86.6371078491211,-20.785375595092773,0.12759985029697418,-7.04825496673584,-7.175854682922363,260.3537902832031,0.0021088123321533203,0.010718286037445068,0,2.4825334548950195,-0.6029462218284607,-1.616003394126892,8.446840286254883,0,0.05421951785683632,7.455695152282715,4,0
7014,85.55320739746094,-20.921722412109375,0.12759985029697418,-1.944908618927002,-2.0725085735321045,260.6936950683594,0.002032041549682617,-0.007178003899753094,0,2.882021903991699,0.03961211442947388,-1.7447468042373657,8.446840286254883,0,0.13547997176647186,7.375044822692871,4,0
7070,84.35750579833984,-20.943666458129883,0.12759985029697418,-0.1568470001220703,-0.2844468355178833,261.5142517089844,0.002032041549682617,-0.007178003899753094,0,-2.931701898574829,-0.19736245274543762,-1.7444803714752197,8.446840286254883,0,0.13547997176647186,7.375044822692871,4,0
7128,83.16960906982422,-20.896818161010742,0.12759985029697418,1.0777969360351562,0.9501971006393433,262.1071472167969,0.0019814372062683105,-0.005643184296786785,0,-2.549395799636841,-0.03672876954078674,-1.7392747402191162,8.446840286254883,0,0.1889093667268753,7.444493770599365,4,0
7185,81.9649429321289,-20.65512466430664,0.12759985029697418,4.319594383239746,4.191994667053223,261.8945617675781,0.0019814372062683105,-0.005643184296786785,0,-2.4674010276794434,0.2359198033809662,-1.6952807903289795,8.446840286254883,0,0.1889093667268753,7.444493770599365,4,0
7242,80.80142974853516,-20.380720138549805,0.12759985029697418,4.903196334838867,4.775596618652344,262.0130310058594,0.0017830729484558105,0.0008239154703915119,0,-2.4961767196655273,0.43259570002555847,-1.722360610961914,8.446840286254883,0,0.24770715832710266,7.451214790344238,4,0
7302,80.62093353271484,-20.35679054260254,0.12759985029697418,1.3935251235961914,1.2659252882003784,260.8389892578125,0.0017830729484558105,0.0008239154703915119,0,-2.52972674369812,0.45448020100593567,-1.7393848896026611,8.446840286254883,0,0.24770715832710266,7.451214790344238,4,0
7357,79.50260162353516,-20.785070419311523,0.12759985029697418,-7.735857963562012,-7.863457679748535,260.08056640625,0.0015407204627990723,0.0058530597016215324,0,-2.670412302017212,0.44264718890190125,-1.8364275693893433,8.446840286254883,0,0.2920984625816345,7.415369510650635,4,0
7367,79.2780532836914,-20.834165573120117,0.12759985029697418,-3.6139936447143555,-3.741593599319458,259.560791015625,0.0015407204627990723,0.0058530597016215324,0,-2.733323574066162,0.5045496225357056,-1.83767569065094,8.446840286254883,0,0.2920984625816345,7.415369510650635,4,0
7415,79.23880004882812,-20.839866638183594,0.12759985029697418,-2.8980135917663574,-3.02561354637146,259.4173278808594,0.0015407204627990723,0.0058530597016215324,0,-2.748680830001831,0.5190622210502625,-1.8368866443634033,8.446840286254883,0,0.2920984625816345,7.415369510650635,4,0
7468,77.18449401855469,-21.092243194580078,0.12759985029697418,-3.07684326171875,-3.2044432163238525,258.8877868652344,0.0010665059089660645,0.01566547341644764,0,-3.1392858028411865,0.7513850331306458,-1.867849349975586,8.446840286254883,0,0.3395542502403259,7.410889148712158,4,0
7479,76.9519271850586,-21.162353515625,0.12759985029697418,-6.289096832275391,-6.416696548461914,258.8877868652344,0.0010665059089660645,0.01566547341644764,0,3.136080741882324,0.7163204550743103,-1.851607084274292,8.446840286254883,0,0.3395542502403259,7.410889148712158,4,0
7527,75.91411590576172,-21.472055435180664,0.12759985029697418,-6.230146884918213,-6.357746601104736,258.70751953125,0.0010665059089660645,0.01566547341644764,0,3.0990116596221924,0.5612951517105103,-1.774093508720398,8.446840286254883,0,0.3395542502403259,7.410889148712158,4,0
7581,74.7340087890625,-21.84784698486328,0.12759985029697418,-6.810612678527832,-6.9382123947143555,258.8482666015625,0.00032573938369750977,-0.019814202561974525,0,3.0522031784057617,0.38087499141693115,-1.6532578468322754,8.446840286254883,0,0.36475709080696106,7.375044822692871,4,0
7592,74.51344299316406,-21.910093307495117,0.12759985029697418,-5.820890426635742,-5.948490142822266,259.0251159667969,0.00032573938369750977,-0.019814202561974525,0,3.0412187576293945,0.348476380109787,-1.6258351802825928,8.446840286254883,0,0.36475709080696106,7.375044822692871,4,0
7644,73.36756896972656,-22.2052059173584,0.12759985029697418,-5.531408786773682,-5.659008502960205,259.16070556640625,0.00032573938369750977,-0.019814202561974525,0,2.976381778717041,0.18998369574546814,-1.4758825302124023,8.446840286254883,0,0.36475709080696106,7.375044822692871,4,0
7699,72.145751953125,-22.409948348999023,0.12759985029697418,-3.3466410636901855,-3.474241018295288,259.27410888671875,-0.00008589029312133789,-0.017981363460421562,0,2.5100371837615967,0.016064215451478958,-1.2819273471832275,8.446840286254883,0,0.35480111837387085,7.424330711364746,4,0
7708,71.91629791259766,-22.394668579101562,0.12759985029697418,1.9474143981933594,1.8198145627975464,259.27410888671875,-0.00008589029312133789,-0.017981363460421562,0,2.451288938522339,-0.031125538051128387,-1.2453200817108154,8.446840286254883,0,0.35480111837387085,7.424330711364746,4,0
7760,70.77133178710938,-22.273670196533203,0.12759985029697418,2.5464773178100586,2.418877363204956,258.6175842285156,-0.00008589029312133789,-0.017981363460421562,0,2.287569046020508,-0.150142103433609,-1.0433586835861206,8.446840286254883,0,0.35480111837387085,7.424330711364746,4,0
7769,70.55081939697266,-22.286191940307617,0.12759985029697418,-1.2194719314575195,-1.3470717668533325,258.6175842285156,-0.00008589029312133789,-0.017981363460421562,0,2.2631735801696777,-0.11557310819625854,-1.0070465803146362,8.446840286254883,0,0.35480111837387085,7.390726566314697,4,0
7821,69.42425537109375,-22.36325454711914,0.12759985029697418,-1.4046354293823242,-1.5322352647781372,257.7666320800781,-0.0003337264060974121,-0.004525624681264162,0,2.1989102363586426,-0.034880418330430984,-0.8241004943847656,8.446840286254883,0,0.3542875647544861,7.390726566314697,4,0
7830,69.1952133178711,-22.40011978149414,0.12759985029697418,-3.5916643142700195,-3.719264268875122,257.7666320800781,-0.0003337264060974121,-0.004525624681264162,0,2.238579511642456,-0.03157207369804382,-0.7882495522499084,8.446840286254883,0,0.3542875647544861,7.390726566314697,4,0
7888,67.89530181884766,-22.61307716369629,0.12759985029697418,-3.56024169921875,-3.6878416538238525,256.96099853515625,-0.0003337264060974121,-0.004525624681264162,0,2.3399691581726074,-0.04795047268271446,-0.5648729205131531,8.446840286254883,0,0.3542875647544861,7.390726566314697,4,0
7943,66.63711547851562,-22.902631759643555,0.12759985029697418,-5.150389671325684,-5.277989387512207,256.7314758300781,-0.0003845691680908203,-0.01412196084856987,0,2.580972909927368,0.1501641869544983,-0.28914931416511536,8.446840286254883,0,0.32091057300567627,7.372804164886475,4,0
7954,66.40591430664062,-22.95757293701172,0.12759985029697418,-5.095606327056885,-5.223206043243408,256.7314758300781,-0.0003845691680908203,-0.01412196084856987,0,2.626603603363037,0.1734226942062378,-0.23343949019908905,8.446840286254883,0,0.32091057300567627,7.372804164886475,4,0
8011,65.0809555053711,-23.22901153564453,0.12759985029697418,-4.536960601806641,-4.664560317993164,256.9881286621094,-0.0003845691680908203,-0.01412196084856987,0,2.89349365234375,0.2504993975162506,0.0949568897485733,8.446840286254883,0,0.32091057300567627,7.372804164886475,4,0
8064,63.84012222290039,-23.564817428588867,0.12759985029697418,-6.1539201736450195,-6.281519889831543,256.4281005859375,-0.0003685951232910156,0.014600029215216637,0,3.0771985054016113,0.2541668713092804,0.35039055347442627,8.446840286254883,0,0.28728705644607544,7.370563983917236,4,0
8074,63.60231399536133,-23.632827758789062,0.12759985029697418,-6.410926818847656,-6.53852653503418,256.4281005859375,-0.0003685951232910156,0.014600029215216637,0,-3.0725369453430176,0.2178000807762146,0.4014725089073181,8.446840286254883,0,0.28728705644607544,7.370563983917236,4,0
8085,63.34501266479492,-23.704965591430664,0.12759985029697418,-6.774162292480469,-6.901762008666992,256.4281005859375,-0.0003685951232910156,0.014600029215216637,0,-3.0214128494262695,0.20391115546226501,0.435860812664032,8.446840286254883,0,0.28728705644607544,7.370563983917236,4,0
8135,62.14085388183594,-24.042606353759766,0.12759985029697418,-6.557751655578613,-6.685351371765137,255.92991638183594,-0.0003685951232910156,0.014600029215216637,0,-2.965691328048706,0.18997526168823242,0.5538219213485718,8.446840286254883,0,0.28728705644607544,7.370563983917236,4,0
8188,60.86576843261719,-24.39617156982422,0.12759985029697418,-6.640058517456055,-6.767658233642578,255.5601043701172,-0.0004234910011291504,0.014689437113702297,0,-2.977463960647583,0.2332158088684082,0.5833456516265869,8.446840286254883,0,0.2865482568740845,7.399687767028809,4,0
8198,60.61984634399414,-24.480045318603516,0.12759985029697418,-8.30836009979248,-8.435959815979004,255.5601043701172,-0.0004234910011291504,0.014689437113702297,0,-2.9882283210754395,0.2502053380012512,0.5765868425369263,8.446840286254883,0,0.2865482568740845,7.399687767028809,4,0
8209,60.35116195678711,-24.57115936279297,0.12759985029697418,-8.031289100646973,-8.158888816833496,255.5601043701172,-0.0004234910011291504,0.014689437113702297,0,-3.0009241104125977,0.26962557435035706,0.5674083232879639,8.446840286254883,0,0.2865482568740845,7.399687767028809,4,0
8259,59.10641860961914,-24.978139877319336,0.12759985029697418,-7.980113506317139,-8.10771369934082,255.2418975830078,-0.0004234910011291504,0.014689437113702297,0,-3.06853985786438,0.36103010177612305,0.5138540863990784,8.446840286254883,0,0.2865482568740845,7.399687767028809,4,0
8314,57.7338752746582,-25.445796966552734,0.12759985029697418,-8.479597091674805,-8.607196807861328,254.97341918945312,-0.00035840272903442383,0.019286448135972023,0,3.077785015106201,0.4593001902103424,0.40929409861564636,8.446840286254883,0,0.28067508339881897,7.40864896774292,4,0
8324,57.47772979736328,-25.507246017456055,0.12759985029697418,-5.786464691162109,-5.914064407348633,254.97341918945312,-0.00035840272903442383,0.019286448135972023,0,3.045440673828125,0.4734494090080261,0.3884370028972626,8.446840286254883,0,0.28067508339881897,7.40864896774292,4,0
8334,57.197715759277344,-25.570226669311523,0.12759985029697418,-5.4987711906433105,-5.626370906829834,254.97341918945312,-0.00035840272903442383,0.019286448135972023,0,3.009035348892212,0.48706790804862976,0.3661474883556366,8.446840286254883,0,0.28067508339881897,7.40864896774292,4,0
8389,55.78987121582031,-25.887357711791992,0.12759985029697418,-5.693573951721191,-5.821173667907715,254.16729736328125,-0.00035840272903442383,0.019286448135972023,0,2.8190462589263916,0.5375123620033264,0.25552570819854736,8.446840286254883,0,0.28067508339881897,7.40864896774292,4,0
8442,54.41265106201172,-26.1729793548584,0.12759985029697418,-5.2363433837890625,-5.363943099975586,253.47265625,-0.000494837760925293,-0.021013746038079262,0,2.6522586345672607,0.5634888410568237,0.1896175742149353,8.446840286254883,0,0.2776321768760681,7.375044822692871,4,0
8452,54.148033142089844,-26.206260681152344,0.12759985029697418,-3.0910239219665527,-3.2186238765716553,253.47265625,-0.000494837760925293,-0.021013746038079262,0,2.6227362155914307,0.6692472696304321,0.19122722744941711,8.446840286254883,0,0.2776321768760681,7.375044822692871,4,0
8462,53.88274002075195,-26.23776626586914,0.12759985029697418,-2.9002838134765625,-3.027883768081665,253.47265625,-0.000494837760925293,-0.021013746038079262,0,2.5837159156799316,0.7571806907653809,0.20056334137916565,8.446840286254883,0,0.2776321768760681,7.375044822692871,4,0
8473,53.59859848022461,-26.268192291259766,0.12759985029697418,-2.480919361114502,-2.6085193157196045,253.3870086669922,-0.000494837760925293,-0.021013746038079262,0,2.5535833835601807,0.8367704153060913,0.21169215440750122,8.446840286254883,0,0.2776321768760681,7.375044822692871,4,0
8522,52.3249626159668,-26.37122344970703,0.12759985029697418,-2.0015344619750977,-2.1291344165802,252.9725341796875,-0.000494837760925293,-0.021013746038079262,0,2.5514276027679443,1.0503696203231812,0.249733567237854,8.446840286254883,0,0.2776321768760681,7.375044822692871,4,0
8581,52.1175422668457,-26.37977409362793,0.12759985029697418,-0.8190231323242188,-0.9466229677200317,252.3714599609375,-0.0004546642303466797,0.008892877958714962,0,2.568073034286499,1.0621886253356934,0.2970502972602844,8.446840286254883,0,0.24538066983222961,7.348160743713379,4,0
8590,51.84849166870117,-26.3858585357666,0.12759985029697418,-0.8290634155273438,-0.9566632509231567,251.87582397460938,-0.0004546642303466797,0.008892877958714962,0,2.633909225463867,1.071646809577942,0.39409521222114563,8.446840286254883,0,0.24538066983222961,7.348160743713379,4,0
8601,51.58045196533203,-26.40078353881836,0.12759985029697418,-1.6433734893798828,-1.7709733247756958,251.87582397460938,-0.0004546642303466797,0.008892877958714962,0,2.7051351070404053,1.0781632661819458,0.4999983608722687,8.446840286254883,0,0.24538066983222961,7.348160743713379,4,0
8659,51.29214096069336,-26.423221588134766,0.12759985029697418,-2.0856704711914062,-2.213270425796509,251.3697509765625,-0.0004546642303466797,0.008892877958714962,0,2.7674458026885986,1.0817092657089233,0.6219334006309509,8.446840286254883,0,0.24538066983222961,7.348160743713379,4,0
8709,48.71580123901367,-26.639062881469727,0.12759985029697418,-2.070533275604248,-2.1981332302093506,250.97340393066406,-0.0004546642303466797,0.008892877958714962,0,3.038808822631836,1.034744143486023,1.7554235458374023,8.446840286254883,0,0.24538066983222961,7.348160743713379,4,0
8767,47.193302154541016,-26.909648895263672,0.12759985029697418,-4.647603511810303,-4.775203227996826,249.9744873046875,-0.00033783912658691406,0.009995563887059689,0,-2.8677773475646973,0.8512769937515259,2.357630491256714,8.446840286254883,0,0.21856698393821716,7.377285003662109,4,0
8817,45.7918701171875,-27.184062957763672,0.12759985029697418,-5.170363426208496,-5.2979631423950195,249.10853576660156,-0.00033783912658691406,0.009995563887059689,0,-2.7210779190063477,0.6291844844818115,2.735142469406128,8.446840286254883,0,0.21856698393821716,7.377285003662109,4,0
8873,44.27862548828125,-27.56011199951172,0.12759985029697418,-6.625227928161621,-6.7528276443481445,248.54400634765625,-0.0003520846366882324,0.02069459669291973,0,-2.6777594089508057,0.4083700478076935,3.0626370906829834,8.446840286254883,0,0.19340644776821136,7.448974609375,4,0
8927,42.78324508666992,-27.88873863220215,0.12759985029697418,-5.918951988220215,-6.046551704406738,248.2036590576172,-0.0003520846366882324,0.02069459669291973,0,-2.6799607276916504,0.2398528903722763,-2.912794351577759,8.446840286254883,0,0.19340644776821136,7.448974609375,4,0
8981,41.24596405029297,-28.248327255249023,0.12759985029697418,-6.416446685791016,-6.544046401977539,247.31875610351562,-0.0003979206085205078,-0.018443306908011436,0,-2.6789662837982178,0.11126825213432312,-2.584507703781128,8.446840286254883,0,0.18988251686096191,7.4467339515686035,4,0
9035,39.71772003173828,-28.63486099243164,0.12759985029697418,-7.050642967224121,-7.1782426834106445,246.39752197265625,-0.0003979206085205078,-0.018443306908011436,0,-2.670226573944092,-0.009369333274662495,-2.249452590942383,8.446840286254883,0,0.18988251686096191,7.4467339515686035,4,0
9089,38.205020904541016,-28.965816497802734,0.12759985029697418,-6.156160354614258,-6.283760070800781,245.94029235839844,-0.0004869699478149414,-0.03405226767063141,0,-2.6533570289611816,-0.13163051009178162,-1.9071136713027954,8.446840286254883,0,0.17110376060009003,7.404168128967285,4,0
9145,36.53419876098633,-29.199398040771484,0.12759985029697418,-3.7191786766052246,-3.846778631210327,245.04493713378906,-0.0004869699478149414,-0.03405226767063141,0,3.0825986862182617,-0.13632017374038696,-1.4887672662734985,8.446840286254883,0,0.17110376060009003,7.404168128967285,4,0
9201,34.91838836669922,-29.347707748413086,0.12759985029697418,-2.537585735321045,-2.6651856899261475,244.01254272460938,-0.00034171342849731445,0.022370977327227592,0,3.0485243797302246,-0.08102594316005707,-1.0864933729171753,8.446840286254883,0,0.1572774201631546,7.451214790344238,4,0
9257,33.249366760253906,-29.388660430908203,0.12759985029697418,-0.5754480361938477,-0.7030478715896606,243.2752685546875,-0.00034171342849731445,0.022370977327227592,0,3.105168342590332,-0.09723661839962006,-0.6684470772743225,8.446840286254883,0,0.1572774201631546,7.451214790344238,4,0
9315,31.566787719726562,-29.45421600341797,0.12759985029697418,-1.0605812072753906,-1.1881810426712036,242.67250061035156,-0.00040262937545776367,0.006136152893304825,0,-3.11392879486084,-0.1693548858165741,-0.25831520557403564,8.446840286254883,0,0.15035897493362427,7.457935333251953,4,0
9372,29.876787185668945,-29.728233337402344,0.12759985029697418,-4.657876014709473,-4.785475730895996,242.54043579101562,-0.00040262937545776367,0.006136152893304825,0,-3.0845465660095215,-0.21033047139644623,0.130224347114563,8.446840286254883,0,0.15035897493362427,7.457935333251953,4,0
9425,28.303913116455078,-29.883785247802734,0.12759985029697418,-2.810889720916748,-2.9384896755218506,242.01158142089844,-0.00037658214569091797,-0.008995983749628067,0,-3.0691230297088623,-0.40380823612213135,0.47155892848968506,8.446840286254883,0,0.13952314853668213,7.440013408660889,4,0
9434,27.993022918701172,-29.943254470825195,0.12759985029697418,-5.599542140960693,-5.727141857147217,242.01158142089844,-0.00037658214569091797,-0.008995983749628067,0,-3.0778212547302246,-0.4064711928367615,0.5376150012016296,8.446840286254883,0,0.13952314853668213,7.440013408660889,4,0
9483,26.548826217651367,-30.217805862426758,0.12759985029697418,-5.590897560119629,-5.718497276306152,241.6435089111328,-0.00037658214569091797,-0.008995983749628067,0,-3.1184074878692627,-0.41220349073410034,0.8409116864204407,8.446840286254883,0,0.13952314853668213,7.440013408660889,4,0
9537,24.9290771484375,-30.381546020507812,0.12759985029697418,-2.9190473556518555,-3.046647310256958,240.8839111328125,-0.00040531158447265625,-0.006000847090035677,0,-3.0371575355529785,-0.4784405827522278,1.1500605344772339,8.446840286254883,0,0.11997600644826889,7.424330711364746,4,0
9547,24.59466552734375,-30.42838478088379,0.12759985029697418,-4.499770164489746,-4.6273698806762695,240.8839111328125,-0.00040531158447265625,-0.006000847090035677,0,-3.0484633445739746,-0.47848042845726013,1.207956075668335,8.446840286254883,0,0.11997600644826889,7.424330711364746,4,0
9598,23.03741455078125,-30.67388343811035,0.12759985029697418,-4.690692901611328,-4.818292617797852,240.10626220703125,-0.00040531158447265625,-0.006000847090035677,0,-3.098360776901245,-0.47068482637405396,1.4696741104125977,8.446840286254883,0,0.11997600644826889,7.424330711364746,4,0
9654,21.328535079956055,-30.903636932373047,0.12759985029697418,-3.9811320304870605,-4.108731746673584,239.64218139648438,-0.00043076276779174805,-0.013525919988751411,0,-3.131059408187866,-0.4487192630767822,1.7155377864837646,8.446840286254883,0,0.13801974058151245,7.440013408660889,4,0
9663,21.01456642150879,-30.931236267089844,0.12759985029697418,-2.5985217094421387,-2.726121664047241,239.29013061523438,-0.00043076276779174805,-0.013525919988751411,0,-3.0871081352233887,-0.47192415595054626,1.7571264505386353,8.446840286254883,0,0.13801974058151245,7.440013408660889,4,0
9716,19.38843536376953,-31.080305099487305,0.12759985029697418,-2.7132949829101562,-2.840894937515259,238.76596069335938,-0.00043076276779174805,-0.013525919988751411,0,-2.9440135955810547,-0.5379018187522888,1.9494484663009644,8.446840286254883,0,0.13801974058151245,7.440013408660889,4,0
9770,17.70810890197754,-31.33531951904297,0.12759985029697418,-4.605010509490967,-4.73261022567749,237.85708618164062,-0.0003655552864074707,-0.003676259657368064,0,-2.9620370864868164,-0.49987858533859253,2.113546133041382,8.446840286254883,0,0.11834073811769485,7.3638434410095215,4,0
9780,17.391843795776367,-31.358497619628906,0.12759985029697418,-1.9355268478393555,-2.063126802444458,237.85708618164062,-0.0003655552864074707,-0.003676259657368064,0,-2.9133734703063965,-0.4704105854034424,2.1343283653259277,8.446840286254883,0,0.11834073811769485,7.3638434410095215,4,0
9835,15.680103302001953,-31.435972213745117,0.12759985029697418,-1.2521772384643555,-1.3797770738601685,236.6153106689453,-0.0003655552864074707,-0.003676259657368064,0,-2.746399402618408,-0.3640809655189514,2.24696946144104,8.446840286254883,0,0.11834073811769485,7.3638434410095215,4,0
9885,14.115591049194336,-31.529834747314453,0.12759985029697418,-1.7879352569580078,-1.9155350923538208,235.3455810546875,-0.0003655552864074707,-0.003676259657368064,0,-2.735689878463745,-0.22815757989883423,2.317408800125122,8.446840286254883,0,0.11834073811769485,7.3638434410095215,4,0
9937,12.44255542755127,-31.87187385559082,0.12759985029697418,-6.359336853027344,-6.486936569213867,234.69064331054688,-0.0003727078437805176,0.013027936220169067,0,-2.766709804534912,-0.1558946967124939,2.367931365966797,8.446840286254883,0,0.08468856662511826,7.453454971313477,4,0
9947,12.118054389953613,-31.897233963012695,0.12759985029697418,-1.8033447265625,-1.930944561958313,234.0697479248047,-0.0003727078437805176,0.013027936220169067,0,-2.772392988204956,-0.09535838663578033,2.3733339309692383,8.446840286254883,0,0.08468856662511826,7.453454971313477,4,0
10004,10.314107894897461,-31.95487403869629,0.12759985029697418,-0.8500452041625977,-0.9776450395584106,232.73118591308594,-0.0003727078437805176,0.013027936220169067,0,-2.771047830581665,0.06584358215332031,2.39115309715271,8.446840286254883,0,0.08468856662511826,7.453454971313477,4,0
10057,8.645427703857422,-31.992704391479492,0.12759985029697418,-0.5980710983276367,-0.7256709337234497,232.0665283203125,-0.0003558993339538574,0.0038562812842428684,0,-2.890429735183716,0.1254194676876068,2.3676772117614746,8.446840286254883,0,0.05735184624791145,7.381765365600586,4,0
10067,8.31688404083252,-32.007049560546875,0.12759985029697418,-1.1951189041137695,-1.3227187395095825,231.50857543945312,-0.0003558993339538574,0.0038562812842428684,0,-2.9653985500335693,0.11768694967031479,2.356872320175171,8.446840286254883,0,0.05735184624791145,7.381765365600586,4,0
10077,7.979295253753662,-32.020992279052734,0.12759985029697418,-1.17315673828125,-1.300756573677063,231.50857543945312,-0.0003558993339538574,0.0038562812842428684,0,-3.041583776473999,0.10515892505645752,2.344669818878174,8.446840286254883,0,0.05735184624791145,7.381765365600586,4,0
10125,6.452126979827881,-32.07034683227539,0.12759985029697418,-0.9080371856689453,-1.0356370210647583,231.19900512695312,-0.0003558993339538574,0.0038562812842428684,0,3.0439140796661377,0.0480792298913002,2.2956583499908447,8.446840286254883,0,0.05735184624791145,7.381765365600586,4,0
10180,4.705939292907715,-32.15321731567383,0.12759985029697418,-1.4109315872192383,-1.5385314226150513,230.5853271484375,-0.00037926435470581055,-0.0055016521364450455,0,2.848461866378784,0.1249200701713562,2.2554521560668945,8.446840286254883,0,0.05336901172995567,7.3929667472839355,4,0
10189,4.3766984939575195,-32.177391052246094,0.12759985029697418,-2.3989439010620117,-2.5265438556671143,230.5853271484375,-0.00037926435470581055,-0.0055016521364450455,0,2.830142021179199,0.14946454763412476,2.253150463104248,8.446840286254883,0,0.05336901172995567,7.3929667472839355,4,0
10201,4.021541595458984,-32.21070098876953,0.12759985029697418,-3.2143917083740234,-3.341991662979126,230.1156768798828,-0.00037926435470581055,-0.0055016521364450455,0,2.8104145526885986,0.1794203817844391,2.2521233558654785,8.446840286254883,0,0.05336901172995567,7.3929667472839355,4,0
10251,2.3868231773376465,-32.38593673706055,0.12759985029697418,-3.331662178039551,-3.4592621326446533,229.6166534423828,-0.00037926435470581055,-0.0055016521364450455,0,2.7392938137054443,0.27301743626594543,2.2494354248046875,8.446840286254883,0,0.05336901172995567,7.3929667472839355,4,0
10302,0.7400189638137817,-32.203094482421875,0.12759985029697418,4.041373252868652,3.91377329826355,228.5165557861328,-0.0004061460494995117,-0.011827203445136547,0,2.86248779296875,0.28052425384521484,2.3204779624938965,8.446840286254883,0,0.04341360181570053,7.348160743713379,4,0
10312,0.4149385094642639,-32.1705436706543,0.12759985029697418,2.9906435012817383,2.8630435466766357,228.5165557861328,-0.0004061460494995117,-0.011827203445136547,0,2.897167205810547,0.28319981694221497,2.336517572402954,8.446840286254883,0,0.04341360181570053,7.348160743713379,4,0
10323,0.08927197009325027,-32.14659881591797,0.12759985029697418,2.393202781677246,2.2656028270721436,228.0145721435547,-0.0004061460494995117,-0.011827203445136547,0,2.943988561630249,0.2889077663421631,2.3535451889038086,8.446840286254883,0,0.04341360181570053,7.348160743713379,4,0
10376,-1.6258207559585571,-32.035247802734375,0.12759985029697418,2.206144332885742,2.0785443782806396,227.6265106201172,-0.0004061460494995117,-0.011827203445136547,0,3.1139886379241943,0.305076003074646,2.4481799602508545,8.446840286254883,0,0.04341360181570053,7.348160743713379,4,0
10431,-3.411301374435425,-31.857074737548828,0.12759985029697418,3.416205406188965,3.2886054515838623,226.37779235839844,-0.000315248966217041,0.026848744601011276,0,-3.0136311054229736,0.15699502825737,2.537385940551758,8.446840286254883,0,0.03857264667749405,7.36608362197876,4,0
10442,-3.7313530445098877,-31.822092056274414,0.12759985029697418,3.6065807342529297,3.478980779647827,225.7066650390625,-0.000315248966217041,0.026848744601011276,0,-3.0124330520629883,0.12774275243282318,2.5428192615509033,8.446840286254883,0,0.03857264667749405,7.36608362197876,4,0
10452,-4.077841758728027,-31.78244400024414,0.12759985029697418,3.889340400695801,3.7617404460906982,225.7066650390625,-0.000315248966217041,0.026848744601011276,0,-3.018035650253296,0.09854114800691605,2.545304536819458,8.446840286254883,0,0.03857264667749405,7.36608362197876,4,0
10507,-5.8109588623046875,-31.525718688964844,0.12759985029697418,4.881397247314453,4.75379753112793,224.31544494628906,-0.000315248966217041,0.026848744601011276,0,-3.086299180984497,-0.025195574387907982,2.5425074100494385,8.446840286254883,0,0.03857264667749405,7.36608362197876,4,0
10560,-7.458703994750977,-30.95455551147461,0.12759985029697418,11.095558166503906,10.967958450317383,223.70733642578125,-0.00034874677658081055,0.015725035220384598,0,3.024256706237793,-0.02019219845533371,2.476439952850342,8.446840286254883,0,-0.0011573992669582367,7.4467339515686035,4,0
10569,-7.769038200378418,-30.708087921142578,0.12759985029697418,25.38265037536621,25.255050659179688,223.15480041503906,-0.00034874677658081055,0.015725035220384598,0,2.992016315460205,-0.007148989476263523,2.4577043056488037,8.446840286254883,0,-0.0011573992669582367,7.4467339515686035,4,0
10580,-8.103087425231934,-30.40609359741211,0.12759985029697418,28.88062858581543,28.753028869628906,223.15480041503906,-0.00034874677658081055,0.015725035220384598,0,2.960646629333496,0.007154586724936962,2.436922550201416,8.446840286254883,0,-0.0011573992669582367,7.4467339515686035,4,0
10639,-9.815572738647461,-28.66942596435547,0.12759985029697418,30.1026668548584,29.975067138671875,222.12437438964844,-0.00034874677658081055,0.015725035220384598,0,2.831352949142456,0.07942600548267365,2.322601795196533,8.446840286254883,0,-0.0011573992669582367,7.4467339515686035,4,0
10692,-11.311829566955566,-27.024227142333984,0.12759985029697418,30.806241989135742,30.67864227294922,221.19564819335938,-0.0002129077911376953,-0.013987882994115353,0,3.006531238555908,0.17195402085781097,2.238757848739624,8.446840286254883,0,0.00613432377576828,7.377285003662109,4,0
10703,-11.582235336303711,-26.76955223083496,0.12759985029697418,24.637357711791992,24.50975799560547,221.19564819335938,-0.0002129077911376953,-0.013987882994115353,0,3.0724215507507324,0.15015992522239685,2.238253355026245,8.446840286254883,0,0.00613432377576828,7.377285003662109,4,0
10713,-11.872610092163086,-26.512836456298828,0.12759985029697418,23.13704490661621,23.009445190429688,221.19564819335938,-0.0002129077911376953,-0.013987882994115353,0,-3.139378786087036,0.12444358319044113,2.2358806133270264,8.446840286254883,0,0.00613432377576828,7.377285003662109,4,0
10766,-13.23642635345459,-25.238636016845703,0.12759985029697418,24.46433448791504,24.336734771728516,220.7668914794922,-0.0002129077911376953,-0.013987882994115353,0,-2.826631546020508,0.01442999392747879,2.1945741176605225,8.446840286254883,0,0.00613432377576828,7.377285003662109,4,0
10812,-14.378034591674805,-24.051246643066406,0.12759985029697418,25.741823196411133,25.61422348022461,220.12191772460938,-0.0002129077911376953,-0.013987882994115353,0,-2.796079635620117,0.07588335126638412,2.123850107192993,8.446840286254883,0,0.00613432377576828,7.377285003662109,4,0
10866,-15.63685131072998,-23.289501190185547,0.12759985029697418,13.582275390625,13.454675674438477,219.59304809570312,-0.00018328428268432617,0.006069079972803593,0,3.0244481563568115,0.2433939129114151,1.923166275024414,8.446840286254883,0,-0.0030403127893805504,7.437772274017334,4,0
10917,-16.806509017944336,-22.298927307128906,0.12759985029697418,19.466472625732422,19.3388729095459,219.25152587890625,-0.00018328428268432617,0.006069079972803593,0,2.5524535179138184,0.0991797000169754,1.7877415418624878,8.446840286254883,0,-0.0030403127893805504,7.437772274017334,4,0
10969,-17.931161880493164,-21.151098251342773,0.12759985029697418,22.043933868408203,21.91633415222168,218.80230712890625,0.00002485513687133789,0.021439621224999428,0,2.5574357509613037,-0.1704064905643463,1.8534348011016846,8.446840286254883,0,-0.014220664277672768,7.417609691619873,4,0
11020,-19.001033782958984,-20.629108428955078,0.12759985029697418,10.062414169311523,9.934814453125,218.7598114013672,0.00002485513687133789,0.021439621224999428,0,2.9448328018188477,-0.37801292538642883,1.8862231969833374,8.446840286254883,0,-0.014220664277672768,7.417609691619873,4,0
11073,-20.1001033782959,-20.420703887939453,0.12759985029697418,4.156736373901367,4.029136657714844,218.62429809570312,-0.00008368492126464844,-0.009003447368741035,0,-2.8176779747009277,-0.4158947169780731,1.8823981285095215,8.446840286254883,0,-0.00810128916054964,7.401927947998047,4,0
11128,-21.215442657470703,-20.260604858398438,0.12759985029697418,3.1237001419067383,2.9961001873016357,218.4098663330078,-0.00008368492126464844,-0.009003447368741035,0,-2.484614372253418,-0.2977302372455597,1.939225196838379,8.446840286254883,0,-0.00810128916054964,7.401927947998047,4,0
11185,-22.345638275146484,-20.334110260009766,0.12759985029697418,-1.178013801574707,-1.30561363697052,218.1019744873047,-0.000002562999725341797,0.012491467408835888,0,-2.13252854347229,-0.16063281893730164,2.0425968170166016,8.446840286254883,0,0.0004988221917301416,7.431051731109619,4,0
11237,-23.435710906982422,-20.64448356628418,0.12759985029697418,-5.7537946701049805,-5.881394386291504,217.95419311523438,-0.000002562999725341797,0.012491467408835888,0,-2.1527087688446045,0.06502700597047806,2.155693769454956,8.446840286254883,0,0.0004988221917301416,7.431051731109619,4,0
11290,-24.5500431060791,-21.171457290649414,0.12759985029697418,-9.744771003723145,-9.872370719909668,218.0192413330078,-0.00004756450653076172,-0.019262908026576042,0,-2.1901261806488037,0.2994564473628998,2.2444725036621094,8.446840286254883,0,-0.01603333279490471,7.36608362197876,4,0
11347,-25.763816833496094,-21.71504783630371,0.12759985029697418,-9.461339950561523,-9.588939666748047,217.91824340820312,-0.00004756450653076172,-0.019262908026576042,0,-2.2384450435638428,0.5409071445465088,2.3215861320495605,8.446840286254883,0,-0.01603333279490471,7.36608362197876,4,0
11400,-26.93084716796875,-22.198402404785156,0.12759985029697418,-8.94282341003418,-9.070423126220703,217.71762084960938,-0.00010704994201660156,-0.014710607007145882,0,-2.2943954467773438,0.7517886161804199,2.3778347969055176,8.446840286254883,0,-0.00927727110683918,7.424330711364746,4,0
11457,-28.19767951965332,-22.698389053344727,0.12759985029697418,-8.715253829956055,-8.842853546142578,217.36524963378906,-0.00010704994201660156,-0.014710607007145882,0,-2.348536729812622,0.9468012452125549,2.4359774589538574,8.446840286254883,0,-0.00927727110683918,7.424330711364746,4,0
11508,-29.377012252807617,-23.131732940673828,0.12759985029697418,-8.266422271728516,-8.394021987915039,217.0433807373047,-0.00013637542724609375,-0.027495793998241425,0,-2.3873839378356934,1.1109205484390259,2.4947030544281006,8.446840286254883,0,-0.022145310416817665,7.424330711364746,4,0
11518,-29.6162166595459,-23.21669578552246,0.12759985029697418,-8.077532768249512,-8.205132484436035,216.83432006835938,-0.00013637542724609375,-0.027495793998241425,0,-2.389719009399414,1.140539526939392,2.5122244358062744,8.446840286254883,0,-0.022145310416817665,7.424330711364746,4,0
11568,-30.76714515686035,-23.61278533935547,0.12759985029697418,-7.930547714233398,-8.058147430419922,216.4906005859375,-0.00013637542724609375,-0.027495793998241425,0,-2.373710870742798,1.2791739702224731,2.6217458248138428,8.446840286254883,0,-0.022145310416817665,7.424330711364746,4,0
11621,-32.035980224609375,-24.038150787353516,0.12759985029697418,-7.849823951721191,-7.977423667907715,215.93887329101562,-0.000125885009765625,-0.00021176927839405835,0,-2.1331260204315186,1.3978580236434937,2.9654533863067627,8.446840286254883,0,-0.023855134844779968,7.426570892333984,4,0
11631,-32.29179000854492,-24.122472763061523,0.12759985029697418,-7.731292724609375,-7.858892440795898,215.93887329101562,-0.000125885009765625,-0.00021176927839405835,0,-2.017820119857788,1.4154866933822632,3.101886749267578,8.446840286254883,0,-0.023855134844779968,7.426570892333984,4,0
11679,-33.45638656616211,-24.49346351623535,0.12759985029697418,-7.615884780883789,-7.7434844970703125,215.60977172851562,-0.000125885009765625,-0.00021176927839405835,0,-1.1895675659179688,1.441506266593933,-2.256549596786499,8.446840286254883,0,-0.023855134844779968,7.426570892333984,4,0
11736,-34.85697555541992,-24.893394470214844,0.12759985029697418,-6.904269218444824,-7.031868934631348,215.40359497070312,0.000005304813385009766,0.021819600835442543,0,-0.6418702602386475,1.3368394374847412,-1.5945566892623901,8.446840286254883,0,-0.0015800887485966086,7.379525184631348,4,0
11747,-35.107845306396484,-24.96072769165039,0.12759985029697418,-6.382648468017578,-6.510248184204102,215.40359497070312,0.000005304813385009766,0.021819600835442543,0,-0.624056339263916,1.3116319179534912,-1.558174729347229,8.446840286254883,0,-0.0015800887485966086,7.379525184631348,4,0
11800,-36.468570709228516,-25.250822067260742,0.12759985029697418,-5.175987720489502,-5.303587436676025,215.16746520996094,0.000005304813385009766,0.021819600835442543,0,-0.6264439821243286,1.1765773296356201,-1.4624406099319458,8.446840286254883,0,-0.0015800887485966086,7.379525184631348,4,0
11857,-37.869144439697266,-25.3936710357666,0.12759985029697418,-2.4747066497802734,-2.602306604385376,215.4694366455078,-0.000018477439880371094,0.014346670359373093,0,-0.4122496545314789,1.2520570755004883,-1.8765898942947388,8.446840286254883,0,0.0069025480188429356,7.426570892333984,4,0
11866,-38.153499603271484,-25.448047637939453,0.12759985029697418,-4.6860032081604,-4.813602924346924,215.4694366455078,-0.000018477439880371094,0.014346670359373093,0,-0.5750665068626404,1.2307851314544678,-2.032672643661499,8.446840286254883,0,0.0069025480188429356,7.426570892333984,4,0
11920,-39.509334564208984,-25.689088821411133,0.12759985029697418,-4.408620834350586,-4.536220550537109,215.05108642578125,-0.000018477439880371094,0.014346670359373093,0,-1.0974912643432617,1.0531190633773804,-2.5208561420440674,8.446840286254883,0,0.0069025480188429356,7.426570892333984,4,0
11929,-39.76340866088867,-25.728967666625977,0.12759985029697418,-4.090568542480469,-4.218168258666992,215.05108642578125,-0.00008237361907958984,-0.029023153707385063,0,-1.1825567483901978,1.0141128301620483,-2.591848134994507,8.446840286254883,0,0.0069025480188429356,7.410889148712158,4,0
11977,-40.971736907958984,-25.923377990722656,0.12759985029697418,-4.027616024017334,-4.155215740203857,214.8203887939453,-0.00008237361907958984,-0.029023153707385063,0,-1.4785487651824951,0.8009586334228516,-2.8130640983581543,8.446840286254883,0,-0.017463242635130882,7.410889148712158,4,0
11986,-41.23574447631836,-25.95597267150879,0.12759985029697418,-3.374317169189453,-3.5019171237945557,214.62973022460938,-0.00008237361907958984,-0.029023153707385063,0,-1.4969875812530518,0.7059344053268433,-2.8387835025787354,8.446840286254883,0,-0.017463242635130882,7.410889148712158,4,0
12043,-42.70949935913086,-26.24383544921875,0.12759985029697418,-5.120718955993652,-5.248318672180176,213.7523651123047,-0.00008237361907958984,-0.029023153707385063,0,-1.798714280128479,0.4544017016887665,-2.9498820304870605,8.446840286254883,0,-0.017463242635130882,7.410889148712158,4,0
12100,-44.18172836303711,-26.364572525024414,0.12759985029697418,-1.9629230499267578,-2.0905230045318604,213.23472595214844,0.000005245208740234375,0.002418294781818986,0,-1.6246142387390137,0.28052210807800293,-2.9880247116088867,8.446840286254883,0,-0.019525868818163872,7.381765365600586,4,0
12109,-44.45085525512695,-26.344228744506836,0.12759985029697418,1.3704805374145508,1.2428807020187378,211.8431396484375,0.000005245208740234375,0.002418294781818986,0,-1.7018334865570068,0.27218323945999146,-3.012221336364746,8.446840286254883,0,-0.019525868818163872,7.381765365600586,4,0
12120,-44.73593521118164,-26.34574317932129,0.12759985029697418,-0.6790990829467773,-0.8066989183425903,211.8431396484375,0.000005245208740234375,0.002418294781818986,0,-1.772920846939087,0.2343180924654007,-3.0359694957733154,8.446840286254883,0,-0.019525868818163872,7.381765365600586,4,0
12167,-45.969078063964844,-26.430431365966797,0.12759985029697418,-1.684661865234375,-1.812261700630188,211.08511352539062,0.000005245208740234375,0.002418294781818986,0,-1.847200870513916,0.09663303196430206,-3.131150484085083,8.446840286254883,0,-0.019525868818163872,7.381765365600586,4,0
12218,-47.338436126708984,-27.032798767089844,0.12759985029697418,-11.389552116394043,-11.517151832580566,210.6479949951172,-0.00004220008850097656,-0.009726155549287796,0,-2.4166676998138428,0.03728563338518143,3.0169577598571777,8.446840286254883,0,-0.04114783927798271,7.453454971313477,4,0
12229,-47.611000061035156,-27.148113250732422,0.12759985029697418,-11.024972915649414,-11.152572631835938,210.6479949951172,-0.00004220008850097656,-0.009726155549287796,0,-2.4979021549224854,0.023764116689562798,3.008188486099243,8.446840286254883,0,-0.04114783927798271,7.453454971313477,4,0
12239,-47.92068099975586,-27.26308822631836,0.12759985029697418,-9.335428237915039,-9.463027954101562,210.7926788330078,-0.00004220008850097656,-0.009726155549287796,0,-2.5769317150115967,0.010752254165709019,3.0029759407043457,8.446840286254883,0,-0.04114783927798271,7.453454971313477,4,0
12292,-47.92068099975586,-27.26308822631836,0.12759985029697418,-9.247647285461426,-9.37524700164795,210.5261688232422,-0.00004220008850097656,-0.009726155549287796,0,-2.5890541076660156,0.0087251216173172,3.0023977756500244,8.446840286254883,0,-0.04114783927798271,7.453454971313477,4,0
12344,-49.364662170410156,-28.1243839263916,0.12759985029697418,-17.25676918029785,-17.384368896484375,209.0845947265625,0.00005620718002319336,0.0016732378862798214,0,-2.360024929046631,0.05540870875120163,3.062397003173828,8.446840286254883,0,-0.005665257573127747,7.415369510650635,4,0
12355,-49.64773178100586,-28.222854614257812,0.12759985029697418,-8.995519638061523,-9.123119354248047,209.0845947265625,0.00005620718002319336,0.0016732378862798214,0,-2.306563138961792,0.0674741193652153,3.08406925201416,8.446840286254883,0,-0.005665257573127747,7.415369510650635,4,0
12365,-49.961238861083984,-28.299699783325195,0.12759985029697418,-5.271864891052246,-5.3994646072387695,209.16502380371094,0.00005620718002319336,0.0016732378862798214,0,-2.4365482330322266,0.030586864799261093,3.0718421936035156,8.446840286254883,0,-0.005665257573127747,7.415369510650635,4,0
12417,-51.427825927734375,-28.384458541870117,0.12759985029697418,-1.3332443237304688,-1.4608441591262817,209.53256225585938,0.00005620718002319336,0.0016732378862798214,0,-2.8111026287078857,-0.212198868393898,-3.1346676349639893,8.446840286254883,0,-0.005665257573127747,7.415369510650635,4,0
12472,-52.97515106201172,-27.884910583496094,0.12759985029697418,9.950511932373047,9.822912216186523,209.44891357421875,0.00007987022399902344,0.006858848966658115,0,-2.4063713550567627,-0.08371318131685257,-2.9440486431121826,8.446840286254883,0,-0.017200790345668793,7.368323802947998,4,0
12483,-53.28293228149414,-27.74658203125,0.12759985029697418,12.583562850952148,12.455963134765625,208.52798461914062,0.00007987022399902344,0.006858848966658115,0,-2.4111382961273193,-0.00830664299428463,-2.9730236530303955,8.446840286254883,0,-0.017200790345668793,7.368323802947998,4,0
12497,-53.63394546508789,-27.604930877685547,0.12759985029697418,10.288471221923828,10.160871505737305,208.52798461914062,0.00007987022399902344,0.006858848966658115,0,-2.4518957138061523,0.09165940433740616,-3.0398736000061035,8.446840286254883,0,-0.017200790345668793,7.368323802947998,4,0
12549,-53.68689727783203,-27.583635330200195,0.12759985029697418,5.831577301025391,5.703977584838867,207.42047119140625,0.00007987022399902344,0.006858848966658115,0,-2.481367349624634,0.10067485272884369,-3.0657782554626465,8.446840286254883,0,-0.017200790345668793,7.368323802947998,4,0
12602,-55.15017318725586,-27.708799362182617,0.12759985029697418,-3.4623279571533203,-3.589927911758423,206.92080688476562,0.00008445978164672852,0.02412184327840805,0,-2.9650158882141113,-0.206134632229805,3.0057566165924072,8.446840286254883,0,-0.006370936520397663,7.4198503494262695,4,0
12611,-55.428951263427734,-27.7806453704834,0.12759985029697418,-6.81442403793335,-6.942023754119873,206.89649963378906,0.00008445978164672852,0.02412184327840805,0,-3.096644639968872,-0.2951832115650177,3.1256492137908936,8.446840286254883,0,-0.006370936520397663,7.4198503494262695,4,0
12623,-55.73451614379883,-27.842422485351562,0.12759985029697418,-4.328530311584473,-4.456130027770996,206.89649963378906,0.00008445978164672852,0.02412184327840805,0,3.015901803970337,-0.3595846891403198,-2.9772913455963135,8.446840286254883,0,-0.006370936520397663,7.4198503494262695,4,0
12680,-55.934112548828125,-27.87021255493164,0.12759985029697418,-2.9524874687194824,-3.080087423324585,206.3247833251953,0.00008445978164672852,0.02412184327840805,0,2.8556911945343018,-0.3725411295890808,-2.791200876235962,8.446840286254883,0,-0.006370936520397663,7.4198503494262695,4,0
12736,-57.479103088378906,-26.71485710144043,0.12759985029697418,25.063703536987305,24.93610382080078,205.9333953857422,0.0003160238265991211,0.010040253400802612,0,2.823561668395996,0.6968198418617249,-1.0096724033355713,8.446840286254883,0,-0.007938913069665432,7.384005546569824,4,0
12747,-57.74838638305664,-26.80864906311035,0.12759985029697418,-11.783350944519043,-11.910950660705566,205.9333953857422,0.0003160238265991211,0.010040253400802612,0,-3.123089551925659,0.8401176333427429,-0.54969722032547,8.446840286254883,0,-0.007938913069665432,7.384005546569824,4,0
12757,-58.04248809814453,-26.968027114868164,0.12759985029697418,-15.946367263793945,-16.07396697998047,205.9333953857422,0.0003160238265991211,0.010040253400802612,0,-2.6873977184295654,0.8601734638214111,-0.025284862145781517,8.446840286254883,0,-0.007938913069665432,7.384005546569824,4,0
12813,-59.56942367553711,-27.676734924316406,0.12759985029697418,-11.797323226928711,-11.924922943115234,205.6763153076172,0.0003160238265991211,0.010040253400802612,0,-1.6822547912597656,-0.07279603183269501,1.2046531438827515,8.446840286254883,0,-0.007938913069665432,7.384005546569824,4,0
12863,-60.9417839050293,-27.57794761657715,0.12759985029697418,2.1163101196289062,1.9887102842330933,205.71255493164062,0.0003160238265991211,0.010040253400802612,0,-0.3726213276386261,-1.1407408714294434,2.0933008193969727,8.446840286254883,0,-0.007938913069665432,7.384005546569824,4,0
12919,-62.461814880371094,-27.28739356994629,0.12759985029697418,5.525241851806641,5.397642135620117,205.53768920898438,0.00020611286163330078,0.015456810593605042,0,-0.7964361906051636,-1.255558729171753,3.111523151397705,8.446840286254883,0,0.009007415734231472,7.437772274017334,4,0
12971,-62.51694869995117,-27.327184677124023,0.12759985029697418,-20.275705337524414,-20.403305053710938,204.8978729248047,0.00020611286163330078,0.015456810593605042,0,-1.0146652460098267,-1.2132737636566162,-2.947014093399048,8.446840286254883,0,0.009007415734231472,7.437772274017334,4,0
13024,-63.973567962646484,-28.637222290039062,0.12759985029697418,-24.63840675354004,-24.766006469726562,204.10662841796875,0.00013017654418945312,0.014041190035641193,0,-1.246464729309082,-1.0457754135131836,3.0869860649108887,8.446840286254883,0,0.005656745750457048,7.4198503494262695,4,0
13078,-64.0888671875,-28.683622360229492,0.12759985029697418,-10.692891120910645,-10.820490837097168,204.08404541015625,0.00013017654418945312,0.014041190035641193,0,-0.9928383827209473,-0.96387779712677,2.839513063430786,8.446840286254883,0,0.005656745750457048,7.4198503494262695,4,0
13134,-65.66940307617188,-29.01371955871582,0.12759985029697418,-4.465474605560303,-4.593074321746826,203.8094940185547,0.00013363361358642578,-0.005129141733050346,0,0.31050390005111694,0.13029509782791138,1.0699437856674194,8.446840286254883,0,0.006863641552627087,7.482578754425049,4,0
13188,-65.81027221679688,-29.06218147277832,0.12759985029697418,-10.631246566772461,-10.758846282958984,203.6020050048828,0.00013363361358642578,-0.005129141733050346,0,0.2440921515226364,0.13346746563911438,0.9001246094703674,8.446840286254883,0,0.006863641552627087,7.482578754425049,4,0
13246,-67.4578628540039,-29.24562644958496,0.12759985029697418,-1.219649314880371,-1.347249150276184,203.00621032714844,0.00022608041763305664,-0.004629959352314472,0,-1.2243330478668213,-0.27505502104759216,-0.15763914585113525,8.446840286254883,0,0.016676828265190125,7.381765365600586,4,0
13304,-67.64862060546875,-29.24214744567871,0.12759985029697418,0.814906120300293,0.68730628490448,202.6825408935547,0.00022608041763305664,-0.004629959352314472,0,-1.3272241353988647,-0.3226262032985687,-0.07676401734352112,8.446840286254883,0,0.016676828265190125,7.381765365600586,4,0
13357,-69.20403289794922,-29.349626541137695,0.12759985029697418,-1.6207733154296875,-1.7483731508255005,202.52622985839844,0.00010818243026733398,0.025753501802682877,0,-1.837689995765686,-0.18538081645965576,0.3656712472438812,8.446840286254883,0,0.03233917057514191,7.426570892333984,4,0
13414,-69.4037094116211,-29.40853500366211,0.12759985029697418,-9.623059272766113,-9.750658988952637,202.29080200195312,0.00010818243026733398,0.025753501802682877,0,-1.931699275970459,-0.2685536742210388,0.4370517432689667,8.446840286254883,0,0.03233917057514191,7.426570892333984,4,0
13467,-70.9785385131836,-30.166473388671875,0.12759985029697418,-15.417630195617676,-15.5452299118042,202.16629028320312,0.00018918514251708984,0.02387596108019352,0,-3.124272584915161,-0.737274169921875,1.8752933740615845,8.446840286254883,0,0.02781727723777294,7.417609691619873,4,0
13526,-71.24211120605469,-30.235193252563477,0.12759985029697418,-7.335139274597168,-7.462738990783691,201.9803924560547,0.00018918514251708984,0.02387596108019352,0,-2.984060764312744,-0.5368483662605286,1.9992674589157104,8.446840286254883,0,0.02781727723777294,7.417609691619873,4,0
13585,-72.9819564819336,-30.2460880279541,0.12759985029697418,1.4078426361083984,1.2802428007125854,201.5821533203125,0.00009262561798095703,-0.013205577619373798,0,-2.0194921493530273,0.2601187527179718,2.41804838180542,8.446840286254883,0,0.009584680199623108,7.406408309936523,4,0
13643,-73.25054931640625,-30.219371795654297,0.12759985029697418,4.054840087890625,3.9272401332855225,201.1169891357422,0.00009262561798095703,-0.013205577619373798,0,-2.00950288772583,0.32140764594078064,2.498774290084839,8.446840286254883,0,0.009584680199623108,7.406408309936523,4,0
13698,-74.89141845703125,-30.172657012939453,0.12759985029697418,0.5798139572143555,0.4522141218185425,200.41481018066406,0.00005620718002319336,-0.013093819841742516,0,-2.4867780208587646,0.5437505841255188,2.569333076477051,8.446840286254883,0,0.04439852386713028,7.381765365600586,4,0
13708,-75.20556640625,-30.191631317138672,0.12759985029697418,-2.2749953269958496,-2.402595281600952,200.02976989746094,0.00005620718002319336,-0.013093819841742516,0,-2.5667648315429688,0.5032699108123779,2.6499288082122803,8.446840286254883,0,0.04439852386713028,7.381765365600586,4,0
13759,-75.20556640625,-30.191631317138672,0.12759985029697418,-2.4762282371520996,-2.603828191757202,199.93685913085938,0.00005620718002319336,-0.013093819841742516,0,-2.5814216136932373,0.4947780966758728,2.668297529220581,8.446840286254883,0,0.04439852386713028,7.381765365600586,4,0
13814,-76.85163116455078,-30.513229370117188,0.12759985029697418,-6.425782203674316,-6.55338191986084,199.8961944580078,0.00008916854858398438,0.005428316071629524,0,-2.7278621196746826,0.1489822268486023,-2.2539138793945312,8.446840286254883,0,0.06077146902680397,7.390726566314697,4,0
13824,-77.18144989013672,-30.51154327392578,0.12759985029697418,0.5220460891723633,0.3944462537765503,199.8961944580078,0.00008916854858398438,0.005428316071629524,0,-2.704059362411499,0.13835963606834412,-1.9363058805465698,8.446840286254883,0,0.06077146902680397,7.390726566314697,4,0
13874,-78.70732116699219,-30.48920440673828,0.12759985029697418,0.5718755722045898,0.44427573680877686,199.3961181640625,0.00008916854858398438,0.005428316071629524,0,-2.6171889305114746,0.0215667262673378,-0.5435649156570435,8.446840286254883,0,0.06077146902680397,7.390726566314697,4,0
13928,-80.36309814453125,-30.6367130279541,0.12759985029697418,-2.8336567878723145,-2.961256742477417,199.2449188232422,0.00015532970428466797,0.0031633435282856226,0,-2.4770071506500244,0.37383371591567993,0.005594021175056696,8.446840286254883,0,0.0317193977534771,7.375044822692871,4,0
13939,-80.67157745361328,-30.635910034179688,0.12759985029697418,0.4981880187988281,0.37058818340301514,199.2449188232422,0.00015532970428466797,0.0031633435282856226,0,-2.549262285232544,0.4856174886226654,0.007027035113424063,8.446840286254883,0,0.0317193977534771,7.375044822692871,4,0
13990,-82.25422668457031,-30.65216064453125,0.12759985029697418,-0.2847728729248047,-0.4123727083206177,198.71929931640625,0.00015532970428466797,0.0031633435282856226,0,3.1102709770202637,0.9549644589424133,-0.22960354387760162,8.446840286254883,0,0.0317193977534771,7.375044822692871,4,0
13999,-82.5569839477539,-30.622148513793945,0.12759985029697418,3.129551887512207,3.0019519329071045,198.71929931640625,-0.000025510787963867188,-0.028494184836745262,0,3.0774736404418945,0.9836861491203308,-0.12491190433502197,8.446840286254883,0,0.0317193977534771,7.4131293296813965,4,0
14046,-83.97970581054688,-30.411338806152344,0.12759985029697418,4.649387359619141,4.521787643432617,198.70263671875,-0.000025510787963867188,-0.028494184836745262,0,-3.1257481575012207,1.1156258583068848,0.6159765720367432,8.446840286254883,0,0.04879593104124069,7.4131293296813965,4,0
14057,-84.28590393066406,-30.395278930664062,0.12759985029697418,1.7518892288208008,1.6242893934249878,198.68862915039062,-0.000025510787963867188,-0.028494184836745262,0,-2.778634786605835,1.1453404426574707,1.1127939224243164,8.446840286254883,0,0.04879593104124069,7.4131293296813965,4,0
14114,-84.491455078125,-30.38270378112793,0.12759985029697418,2.19289493560791,2.0652949810028076,199.02462768554688,-0.000025510787963867188,-0.028494184836745262,0,-2.4478354454040527,1.1128112077713013,1.5681629180908203,8.446840286254883,0,0.04879593104124069,7.4131293296813965,4,0
14171,-86.212158203125,-30.68623924255371,0.12759985029697418,-5.244009017944336,-5.371608734130859,198.32769775390625,0.00011837482452392578,0.006739621050655842,0,-1.456183671951294,0.20845693349838257,2.872927665710449,8.446840286254883,0,0.04912320524454117,7.368323802947998,4,0
14181,-86.52180480957031,-30.72703742980957,0.12759985029697418,-2.760683536529541,-2.8882834911346436,197.91574096679688,0.00011837482452392578,0.006739621050655842,0,-1.3670380115509033,-0.07537691295146942,2.954810619354248,8.446840286254883,0,0.04912320524454117,7.368323802947998,4,0
14190,-86.83171081542969,-30.741596221923828,0.12759985029697418,-0.23310089111328125,-0.36070072650909424,197.91574096679688,0.00011837482452392578,0.006739621050655842,0,-1.2914386987686157,-0.2936626374721527,3.029381275177002,8.446840286254883,0,0.04912320524454117,7.368323802947998,4,0
14239,-88.31167602539062,-30.674129486083984,0.12759985029697418,1.5274648666381836,1.3998650312423706,197.68582153320312,0.00011837482452392578,0.006739621050655842,0,-1.1410452127456665,-0.7831225991249084,-2.9342174530029297,8.446840286254883,0,0.04912320524454117,7.368323802947998,4,0
14300,-88.55255889892578,-30.65604591369629,0.12759985029697418,0.7929935455322266,0.6653937101364136,197.1522216796875,0.0001857280731201172,0.040222540497779846,0,-1.2547909021377563,-0.7174059152603149,-2.752697229385376,8.446840286254883,0,0.046418171375989914,7.401927947998047,4,0
14310,-88.86177825927734,-30.759763717651367,0.12759985029697418,-9.73485279083252,-9.862452507019043,196.92578125,0.0001857280731201172,0.040222540497779846,0,-1.3660427331924438,-0.43290555477142334,-2.696110486984253,8.446840286254883,0,0.046418171375989914,7.401927947998047,4,0
14320,-89.19466400146484,-30.86911392211914,0.12759985029697418,-9.997584342956543,-10.125184059143066,196.92578125,0.0001857280731201172,0.040222540497779846,0,-1.4955860376358032,-0.3167750835418701,-2.6606974601745605,8.446840286254883,0,0.046418171375989914,7.401927947998047,4,0
14372,-89.19466400146484,-30.86911392211914,0.12759985029697418,-9.763495445251465,-9.891095161437988,196.2105712890625,0.0001857280731201172,0.040222540497779846,0,-1.5182503461837769,-0.2980462610721588,-2.6589133739471436,8.446840286254883,0,0.046418171375989914,7.401927947998047,4,0
14428,-90.94412231445312,-32.31884002685547,0.12759985029697418,-27.355588912963867,-27.48318862915039,196.28530883789062,0.00007349252700805664,0.008430922403931618,0,-2.1580564975738525,-1.0866912603378296,-2.696878433227539,8.446840286254883,0,0.05397433042526245,7.448974609375,4,0
14438,-91.27154541015625,-32.63897705078125,0.12759985029697418,-31.54131317138672,-31.668912887573242,196.37103271484375,0.00007349252700805664,0.008430922403931618,0,-2.9414560794830322,-1.229599952697754,-1.9727990627288818,8.446840286254883,0,0.05397433042526245,7.448974609375,4,0
14449,-91.65151977539062,-32.979698181152344,0.12759985029697418,-27.18770980834961,-27.315309524536133,196.37103271484375,0.00007349252700805664,0.008430922403931618,0,2.445019483566284,-1.0347871780395508,-1.1201589107513428,8.446840286254883,0,0.05397433042526245,7.448974609375,4,0
14498,-93.24812316894531,-32.698326110839844,0.12759985029697418,5.914880752563477,5.787281036376953,196.62193298339844,0.00007349252700805664,0.008430922403931618,0,1.7675532102584839,0.6272484064102173,-0.6823253631591797,8.446840286254883,0,0.05397433042526245,7.448974609375,4,0
14553,-95.06019592285156,-33.41447830200195,0.12759985029697418,-12.029512405395508,-12.157112121582031,196.27685546875,0.00010025501251220703,-0.004637384787201881,0,-0.9835591912269592,0.9904575347900391,2.5739293098449707,8.446840286254883,0,0.033862996846437454,7.381765365600586,4,0
14563,-95.39916229248047,-33.52921676635742,0.12759985029697418,-9.911351203918457,-10.03895092010498,196.16098022460938,0.00010025501251220703,-0.004637384787201881,0,-0.8219191431999207,0.940769374370575,2.7411041259765625,8.446840286254883,0,0.033862996846437454,7.381765365600586,4,0
14573,-95.76667022705078,-33.622554779052734,0.12759985029697418,-7.303339004516602,-7.430938720703125,196.16098022460938,0.00010025501251220703,-0.004637384787201881,0,-0.6458685398101807,0.8980567455291748,2.9532594680786133,8.446840286254883,0,0.033862996846437454,7.381765365600586,4,0
14626,-97.54408264160156,-34.09016799926758,0.12759985029697418,-8.975091934204102,-9.102691650390625,195.71702575683594,0.00010025501251220703,-0.004637384787201881,0,-0.11949658393859863,0.5266092419624329,-2.43253755569458,8.446840286254883,0,0.033862996846437454,7.381765365600586,4,0
14680,-99.38597106933594,-34.26133346557617,0.12759985029697418,-2.949154853820801,-3.0767548084259033,194.90989685058594,-0.00011140108108520508,0.011798596940934658,0,-0.45495307445526123,0.4647110104560852,-1.932205080986023,8.446840286254883,0,0.059335675090551376,7.415369510650635,4,0
14691,-99.73062896728516,-34.313621520996094,0.12759985029697418,-5.3014421463012695,-5.429041862487793,194.90989685058594,-0.00011140108108520508,0.011798596940934658,0,-0.5992789268493652,0.41740694642066956,-2.034684181213379,8.446840286254883,0,0.059335675090551376,7.415369510650635,4,0
14701,-100.10639190673828,-34.383018493652344,0.12759985029697418,-7.000370979309082,-7.1279706954956055,194.90989685058594,-0.00011140108108520508,0.011798596940934658,0,-0.7529019117355347,0.3236175775527954,-2.1640594005584717,8.446840286254883,0,0.059335675090551376,7.415369510650635,4,0
14756,-102.00414276123047,-35.43198013305664,0.12759985029697418,-20.727664947509766,-20.85526466369629,194.83522033691406,-0.00011140108108520508,0.011798596940934658,0,-1.2529442310333252,-0.5422672629356384,-2.6499552726745605,8.446840286254883,0,0.059335675090551376,7.415369510650635,4,0
14808,-103.89806365966797,-36.544334411621094,0.12759985029697418,-21.120193481445312,-21.247793197631836,194.3764190673828,-0.00003075599670410156,-0.008973633870482445,0,1.7909884452819824,-1.0227816104888916,0.3042795956134796,8.446840286254883,0,0.03497656434774399,7.453454971313477,4,0
14818,-104.266845703125,-36.64128494262695,0.12759985029697418,-8.79659652709961,-8.924196243286133,194.3764190673828,-0.00003075599670410156,-0.008973633870482445,0,2.092458724975586,-0.5812899470329285,0.17202897369861603,8.446840286254883,0,0.03497656434774399,7.453454971313477,4,0
14829,-104.63870239257812,-36.70866394042969,0.12759985029697418,-4.897115230560303,-5.024714946746826,194.3764190673828,-0.00003075599670410156,-0.008973633870482445,0,2.202045440673828,-0.1591375172138214,0.21155644953250885,8.446840286254883,0,0.03497656434774399,7.453454971313477,4,0
14839,-105.03340148925781,-36.75758743286133,0.12759985029697418,-4.30092716217041,-4.428526878356934,194.23834228515625,-0.00003075599670410156,-0.008973633870482445,0,2.2556214332580566,0.11464355885982513,0.32877156138420105,8.446840286254883,0,0.03497656434774399,7.453454971313477,4,0
14889,-106.8764877319336,-37.07809066772461,0.12759985029697418,-6.292216777801514,-6.419816493988037,194.1576690673828,-0.00003075599670410156,-0.008973633870482445,0,-3.0185348987579346,0.9225699305534363,1.5468995571136475,8.446840286254883,0,0.03497656434774399,7.453454971313477,4,0
14945,-108.92351531982422,-37.305686950683594,0.12759985029697418,-2.1460037231445312,-2.273603677749634,193.78147888183594,0.000012278556823730469,-0.010389239527285099,0,3.0452418327331543,-0.6009545922279358,1.8696060180664062,8.446840286254883,0,0.055912669748067856,7.35488224029541,4,0
14954,-109.30467224121094,-37.317325592041016,0.12759985029697418,-0.15734291076660156,-0.28494274616241455,193.78147888183594,0.000012278556823730469,-0.010389239527285099,0,2.9978151321411133,-0.71772301197052,1.8681687116622925,8.446840286254883,0,0.055912669748067856,7.35488224029541,4,0
14964,-109.6836166381836,-37.31565856933594,0.12759985029697418,-0.3601417541503906,-0.4877415895462036,193.5692901611328,0.000012278556823730469,-0.010389239527285099,0,2.9978480339050293,-0.8091959357261658,1.8535536527633667,8.446840286254883,0,0.055912669748067856,7.35488224029541,4,0
15023,-110.09806823730469,-37.32864761352539,0.12759985029697418,-1.3594398498535156,-1.4870396852493286,193.5308837890625,0.000012278556823730469,-0.010389239527285099,0,3.039992570877075,-0.8938154578208923,1.8064091205596924,8.446840286254883,0,0.055912669748067856,7.35488224029541,4,0
15024,-111.91651153564453,-37.3921012878418,0.12759985029697418,-1.1760568618774414,-1.3036566972732544,193.5308837890625,0.000012278556823730469,-0.010389239527285099,0,-3.0755162239074707,-1.1425408124923706,1.5208412408828735,8.446840286254883,0,0.055912669748067856,7.35488224029541,4,0
15070,-113.64140319824219,-37.481239318847656,0.12759985029697418,-1.8070049285888672,-1.9346047639846802,193.13272094726562,0.000012278556823730469,-0.010389239527285099,0,-2.187589406967163,-0.9176909923553467,0.7743540406227112,8.446840286254883,0,0.055912669748067856,7.35488224029541,4,0
15128,-115.80604553222656,-37.638145446777344,0.12759985029697418,-1.1244373321533203,-1.2520371675491333,192.86444091796875,-0.00019025802612304688,-0.025648042559623718,0,-2.425474166870117,0.17191725969314575,0.2537972927093506,8.446840286254883,0,0.03411197289824486,7.381765365600586,4,0
15184,-115.97725677490234,-37.65449905395508,0.12759985029697418,-3.8796653747558594,-4.007265090942383,192.6663055419922,-0.00019025802612304688,-0.025648042559623718,0,-2.4620866775512695,0.16162309050559998,0.22550931572914124,8.446840286254883,0,0.03411197289824486,7.381765365600586,4,0
15238,-118.02915954589844,-38.40819549560547,0.12759985029697418,-14.590309143066406,-14.71790885925293,192.38719177246094,-0.000039696693420410156,0.0034688133746385574,0,-2.76155161857605,-0.6418894529342651,0.930307924747467,8.446840286254883,0,0.0423005111515522,7.440013408660889,4,0
15290,-120.04781341552734,-38.59755325317383,0.12759985029697418,-1.4571151733398438,-1.5847150087356567,192.0913848876953,-0.000039696693420410156,0.0034688133746385574,0,2.172456741333008,-0.18520529568195343,2.747073173522949,8.446840286254883,0,0.0423005111515522,7.440013408660889,4,0
15344,-122.12186431884766,-38.41806411743164,0.12759985029697418,3.809638023376465,3.6820380687713623,192.00079345703125,0.000035822391510009766,0.004139368422329426,0,-2.6620147228240967,1.2839120626449585,-1.411818265914917,8.446840286254883,0,0.02760957181453705,7.361602783203125,4,0
15401,-124.31993865966797,-39.050079345703125,0.12759985029697418,-11.55062198638916,-11.678221702575684,191.7609405517578,0.000035822391510009766,0.004139368422329426,0,-1.4909847974777222,-0.25774863362312317,-0.24701689183712006,8.446840286254883,0,0.02760957181453705,7.361602783203125,4,0
15455,-126.44226837158203,-39.20710754394531,0.12759985029697418,-1.9735116958618164,-2.101111650466919,191.41566467285156,0.000030040740966796875,0.019047977402806282,0,-1.1301137208938599,-0.9790385365486145,-0.31185272336006165,8.446840286254883,0,0.056367337703704834,7.428811073303223,4,0
15511,-128.64669799804688,-39.25914001464844,0.12759985029697418,-0.48099327087402344,-0.6085931062698364,191.0311279296875,0.000030040740966796875,0.019047977402806282,0,-2.120497941970825,-1.009936809539795,0.10859476029872894,8.446840286254883,0,0.056367337703704834,7.428811073303223,4,0
15569,-130.8634490966797,-39.390193939208984,0.12759985029697418,-1.4488630294799805,-1.5764628648757935,190.8136749267578,-0.000013053417205810547,0.026058977469801903,0,-2.2725512981414795,0.13849541544914246,0.22795173525810242,8.446840286254883,0,0.022709202021360397,7.379525184631348,4,0
15628,-131.21925354003906,-39.44792938232422,0.12759985029697418,-6.104687213897705,-6.2322869300842285,190.63955688476562,-0.000013053417205810547,0.026058977469801903,0,-2.2778406143188477,0.21314412355422974,0.23399138450622559,8.446840286254883,0,0.022709202021360397,7.379525184631348,4,0
15682,-133.3179473876953,-39.49615478515625,0.12759985029697418,-0.3287620544433594,-0.45636188983917236,190.40924072265625,-0.00009018182754516602,0.0035954725462943316,0,-2.3096187114715576,0.7955975532531738,0.47684773802757263,8.446840286254883,0,0.03460244461894035,7.36608362197876,4,0
15692,-133.75247192382812,-39.53309631347656,0.12759985029697418,-4.000465393066406,-4.12806510925293,190.13290405273438,-0.00009018182754516602,0.0035954725462943316,0,-2.2271316051483154,0.7506570816040039,0.575961709022522,8.446840286254883,0,0.03460244461894035,7.36608362197876,4,0
15739,-135.628173828125,-39.770912170410156,0.12759985029697418,-4.89981746673584,-5.027417182922363,189.96734619140625,-0.00009018182754516602,0.0035954725462943316,0,-2.1134088039398193,0.3658820390701294,0.9107721447944641,8.446840286254883,0,0.03460244461894035,7.36608362197876,4,0
15794,-137.77871704101562,-39.781070709228516,0.12759985029697418,-0.021703720092773438,-0.14930357038974762,189.50584411621094,-0.000005424022674560547,0.009168503805994987,0,-2.129281520843506,0.08786015957593918,1.1975438594818115,8.446840286254883,0,0.05259844660758972,7.370563983917236,4,0
15804,-138.18580627441406,-39.79695129394531,0.12759985029697418,-1.4477119445800781,-1.5753117799758911,189.50584411621094,-0.000005424022674560547,0.009168503805994987,0,-2.250138521194458,0.0383874736726284,1.2088347673416138,8.446840286254883,0,0.05259844660758972,7.370563983917236,4,0
15858,-138.2937469482422,-39.80085372924805,0.12759985029697418,-1.4187440872192383,-1.5463439226150513,189.25271606445312,-0.000005424022674560547,0.009168503805994987,0,-2.307013750076294,0.022650916129350662,1.212308406829834,8.446840286254883,0,0.05259844660758972,7.370563983917236,4,0
15910,-140.39151000976562,-39.95210647583008,0.12759985029697418,-2.1908931732177734,-2.318493127822876,189.14305114746094,-0.00008213520050048828,0.0008089491748251021,0,-2.655956268310547,-0.00811165850609541,1.3372737169265747,8.446840286254883,0,0.007883362472057343,7.444493770599365,4,0
15921,-140.831787109375,-39.999088287353516,0.12759985029697418,-4.859213352203369,-4.986813068389893,189.14305114746094,-0.00008213520050048828,0.0008089491748251021,0,-2.682865619659424,-0.09749184548854828,1.518417477607727,8.446840286254883,0,0.007883362472057343,7.444493770599365,4,0
15973,-142.93504333496094,-40.35873794555664,0.12759985029697418,-6.828028202056885,-6.955627918243408,188.38699340820312,-0.00008213520050048828,0.0008089491748251021,0,-3.114149570465088,-0.4608340561389923,2.7405974864959717,8.446840286254883,0,0.007883362472057343,7.444493770599365,4,0
16029,-145.18032836914062,-40.39044952392578,0.12759985029697418,1.570760726928711,1.443160891532898,188.3136749267578,0.00009548664093017578,0.0023363230284303427,0,2.4626333713531494,0.28797152638435364,-1.7069557905197144,8.446840286254883,0,0.0249347984790802,7.401927947998047,4,0
16040,-145.58717346191406,-40.35878372192383,0.12759985029697418,2.5969438552856445,2.469343900680542,188.4521026611328,0.00009548664093017578,0.0023363230284303427,0,2.5339460372924805,0.5508533120155334,-1.492875337600708,8.446840286254883,0,0.0249347984790802,7.401927947998047,4,0
16092,-147.74478149414062,-40.74076461791992,0.12759985029697418,-8.334406852722168,-8.462006568908691,188.5189666748047,0.00009548664093017578,0.0023363230284303427,0,-1.9740328788757324,0.6477810740470886,0.7160257697105408,8.446840286254883,0,0.0249347984790802,7.401927947998047,4,0
16151,-150.1206817626953,-40.84260177612305,0.12759985029697418,-0.8735475540161133,-1.0011473894119263,188.4287872314453,0.00005447864532470703,-0.004205295816063881,0,-1.5232411623001099,-0.45745065808296204,1.0706063508987427,8.446840286254883,0,0.0474366694688797,7.431051731109619,4,0
16161,-150.53079223632812,-40.80317687988281,0.12759985029697418,3.6102304458618164,3.482630491256714,188.1088409423828,0.00005447864532470703,-0.004205295816063881,0,-1.4986822605133057,-0.425396591424942,1.11874520778656,8.446840286254883,0,0.0474366694688797,7.431051731109619,4,0
16215,-152.771240234375,-40.87709045410156,0.12759985029697418,-1.9989075660705566,-2.126507520675659,187.90863037109375,0.00005447864532470703,-0.004205295816063881,0,-1.399425745010376,0.03274994343519211,1.4629281759262085,8.446840286254883,0,0.0474366694688797,7.431051731109619,4,0
16275,-153.09234619140625,-40.91786575317383,0.12759985029697418,-3.985682964324951,-4.113282680511475,187.52255249023438,-0.00008153915405273438,0.031669240444898605,0,-1.5327991247177124,0.3600175976753235,1.5765724182128906,8.446840286254883,0,0.04834982380270958,7.455695152282715,4,0
16284,-153.51063537597656,-41.02362060546875,0.12759985029697418,-10.057829856872559,-10.185429573059082,187.45094299316406,-0.00008153915405273438,0.031669240444898605,0,-1.870561122894287,0.5130203366279602,1.5867446660995483,8.446840286254883,0,0.04834982380270958,7.455695152282715,4,0
16294,-153.94920349121094,-41.13491439819336,0.12759985029697418,-10.5859375,-10.713537216186523,187.45094299316406,-0.00008153915405273438,0.031669240444898605,0,-1.9817273616790771,0.6180457472801208,1.4832119941711426,8.446840286254883,0,0.04834982380270958,7.455695152282715,4,0
16342,-155.9197235107422,-41.500579833984375,0.12759985029697418,-7.539602279663086,-7.667201995849609,187.41976928710938,-0.00008153915405273438,0.031669240444898605,0,-2.7279257774353027,0.8620218634605408,0.7412036061286926,8.446840286254883,0,0.04834982380270958,7.455695152282715,4,0
16398,-158.18722534179688,-41.74815368652344,0.12759985029697418,-3.651181697845459,-3.7787816524505615,187.1879119873047,-0.00015860795974731445,-0.009092883206903934,0,2.386793851852417,0.23776721954345703,0.02126673236489296,8.446840286254883,0,0.012945612892508507,7.370563983917236,4,0
16407,-158.6546630859375,-41.805397033691406,0.12759985029697418,-5.313628196716309,-5.441227912902832,186.90625,-0.00015860795974731445,-0.009092883206903934,0,2.4194915294647217,0.14871355891227722,-0.05131855979561806,8.446840286254883,0,0.012945612892508507,7.370563983917236,4,0
16417,-159.0792694091797,-41.86246871948242,0.12759985029697418,-5.674079895019531,-5.801679611206055,186.90625,-0.00015860795974731445,-0.009092883206903934,0,2.4566237926483154,0.06974159181118011,-0.14269641041755676,8.446840286254883,0,0.012945612892508507,7.370563983917236,4,0
16465,-161.04832458496094,-42.03420639038086,0.12759985029697418,-3.5310754776000977,-3.6586754322052,186.6431427001953,-0.00015860795974731445,-0.009092883206903934,0,2.728971242904663,-0.22558896243572235,-0.6820392608642578,8.446840286254883,0,0.012945612892508507,7.370563983917236,4,0
16524,-161.37823486328125,-42.107086181640625,0.12759985029697418,-9.472496032714844,-9.600095748901367,186.24295043945312,-0.00005412101745605469,0.0017551550408825278,0,2.789013624191284,-0.2522652745246887,-0.9367817640304565,8.446840286254883,0,0.008217176422476768,7.406408309936523,4,0
16535,-161.84373474121094,-42.099205017089844,0.12759985029697418,1.058837890625,0.931238055229187,186.1697235107422,-0.00005412101745605469,0.0017551550408825278,0,2.783362865447998,-0.3838047683238983,-1.185180902481079,8.446840286254883,0,0.008217176422476768,7.406408309936523,4,0
16546,-162.29330444335938,-42.0870475769043,0.12759985029697418,1.2190971374511719,1.0914973020553589,186.1697235107422,-0.00005412101745605469,0.0017551550408825278,0,2.8166794776916504,-0.5193331241607666,-1.4051324129104614,8.446840286254883,0,0.008217176422476768,7.406408309936523,4,0
16597,-164.45086669921875,-42.49381637573242,0.12759985029697418,-8.232199668884277,-8.3597993850708,186.01869201660156,-0.00005412101745605469,0.0017551550408825278,0,-2.6975667476654053,-0.8556426167488098,-2.8160016536712646,8.446840286254883,0,0.008217176422476768,7.406408309936523,4,0
16653,-166.8378448486328,-43.20357894897461,0.12759985029697418,-15.220357894897461,-15.347957611083984,185.91127014160156,-0.0001150965690612793,-0.018458260223269463,0,-1.9376418590545654,0.18935663998126984,2.507411241531372,8.446840286254883,0,0.00028917379677295685,7.375044822692871,4,0
16662,-167.2724151611328,-43.22513198852539,0.12759985029697418,0.7211189270019531,0.5935190916061401,185.5897979736328,-0.0001150965690612793,-0.018458260223269463,0,-2.0263500213623047,0.5218794345855713,2.384941577911377,8.446840286254883,0,0.00028917379677295685,7.375044822692871,4,0
16674,-167.74639892578125,-43.160133361816406,0.12759985029697418,9.147689819335938,9.020090103149414,185.5897979736328,-0.0001150965690612793,-0.018458260223269463,0,-2.244542360305786,0.8311620354652405,2.137143135070801,8.446840286254883,0,0.00028917379677295685,7.375044822692871,4,0
16728,-170.07704162597656,-42.40805435180664,0.12759985029697418,14.301410675048828,14.173810958862305,185.37094116210938,-0.0001150965690612793,-0.018458260223269463,0,2.1784157752990723,0.430031418800354,0.11573878675699234,8.446840286254883,0,0.00028917379677295685,7.375044822692871,4,0
16782,-172.35092163085938,-42.232242584228516,0.12759985029697418,3.2169227600097656,3.089322805404663,185.1978302001953,-0.000023424625396728516,-0.03779996931552887,0,2.4918620586395264,-0.15959632396697998,-0.04928849637508392,8.446840286254883,0,0.00013110158033668995,7.386246204376221,4,0
16792,-172.77960205078125,-42.31022644042969,0.12759985029697418,-7.375518798828125,-7.503118515014648,185.2398223876953,-0.000023424625396728516,-0.03779996931552887,0,2.3907203674316406,-0.31100666522979736,-0.2260245680809021,8.446840286254883,0,0.00013110158033668995,7.386246204376221,4,0
16802,-173.20730590820312,-42.380184173583984,0.12759985029697418,-6.157556056976318,-6.285155773162842,185.2398223876953,-0.000023424625396728516,-0.03779996931552887,0,2.3090639114379883,-0.45722779631614685,-0.42254048585891724,8.446840286254883,0,0.00013110158033668995,7.386246204376221,4,0
16813,-173.66087341308594,-42.44100570678711,0.12759985029697418,-6.146228790283203,-6.273828506469727,185.2398223876953,-0.000023424625396728516,-0.03779996931552887,0,2.2522056102752686,-0.6157823204994202,-0.6906142234802246,8.446840286254883,0,0.00013110158033668995,7.386246204376221,4,0
16860,-175.67626953125,-42.598358154296875,0.12759985029697418,-3.192122459411621,-3.3197224140167236,185.39285278320312,-0.000023424625396728516,-0.03779996931552887,0,-1.4728589057922363,-0.95426344871521,-1.1722521781921387,8.446840286254883,0,0.00013110158033668995,7.386246204376221,4,0
16915,-178.00953674316406,-42.82595443725586,0.12759985029697418,-2.012399673461914,-2.1399996280670166,184.76158142089844,-0.00013113021850585938,-0.02397913858294487,0,-1.8559551239013672,0.30913856625556946,-0.8151087164878845,8.446840286254883,0,0.0059764692559838295,7.375044822692871,4,0
16926,-178.44036865234375,-42.88217544555664,0.12759985029697418,-5.3424248695373535,-5.470024585723877,184.76158142089844,-0.00013113021850585938,-0.02397913858294487,0,-1.938231110572815,0.34818848967552185,-0.843774676322937,8.446840286254883,0,0.0059764692559838295,7.375044822692871,4,0
16935,-178.9093780517578,-42.94960021972656,0.12759985029697418,-6.69040060043335,-6.818000316619873,184.76158142089844,-0.00013113021850585938,-0.02397913858294487,0,-2.0193023681640625,0.333605021238327,-0.8682168126106262,8.446840286254883,0,0.0059764692559838295,7.375044822692871,4,0
16992,-181.30050659179688,-43.618282318115234,0.12759985029697418,-12.619668006896973,-12.747267723083496,184.30348205566406,-0.00013113021850585938,-0.02397913858294487,0,-2.353323221206665,-0.04876264929771423,-0.8175290822982788,8.446840286254883,0,0.0059764692559838295,7.375044822692871,4,0
17041,-183.49752807617188,-43.77805709838867,0.12759985029697418,-2.533355712890625,-2.6609556674957275,184.25509643554688,-0.00013113021850585938,-0.02397913858294487,0,2.0334081649780273,0.5049713253974915,0.8521236181259155,8.446840286254883,0,0.0059764692559838295,7.375044822692871,4,0
17097,-185.87513732910156,-43.6456184387207,0.12759985029697418,3.1039037704467773,2.976303815841675,183.8199462890625,0.00010961294174194336,0.019234227016568184,0,-1.8520410060882568,1.1292829513549805,-2.5618855953216553,8.446840286254883,0,0.004220781847834587,7.345920562744141,4,0
17147,-188.11361694335938,-43.74379348754883,0.12759985029697418,-1.3938817977905273,-1.5214816331863403,183.28443908691406,0.00010961294174194336,0.019234227016568184,0,-1.8051741123199463,0.0012445119209587574,-1.886385440826416,8.446840286254883,0,0.004220781847834587,7.345920562744141,4,0
17203,-190.52386474609375,-43.74274444580078,0.12759985029697418,0.27275657653808594,0.14515672624111176,183.08773803710938,0.00003510713577270508,-0.024917908012866974,0,-2.0147430896759033,-0.22968408465385437,-1.245429277420044,8.446840286254883,0,0.010294467210769653,7.3638434410095215,4,0
17255,-192.8525390625,-43.7142219543457,0.12759985029697418,0.777186393737793,0.64958655834198,182.99534606933594,0.00003510713577270508,-0.024917908012866974,0,-2.2698922157287598,-0.1367943435907364,-0.7340772747993469,8.446840286254883,0,0.010294467210769653,7.3638434410095215,4,0
17308,-195.15821838378906,-44.030235290527344,0.12759985029697418,-7.055602073669434,-7.183201789855957,182.90576171875,-0.000013053417205810547,-0.023904623463749886,0,-2.7482569217681885,-0.43052491545677185,0.11422669887542725,8.446840286254883,0,0.004452180117368698,7.388486385345459,4,0
17360,-197.47769165039062,-44.53657150268555,0.12759985029697418,-10.006674766540527,-10.13427448272705,182.53529357910156,-0.000013053417205810547,-0.023904623463749886,0,2.8962512016296387,-0.20829913020133972,1.075156331062317,8.446840286254883,0,0.004452180117368698,7.388486385345459,4,0
17418,-200.0102081298828,-44.7217903137207,0.12759985029697418,-2.083151340484619,-2.2107512950897217,182.55038452148438,0.000015676021575927734,-0.007371802814304829,0,-2.428354263305664,0.3981117904186249,1.5272808074951172,8.446840286254883,0,0.012379825115203857,7.379525184631348,4,0
17473,-202.490478515625,-44.81351852416992,0.12759985029697418,-1.1273536682128906,-1.2549535036087036,182.55865478515625,0.000015676021575927734,-0.007371802814304829,0,-1.807740569114685,0.7102842330932617,2.182570695877075,8.446840286254883,0,0.012379825115203857,7.379525184631348,4,0
17525,-204.8461151123047,-44.603458404541016,0.12759985029697418,3.802886962890625,3.6752870082855225,182.21795654296875,-0.00003415346145629883,0.005093018990010023,0,-1.7451626062393188,0.22152258455753326,2.779188394546509,8.446840286254883,0,0.04499461501836777,7.375044822692871,4,0
17580,-207.2972412109375,-44.47843933105469,0.12759985029697418,1.5562515258789062,1.4286516904830933,181.7216033935547,-0.00003415346145629883,0.005093018990010023,0,-2.0751686096191406,-0.2850459814071655,-2.9471070766448975,8.446840286254883,0,0.04499461501836777,7.375044822692871,4,0
17634,-209.72877502441406,-45.083763122558594,0.12759985029697418,-11.399054527282715,-11.526654243469238,181.52822875976562,0.000036716461181640625,0.00676940381526947,0,-2.5387990474700928,-0.2150535136461258,-2.4217655658721924,8.446840286254883,0,0.014273343607783318,7.36608362197876,4,0
17644,-210.1829833984375,-45.13971710205078,0.12759985029697418,-4.338331699371338,-4.465931415557861,181.52822875976562,0.000036716461181640625,0.00676940381526947,0,-2.4582648277282715,-0.028632737696170807,-2.4044559001922607,8.446840286254883,0,0.014273343607783318,7.36608362197876,4,0
17692,-212.3514862060547,-45.359619140625,0.12759985029697418,-4.461022853851318,-4.588622570037842,181.36349487304688,0.000036716461181640625,0.00676940381526947,0,-2.7534329891204834,0.16491952538490295,-1.9829367399215698,8.446840286254883,0,0.014273343607783318,7.36608362197876,4,0
17748,-214.86282348632812,-45.4550666809082,0.12759985029697418,-1.4653501510620117,-1.5929499864578247,180.85044860839844,-0.000028073787689208984,0.015196011401712894,0,-2.920530080795288,0.30733048915863037,-1.114493727684021,8.446840286254883,0,0.03268773853778839,7.395206928253174,4,0
17758,-215.33486938476562,-45.471805572509766,0.12759985029697418,-1.3516120910644531,-1.4792119264602661,180.60128784179688,-0.000028073787689208984,0.015196011401712894,0,-2.907041311264038,0.3464277684688568,-0.9135667085647583,8.446840286254883,0,0.03268773853778839,7.395206928253174,4,0
17806,-217.51608276367188,-45.434547424316406,0.12759985029697418,0.9040050506591797,0.7764052152633667,180.3545684814453,-0.000028073787689208984,0.015196011401712894,0,-2.745203733444214,0.47211769223213196,0.04372597858309746,8.446840286254883,0,0.03268773853778839,7.395206928253174,4,0
17864,-220.07493591308594,-45.310546875,0.12759985029697418,2.773524284362793,2.6459243297576904,180.2091827392578,0.000052809715270996094,0.016678666695952415,0,-2.0495684146881104,0.43231961131095886,0.964313805103302,8.446840286254883,0,0.007511157542467117,7.404168128967285,4,0
17874,-220.5739288330078,-45.25716018676758,0.12759985029697418,4.968718528747559,4.841118812561035,180.2091827392578,0.000052809715270996094,0.016678666695952415,0,-2.0583155155181885,0.3951624631881714,1.104017972946167,8.446840286254883,0,0.007511157542467117,7.404168128967285,4,0
17925,-222.8772735595703,-45.09608459472656,0.12759985029697418,3.221141815185547,3.0935418605804443,180.17245483398438,0.000052809715270996094,0.016678666695952415,0,-2.175065040588379,0.22559002041816711,1.740784764289856,8.446840286254883,0,0.007511157542467117,7.404168128967285,4,0
17979,-225.33396911621094,-45.176025390625,0.12759985029697418,-2.103895664215088,-2.2314956188201904,180.03765869140625,-1.7881393432617188e-7,0.01729707233607769,0,-2.455681324005127,-0.07195316255092621,2.5799407958984375,8.446840286254883,0,0.01718793623149395,7.3638434410095215,4,0
17990,-225.78880310058594,-45.20376968383789,0.12759985029697418,-2.9449424743652344,-3.072542428970337,180.03765869140625,-1.7881393432617188e-7,0.01729707233607769,0,-2.521184206008911,-0.08645322918891907,2.744966506958008,8.446840286254883,0,0.01718793623149395,7.3638434410095215,4,0
18045,-226.00523376464844,-45.21660232543945,0.12759985029697418,-2.4296035766601562,-2.557203531265259,179.89353942871094,-1.7881393432617188e-7,0.01729707233607769,0,-2.4572370052337646,-0.027769707143306732,2.8240468502044678,8.446840286254883,0,0.01718793623149395,7.3638434410095215,4,0
18097,-228.35006713867188,-45.30045700073242,0.12759985029697418,-0.8715219497680664,-0.9991217851638794,179.9044952392578,0.00006753206253051758,0.01745353452861309,0,-1.8723526000976562,0.36743098497390747,-2.9727063179016113,8.446840286254883,0,0.012266190722584724,7.395206928253174,4,0
18106,-228.81338500976562,-45.35088348388672,0.12759985029697418,-4.548182487487793,-4.675782203674316,179.78448486328125,0.00006753206253051758,0.01745353452861309,0,-1.7219388484954834,0.3880471885204315,-2.876472234725952,8.446840286254883,0,0.012266190722584724,7.395206928253174,4,0
18160,-231.21170043945312,-45.5015983581543,0.12759985029697418,-2.5153841972351074,-2.64298415184021,179.5238037109375,0.00006753206253051758,0.01745353452861309,0,-1.2521264553070068,0.5050485134124756,-2.3730404376983643,8.446840286254883,0,0.012266190722584724,7.395206928253174,4,0
18217,-233.81387329101562,-45.50392532348633,0.12759985029697418,-0.6169843673706055,-0.7445842027664185,178.96661376953125,-0.0000024437904357910156,0.0015688920393586159,0,-1.4316216707229614,-0.053813159465789795,-1.989902138710022,8.446840286254883,0,0.0426863357424736,7.386246204376221,4,0
18226,-234.27122497558594,-45.51313400268555,0.12759985029697418,-1.2763252258300781,-1.4039250612258911,178.96661376953125,-0.0000024437904357910156,0.0015688920393586159,0,-1.4368911981582642,-0.06339062005281448,-1.9324443340301514,8.446840286254883,0,0.0426863357424736,7.386246204376221,4,0
18282,-236.7838134765625,-45.623992919921875,0.12759985029697418,-1.859931468963623,-1.987531304359436,178.42352294921875,-0.0000024437904357910156,0.0015688920393586159,0,-1.3515807390213013,-0.011483656242489815,-1.5395383834838867,8.446840286254883,0,0.0426863357424736,7.386246204376221,4,0
18336,-239.20985412597656,-45.60744094848633,0.12759985029697418,0.6704330444335938,0.5428332090377808,178.1227569580078,-0.0000032186508178710938,-0.012497808784246445,0,-1.3459681272506714,0.15236006677150726,-1.138836145401001,8.446840286254883,0,0.010195811279118061,7.431051731109619,4,0
18346,-239.6761016845703,-45.60087966918945,0.12759985029697418,0.23304271697998047,0.10544286668300629,178.1227569580078,-0.0000032186508178710938,-0.012497808784246445,0,-1.4329004287719727,0.15317396819591522,-1.0767301321029663,8.446840286254883,0,0.010195811279118061,7.431051731109619,4,0
18402,-242.2638397216797,-45.763038635253906,0.12759985029697418,-3.238463878631592,-3.3660638332366943,177.8662567138672,-0.0000032186508178710938,-0.012497808784246445,0,-1.9960479736328125,0.04837063327431679,-0.7405652403831482,8.446840286254883,0,0.010195811279118061,7.431051731109619,4,0
18454,-244.68296813964844,-46.46702194213867,0.12759985029697418,-14.32909870147705,-14.456698417663574,177.8666229248047,-0.00008946657180786133,-0.02999178133904934,0,-2.6666390895843506,-0.31189635396003723,0.01313120499253273,8.446840286254883,0,0.0025670500472187996,7.348160743713379,4,0
18465,-245.15158081054688,-46.57448196411133,0.12759985029697418,-10.384039878845215,-10.511639595031738,177.8666229248047,-0.00008946657180786133,-0.02999178133904934,0,-2.813751220703125,-0.3251742124557495,0.2920536398887634,8.446840286254883,0,0.0025670500472187996,7.348160743713379,4,0
18475,-245.6729736328125,-46.68586349487305,0.12759985029697418,-9.30098819732666,-9.428587913513184,177.8666229248047,-0.00008946657180786133,-0.02999178133904934,0,-2.9628238677978516,-0.2921835482120514,0.6046604514122009,8.446840286254883,0,0.0025670500472187996,7.348160743713379,4,0
18523,-247.90455627441406,-46.97775650024414,0.12759985029697418,-5.99800968170166,-6.125609397888184,177.59226989746094,-0.00008946657180786133,-0.02999178133904934,0,3.02522873878479,0.19077028334140778,1.7901227474212646,8.446840286254883,0,0.0025670500472187996,7.348160743713379,4,0
18579,-250.5381622314453,-47.59461975097656,0.12759985029697418,-10.746920585632324,-10.874520301818848,177.4199981689453,0.00008416175842285156,0.00823714304715395,0,-3.015134334564209,0.8203884959220886,2.429913282394409,8.446840286254883,0,0.020981119945645332,7.372804164886475,4,0
18588,-250.99368286132812,-47.665626525878906,0.12759985029697418,-5.513357639312744,-5.640957355499268,177.4199981689453,0.00008416175842285156,0.00823714304715395,0,-2.710829973220825,0.8529019951820374,2.5549604892730713,8.446840286254883,0,0.020981119945645332,7.372804164886475,4,0
18599,-251.5198516845703,-47.71125793457031,0.12759985029697418,-3.2079601287841797,-3.3355600833892822,177.4199981689453,0.00008416175842285156,0.00823714304715395,0,-2.7471954822540283,0.9674163460731506,2.590304136276245,8.446840286254883,0,0.020981119945645332,7.372804164886475,4,0
18649,-253.89666748046875,-47.81847381591797,0.12759985029697418,-1.9969549179077148,-2.1245548725128174,177.07945251464844,0.00008416175842285156,0.00823714304715395,0,3.013352155685425,1.468708872795105,2.405951499938965,8.446840286254883,0,0.020981119945645332,7.372804164886475,4,0
18705,-256.5522155761719,-47.28498840332031,0.12759985029697418,9.985164642333984,9.857564926147461,176.75033569335938,-0.00005125999450683594,0.022616757079958916,0,-1.158677101135254,1.2556926012039185,-1.1367863416671753,8.446840286254883,0,0.03637414798140526,7.448974609375,4,0
18716,-257.02777099609375,-47.227294921875,0.12759985029697418,5.406217575073242,5.278617858886719,176.75033569335938,-0.00005125999450683594,0.022616757079958916,0,-1.2520160675048828,1.0715439319610596,-1.1239346265792847,8.446840286254883,0,0.03637414798140526,7.448974609375,4,0
18726,-257.5417175292969,-47.181583404541016,0.12759985029697418,3.6055660247802734,3.477966070175171,176.75033569335938,-0.00005125999450683594,0.022616757079958916,0,-1.3166989088058472,0.8562971353530884,-1.074813961982727,8.446840286254883,0,0.03637414798140526,7.448974609375,4,0
18778,-260.0002136230469,-47.55767822265625,0.12759985029697418,-8.041683197021484,-8.169282913208008,176.45443725585938,-0.00005125999450683594,0.022616757079958916,0,-1.6612403392791748,-0.17853662371635437,-0.6830210089683533,8.446840286254883,0,0.03637414798140526,7.448974609375,4,0
18831,-262.5343017578125,-48.16501235961914,0.12759985029697418,-11.802762985229492,-11.930362701416016,176.0612335205078,-0.00006186962127685547,-0.027942877262830734,0,-2.3358559608459473,-0.9157844185829163,0.4749966859817505,8.446840286254883,0,-0.0012211860157549381,7.379525184631348,4,0
18841,-263.0179138183594,-48.21772003173828,0.12759985029697418,-4.907005786895752,-5.034605503082275,176.0612335205078,-0.00006186962127685547,-0.027942877262830734,0,-2.268353223800659,-0.8526039719581604,0.6501715779304504,8.446840286254883,0,-0.0012211860157549381,7.379525184631348,4,0
18852,-263.5086975097656,-48.257354736328125,0.12759985029697418,-2.8192977905273438,-2.9468977451324463,176.0612335205078,-0.00006186962127685547,-0.027942877262830734,0,-2.174957752227783,-0.8232420086860657,0.8071963787078857,8.446840286254883,0,-0.0012211860157549381,7.379525184631348,4,0
18910,-266.3203430175781,-48.33610534667969,0.12759985029697418,-1.059117317199707,-1.18671715259552,175.66712951660156,-0.00006186962127685547,-0.027942877262830734,0,-1.660784125328064,-0.7232148051261902,1.6499351263046265,8.446840286254883,0,-0.0012211860157549381,7.379525184631348,4,0
18966,-269.00079345703125,-48.29773712158203,0.12759985029697418,0.9751091003417969,0.8475092649459839,175.10617065429688,0.00010573863983154297,0.020091012120246887,0,-1.2895792722702026,-0.2729552388191223,2.094748020172119,8.446840286254883,0,0.036553118377923965,7.334719181060791,4,0
18975,-269.4966125488281,-48.322872161865234,0.12759985029697418,-1.406442642211914,-1.534042477607727,175.10617065429688,0.00010573863983154297,0.020091012120246887,0,-1.3346699476242065,0.007402959745377302,2.1694512367248535,8.446840286254883,0,0.036553118377923965,7.334719181060791,4,0
18985,-269.9859924316406,-48.325225830078125,0.12759985029697418,0.3187580108642578,0.19115816056728363,174.86195373535156,0.00010573863983154297,0.020091012120246887,0,-1.3945904970169067,0.2154833823442459,2.2309741973876953,8.446840286254883,0,0.036553118377923965,7.334719181060791,4,0
19042,-272.747802734375,-48.08727264404297,0.12759985029697418,4.911988258361816,4.784388542175293,174.6616668701172,0.00010573863983154297,0.020091012120246887,0,-1.9181960821151733,0.8326601982116699,2.252685546875,8.446840286254883,0,0.036553118377923965,7.334719181060791,4,0
19092,-275.11212158203125,-48.135318756103516,0.12759985029697418,-0.8500661849975586,-0.9776660203933716,174.55258178710938,0.00010573863983154297,0.020091012120246887,0,-2.393214702606201,0.5973907113075256,2.2749760150909424,8.446840286254883,0,0.036553118377923965,7.334719181060791,4,0
19146,-277.6876220703125,-48.81488800048828,0.12759985029697418,-13.784879684448242,-13.912479400634766,174.57061767578125,0.000001430511474609375,-0.014405176043510437,0,-2.8074986934661865,-0.12981276214122772,-3.007923126220703,8.446840286254883,0,0.02852143719792366,7.3638434410095215,4,0
19195,-280.12481689453125,-48.73658752441406,0.12759985029697418,2.0836181640625,1.956018328666687,174.76051330566406,0.000001430511474609375,-0.014405176043510437,0,3.033022403717041,0.09353703260421753,-1.2446151971817017,8.446840286254883,0,0.02852143719792366,7.3638434410095215,4,0
19251,-282.83990478515625,-48.916473388671875,0.12759985029697418,-3.1630048751831055,-3.290604829788208,173.8607635498047,-0.0001615285873413086,-0.037315722554922104,0,-2.7073986530303955,0.313075453042984,0.3180088400840759,8.446840286254883,0,0.02768697589635849,7.390726566314697,4,0
19304,-285.4982604980469,-49.81250762939453,0.12759985029697418,-16.900896072387695,-17.02849578857422,173.75949096679688,-0.0001615285873413086,-0.037315722554922104,0,-2.5244786739349365,0.9348855018615723,0.47385847568511963,8.446840286254883,0,0.02768697589635849,7.390726566314697,4,0
19357,-288.1270751953125,-49.84006881713867,0.12759985029697418,-0.6802473068237305,-0.8078471422195435,173.46141052246094,-0.00028586387634277344,-0.021647151559591293,0,1.6889485120773315,1.2494382858276367,-1.2945740222930908,8.446840286254883,0,0.015380020253360271,7.399687767028809,4,0
19408,-290.67425537109375,-49.34756088256836,0.12759985029697418,9.643632888793945,9.516033172607422,172.93406677246094,-0.00028586387634277344,-0.021647151559591293,0,0.22536714375019073,1.395085096359253,-2.2702198028564453,8.446840286254883,0,0.015380020253360271,7.399687767028809,4,0
19463,-293.37738037109375,-49.69902801513672,0.12759985029697418,-8.649807929992676,-8.7774076461792,172.73516845703125,0.000008404254913330078,0.008050866425037384,0,-1.490025281906128,0.14369966089725494,2.633363723754883,8.446840286254883,0,0.018420012667775154,7.442253589630127,4,0
19518,-296.1188049316406,-49.94255447387695,0.12759985029697418,-3.884993553161621,-4.0125932693481445,172.3081512451172,0.000008404254913330078,0.008050866425037384,0,-2.7112627029418945,-0.24487072229385376,-2.487544059753418,8.446840286254883,0,0.018420012667775154,7.442253589630127,4,0
19577,-299.0014953613281,-50.101844787597656,0.12759985029697418,-2.2755942344665527,-2.4031941890716553,172.24356079101562,0.00009071826934814453,0.01528538390994072,0,-2.34511137008667,-0.5980837345123291,-1.815646767616272,8.446840286254883,0,0.017878325656056404,7.39744758605957,4,0
19631,-301.78411865234375,-50.29300308227539,0.12759985029697418,-3.412363052368164,-3.5399630069732666,171.87103271484375,0.00009071826934814453,0.01528538390994072,0,-2.155454635620117,-0.8179731965065002,-1.2461670637130737,8.446840286254883,0,0.017878325656056404,7.39744758605957,4,0
19688,-304.5675964355469,-50.24950408935547,0.12759985029697418,1.0428504943847656,0.9152506589889526,171.31353759765625,0.00006836652755737305,0.006709761451929808,0,-1.798556923866272,-0.4420769512653351,-1.196169376373291,8.446840286254883,0,0.0037231342867016792,7.381765365600586,4,0
19746,-305.00079345703125,-50.293312072753906,0.12759985029697418,-3.9797048568725586,-4.107304573059082,170.99839782714844,0.00006836652755737305,0.006709761451929808,0,-1.8619096279144287,-0.09862782061100006,-1.2056126594543457,8.446840286254883,0,0.0037231342867016792,7.381765365600586,4,0
19803,-307.8287048339844,-50.33760070800781,0.12759985029697418,0.5371055603027344,0.4095057249069214,171.12899780273438,-0.0000527501106262207,-0.01153672207146883,0,-2.9000983238220215,0.49813199043273926,-1.3923710584640503,8.446840286254883,0,0.006865654140710831,7.395206928253174,4,0
19857,-310.60504150390625,-50.37103271484375,0.12759985029697418,-0.1183023452758789,-0.2459021955728531,171.00662231445312,-0.0000527501106262207,-0.01153672207146883,0,-2.9553749561309814,0.13217993080615997,-1.1622188091278076,8.446840286254883,0,0.006865654140710831,7.395206928253174,4,0
19913,-313.4174499511719,-50.46708297729492,0.12759985029697418,-1.6756420135498047,-1.8032418489456177,170.3715057373047,-0.000017881393432617188,0.007238743361085653,0,-2.835721015930176,-0.16477066278457642,-0.7261248230934143,8.446840286254883,0,0.026094188913702965,7.40864896774292,4,0
19923,-313.9571228027344,-50.53127670288086,0.12759985029697418,-5.227996826171875,-5.355596542358398,170.3715057373047,-0.000017881393432617188,0.007238743361085653,0,-3.0440163612365723,-0.19537971913814545,-0.5733142495155334,8.446840286254883,0,0.026094188913702965,7.40864896774292,4,0
19973,-316.4390563964844,-50.50003433227539,0.12759985029697418,0.7634706497192383,0.6358708143234253,169.9823455810547,-0.000017881393432617188,0.007238743361085653,0,2.5309104919433594,-0.1607699692249298,0.16234327852725983,8.446840286254883,0,0.026094188913702965,7.40864896774292,4,0
20028,-319.2113037109375,-50.51068115234375,0.12759985029697418,-0.1479196548461914,-0.2755194902420044,169.61451721191406,0.000018715858459472656,-0.001448631170205772,0,2.697033166885376,0.03108889050781727,1.3013427257537842,8.446840286254883,0,0.0058939168229699135,7.404168128967285,4,0
20038,-319.7547912597656,-50.50078582763672,0.12759985029697418,1.365509033203125,1.237909197807312,169.61451721191406,0.000018715858459472656,-0.001448631170205772,0,2.6956474781036377,0.0586661621928215,1.5726099014282227,8.446840286254883,0,0.0058939168229699135,7.404168128967285,4,0
20087,-322.2268981933594,-50.44111251831055,0.12759985029697418,1.3297805786132812,1.2021807432174683,169.3682861328125,0.000018715858459472656,-0.001448631170205772,0,2.760222911834717,0.2010292410850525,2.845186471939087,8.446840286254883,0,0.0058939168229699135,7.404168128967285,4,0
20141,-324.95526123046875,-50.28932571411133,0.12759985029697418,2.2692270278930664,2.141627073287964,169.15171813964844,-0.00007355213165283203,-0.018286947160959244,0,-3.0576391220092773,0.42544829845428467,-1.4144337177276611,8.446840286254883,0,0.000878751277923584,7.348160743713379,4,0
20152,-325.46075439453125,-50.270118713378906,0.12759985029697418,1.0826120376586914,0.9550122022628784,169.22752380371094,-0.00007355213165283203,-0.018286947160959244,0,-2.9302828311920166,0.43057987093925476,-1.0230509042739868,8.446840286254883,0,0.000878751277923584,7.348160743713379,4,0
20203,-328.0913391113281,-50.76943588256836,0.12759985029697418,-10.41907024383545,-10.546669960021973,169.1599578857422,-0.00007355213165283203,-0.018286947160959244,0,-2.589334487915039,-0.08573701977729797,0.8167994022369385,8.446840286254883,0,0.000878751277923584,7.348160743713379,4,0
20213,-328.5928649902344,-50.884071350097656,0.12759985029697418,-11.619215965270996,-11.74681568145752,169.09332275390625,0.000003159046173095703,0.015672801062464714,0,-2.58549427986145,-0.265656054019928,1.1157599687576294,8.446840286254883,0,0.000878751277923584,7.381765365600586,4,0
20258,-330.852783203125,-51.05580139160156,0.12759985029697418,-3.7456159591674805,-3.873215913772583,168.81793212890625,0.00014096498489379883,0.006739554926753044,0,2.9446420669555664,-0.7075918912887573,2.884428024291992,8.446840286254883,0,0.04289893060922623,7.381765365600586,4,0
20268,-331.3668212890625,-51.0462760925293,0.12759985029697418,0.8960943222045898,0.7684944868087769,168.81793212890625,0.00014096498489379883,0.006739554926753044,0,2.7234911918640137,-0.6490517854690552,-3.019874095916748,8.446840286254883,0,0.04289893060922623,7.381765365600586,4,0
20322,-334.1084289550781,-50.782901763916016,0.12759985029697418,5.5175580978393555,5.389958381652832,168.27041625976562,0.00014096498489379883,0.006739554926753044,0,2.4179999828338623,0.20564261078834534,-1.594856858253479,8.446840286254883,0,0.04289893060922623,7.381765365600586,4,0
20376,-336.9000244140625,-51.085758209228516,0.12759985029697418,-6.570836544036865,-6.698436260223389,167.80474853515625,-0.00004857778549194336,-0.013749547302722931,0,-2.8750298023223877,0.5654420256614685,0.47552141547203064,8.446840286254883,0,-0.0007301317527890205,7.379525184631348,4,0
20387,-337.41314697265625,-51.11033630371094,0.12759985029697418,-2.8798108100891113,-3.007410764694214,167.80474853515625,-0.00004857778549194336,-0.013749547302722931,0,-2.735349178314209,0.4674433469772339,0.8643501996994019,8.446840286254883,0,-0.0007301317527890205,7.379525184631348,4,0
20446,-337.859619140625,-51.14362335205078,0.12759985029697418,-3.4716849327087402,-3.5992848873138428,167.57687377929688,-0.00004857778549194336,-0.013749547302722931,0,-2.6364285945892334,0.33612796664237976,1.248975396156311,8.446840286254883,0,-0.0007301317527890205,7.379525184631348,4,0
20502,-340.7464294433594,-51.32405090332031,0.12759985029697418,-3.692078113555908,-3.8196780681610107,167.49078369140625,0.00008505582809448242,0.03829275444149971,0,-2.499936103820801,-0.555683434009552,2.7981531620025635,8.446840286254883,0,0.04273347929120064,7.3929667472839355,4,0
20513,-341.2622375488281,-51.2259407043457,0.12759985029697418,10.954866409301758,10.827266693115234,167.49078369140625,0.00008505582809448242,0.03829275444149971,0,-2.5537123680114746,-0.6509853601455688,2.961094617843628,8.446840286254883,0,0.04273347929120064,7.3929667472839355,4,0
20521,-341.7438049316406,-51.11735916137695,0.12759985029697418,11.664421081542969,11.536821365356445,167.36058044433594,0.00008505582809448242,0.03829275444149971,0,-2.6019110679626465,-0.7076322436332703,3.0858676433563232,8.446840286254883,0,0.04273347929120064,7.3929667472839355,4,0
20572,-341.8393859863281,-51.09562683105469,0.12759985029697418,11.748481750488281,11.620882034301758,167.13246154785156,0.00008505582809448242,0.03829275444149971,0,-2.6101696491241455,-0.7153251767158508,3.1069071292877197,8.446840286254883,0,0.04273347929120064,7.3929667472839355,4,0
20629,-347.1600341796875,-50.54750442504883,0.12759985029697418,-0.8615570068359375,-0.9891568422317505,166.91531372070312,-0.00012254714965820312,-0.009696446359157562,0,-2.5144317150115967,-0.5189869999885559,3.039185047149658,8.446840286254883,0,0.01642819121479988,7.4467339515686035,4,0
20638,-347.6770935058594,-50.643253326416016,0.12759985029697418,-7.88821268081665,-8.015812873840332,166.91531372070312,-0.00012254714965820312,-0.009696446359157562,0,-2.6216392517089844,-0.2115848809480667,2.9483892917633057,8.446840286254883,0,0.01642819121479988,7.4467339515686035,4,0
20650,-348.2712707519531,-50.72312927246094,0.12759985029697418,-6.239361763000488,-6.366961479187012,166.72215270996094,-0.00012254714965820312,-0.009696446359157562,0,-2.6832377910614014,-0.14140188694000244,2.783184289932251,8.446840286254883,0,0.01642819121479988,7.4467339515686035,4,0
20701,-350.8435974121094,-50.941165924072266,0.12759985029697418,-4.137159824371338,-4.264759540557861,166.63356018066406,-0.00012254714965820312,-0.009696446359157562,0,-2.997807502746582,-0.0793561190366745,2.119777202606201,8.446840286254883,0,0.01642819121479988,7.4467339515686035,4,0
20757,-353.7148132324219,-51.54859924316406,0.12759985029697418,-10.964363098144531,-11.091962814331055,166.43380737304688,0.00007671117782592773,-0.01019562128931284,0,2.8912878036499023,-0.4961482882499695,2.7546727657318115,8.446840286254883,0,0.005325643345713615,7.40864896774292,4,0
20768,-354.2344970703125,-51.70122528076172,0.12759985029697418,-14.079343795776367,-14.20694351196289,166.43380737304688,0.00007671117782592773,-0.01019562128931284,0,2.683734655380249,-0.45648428797721863,3.0581445693969727,8.446840286254883,0,0.005325643345713615,7.40864896774292,4,0
20778,-354.7991638183594,-51.831626892089844,0.12759985029697418,-10.080585479736328,-10.208185195922852,166.24252319335938,0.00007671117782592773,-0.01019562128931284,0,2.4777719974517822,-0.32496052980422974,-2.9077703952789307,8.446840286254883,0,0.005325643345713615,7.40864896774292,4,0
20831,-354.937744140625,-51.85588836669922,0.12759985029697418,-7.8113203048706055,-7.938920021057129,166.16488647460938,0.00007671117782592773,-0.01019562128931284,0,2.404829263687134,-0.2413850873708725,-2.783048629760742,8.446840286254883,0,0.005325643345713615,7.40864896774292,4,0
20885,-357.76654052734375,-51.73872375488281,0.12759985029697418,3.1680803298950195,3.040480375289917,166.1277313232422,0.00009822845458984375,-0.02013470232486725,0,-2.799708366394043,1.1035202741622925,-0.8318334221839905,8.446840286254883,0,0.03676842525601387,7.431051731109619,4,0
20895,-358.2904968261719,-51.88375473022461,0.12759985029697418,-13.55952262878418,-13.687122344970703,166.1277313232422,0.00009822845458984375,-0.02013470232486725,0,-2.5345218181610107,0.7225927710533142,-0.5175391435623169,8.446840286254883,0,0.03676842525601387,7.431051731109619,4,0
20906,-358.8692932128906,-52.041656494140625,0.12759985029697418,-14.109783172607422,-14.237382888793945,165.85426330566406,0.00009822845458984375,-0.02013470232486725,0,-2.292997121810913,0.6055812835693359,-0.2461712658405304,8.446840286254883,0,0.03676842525601387,7.431051731109619,4,0
20960,-361.68487548828125,-52.40454864501953,0.12759985029697418,-5.653625011444092,-5.781224727630615,165.69790649414062,0.00009822845458984375,-0.02013470232486725,0,-1.7339825630187988,-0.10408482700586319,0.35201847553253174,8.446840286254883,0,0.03676842525601387,7.431051731109619,4,0
21016,-364.583984375,-52.75288009643555,0.12759985029697418,-6.584273815155029,-6.711873531341553,165.1259765625,0.000013887882232666016,0.0078496802598238,0,-1.417867660522461,0.22023752331733704,0.7308282852172852,8.446840286254883,0,-0.0013237576931715012,7.386246204376221,4,0
21025,-365.1147766113281,-52.74528503417969,0.12759985029697418,2.761920928955078,2.6343209743499756,165.03627014160156,0.000013887882232666016,0.0078496802598238,0,-1.4323914051055908,0.4335886836051941,0.8357236385345459,8.446840286254883,0,-0.0013237576931715012,7.386246204376221,4,0
21036,-365.69305419921875,-52.70804214477539,0.12759985029697418,4.228221893310547,4.100622177124023,165.03627014160156,0.000013887882232666016,0.0078496802598238,0,-1.4548110961914062,0.6159406304359436,0.9377782344818115,8.446840286254883,0,-0.0013237576931715012,7.386246204376221,4,0
21094,-368.6858825683594,-52.233367919921875,0.12759985029697418,8.802957534790039,8.675357818603516,164.52505493164062,0.000013887882232666016,0.0078496802598238,0,-1.6055651903152466,1.4599922895431519,1.3226292133331299,8.446840286254883,0,-0.0013237576931715012,7.386246204376221,4,0
21149,-371.5490417480469,-52.08169174194336,0.12759985029697418,2.32930850982666,2.2017085552215576,164.4672088623047,0.000004470348358154297,-0.0018658757908269763,0,-2.309937000274658,0.9526100754737854,1.0738831758499146,8.446840286254883,0,0.010393382050096989,7.401927947998047,4,0
21158,-372.07354736328125,-52.09080505371094,0.12759985029697418,-1.4172582626342773,-1.5448580980300903,164.36727905273438,0.000004470348358154297,-0.0018658757908269763,0,-2.2320444583892822,0.7496199011802673,1.30214524269104,8.446840286254883,0,0.010393382050096989,7.401927947998047,4,0
21169,-372.6442565917969,-52.13105773925781,0.12759985029697418,-4.975412368774414,-5.1030120849609375,164.36727905273438,0.000004470348358154297,-0.0018658757908269763,0,-2.2000184059143066,0.504240095615387,1.5311158895492554,8.446840286254883,0,0.010393382050096989,7.401927947998047,4,0
21224,-375.5465393066406,-53.15962219238281,0.12759985029697418,-20.635343551635742,-20.762943267822266,164.4019317626953,0.000004470348358154297,-0.0018658757908269763,0,-2.916687488555908,-0.5462948083877563,3.0316388607025146,8.446840286254883,0,0.010393382050096989,7.401927947998047,4,0
21276,-375.5465393066406,-53.15962219238281,0.12759985029697418,-10.028528213500977,-10.1561279296875,163.87254333496094,0.000004470348358154297,-0.0018658757908269763,0,-2.9627561569213867,-0.4902006685733795,3.1122777462005615,8.446840286254883,0,0.010393382050096989,7.401927947998047,4,0
21333,-378.5628662109375,-53.267967224121094,0.12759985029697418,-2.414907455444336,-2.5425074100494385,163.7364501953125,0.000019431114196777344,0.0013304143212735653,0,-2.9996087551116943,-0.17162306606769562,-2.263392448425293,8.446840286254883,0,0.019685564562678337,7.417609691619873,4,0
21386,-381.40679931640625,-53.49355697631836,0.12759985029697418,-3.6121764183044434,-3.739776372909546,163.63009643554688,0.000019431114196777344,0.0013304143212735653,0,-1.729689121246338,-0.37915176153182983,-1.9515293836593628,8.446840286254883,0,0.019685564562678337,7.417609691619873,4,0
21442,-384.3514099121094,-53.521827697753906,0.12759985029697418,0.05552959442138672,-0.07207025587558746,163.2207794189453,-0.0001665949821472168,-0.023770593106746674,0,-1.4306480884552002,0.44761696457862854,-1.5839455127716064,8.446840286254883,0,0.0003803148865699768,7.381765365600586,4,0
21496,-384.5968017578125,-53.51438903808594,0.12759985029697418,1.8900651931762695,1.7624653577804565,162.85638427734375,-0.0001665949821472168,-0.023770593106746674,0,-1.4874076843261719,0.4790988862514496,-1.563977837562561,8.446840286254883,0,0.0003803148865699768,7.381765365600586,4,0
21550,-387.5224304199219,-54.42716979980469,0.12759985029697418,-18.65210723876953,-18.779706954956055,162.69873046875,-0.00011974573135375977,-0.020857419818639755,0,-2.041621446609497,-0.34143438935279846,-1.4092644453048706,8.446840286254883,0,0.028162170201539993,7.40864896774292,4,0
21604,-390.4818420410156,-55.374656677246094,0.12759985029697418,-17.284893035888672,-17.412492752075195,162.52589416503906,-0.00011974573135375977,-0.020857419818639755,0,2.7097296714782715,-0.6335265636444092,0.4101310670375824,8.446840286254883,0,0.028162170201539993,7.40864896774292,4,0
21658,-393.4168395996094,-55.74004364013672,0.12759985029697418,-6.909599781036377,-7.0371994972229,162.1470947265625,0.00007367134094238281,0.013527006842195988,0,2.6958558559417725,0.4157414138317108,1.4494298696517944,8.446840286254883,0,0.03340305760502815,7.415369510650635,4,0
21714,-393.7911682128906,-55.79930877685547,0.12759985029697418,-8.408997535705566,-8.53659725189209,161.738525390625,0.00007367134094238281,0.013527006842195988,0,2.7057266235351562,0.31596168875694275,1.5235859155654907,8.446840286254883,0,0.03340305760502815,7.415369510650635,4,0
21769,-396.7613220214844,-55.81772232055664,0.12759985029697418,1.083949089050293,0.95634925365448,161.5609130859375,0.000052809715270996094,0.037108100950717926,0,3.1320316791534424,-0.5545501112937927,1.747012972831726,8.446840286254883,0,0.005998877342790365,7.451214790344238,4,0
21822,-399.7971496582031,-55.98094177246094,0.12759985029697418,-2.6522183418273926,-2.779818296432495,161.20669555664062,0.000052809715270996094,0.037108100950717926,0,-2.1535913944244385,-0.49341267347335815,1.3657089471817017,8.446840286254883,0,0.005998877342790365,7.451214790344238,4,0
21877,-402.88623046875,-55.876827239990234,0.12759985029697418,3.452761650085449,3.3251616954803467,160.668212890625,-0.00017440319061279297,-0.02529796212911606,0,-2.4060795307159424,0.3178853690624237,1.0058799982070923,8.446840286254883,0,0.009847462177276611,7.448974609375,4,0
21936,-403.36175537109375,-55.8660888671875,0.12759985029697418,-0.0851449966430664,-0.2127448469400406,160.61512756347656,-0.00017440319061279297,-0.02529796212911606,0,-2.4716525077819824,0.25901398062705994,1.0156970024108887,8.446840286254883,0,0.009847462177276611,7.448974609375,4,0
21991,-406.43682861328125,-56.53274154663086,0.12759985029697418,-12.660760879516602,-12.788360595703125,160.504150390625,0.000087738037109375,0.03505919873714447,0,3.1393229961395264,-0.3692297339439392,2.2737624645233154,8.446840286254883,0,0.032823774963617325,7.386246204376221,4,0
22001,-407.0516052246094,-56.58832931518555,0.12759985029697418,-3.1450395584106445,-3.272639513015747,160.55406188964844,0.000087738037109375,0.03505919873714447,0,2.964569568634033,-0.2559671700000763,2.6636390686035156,8.446840286254883,0,0.032823774963617325,7.386246204376221,4,0
22052,-407.0516052246094,-56.58832931518555,0.12759985029697418,-2.471179485321045,-2.5987794399261475,160.8045196533203,0.000087738037109375,0.03505919873714447,0,2.941291570663452,-0.22794555127620697,2.731393814086914,8.446840286254883,0,0.032823774963617325,7.386246204376221,4,0
22106,-410.06597900390625,-56.678749084472656,0.12759985029697418,-2.083014488220215,-2.2106144428253174,160.1367950439453,0.000044226646423339844,-0.0002863583795260638,0,-3.0761237144470215,0.23269060254096985,-2.331749677658081,8.446840286254883,0,0.022459274157881737,7.404168128967285,4,0
22116,-410.6709899902344,-56.77756881713867,0.12759985029697418,-9.751407623291016,-9.879007339477539,160.1367950439453,0.000044226646423339844,-0.0002863583795260638,0,-3.0169615745544434,0.30105677247047424,-2.295523166656494,8.446840286254883,0,0.022459274157881737,7.404168128967285,4,0
22168,-410.6709899902344,-56.77756881713867,0.12759985029697418,-10.140069961547852,-10.267669677734375,159.6298370361328,0.000044226646423339844,-0.0002863583795260638,0,-3.0073440074920654,0.31491243839263916,-2.2929203510284424,8.446840286254883,0,0.022459274157881737,7.404168128967285,4,0
22222,-413.65386962890625,-56.9920654296875,0.12759985029697418,-3.3511619567871094,-3.478761911392212,159.30007934570312,-0.00005221366882324219,0.0063744597136974335,0,-2.3146109580993652,0.5757538080215454,-2.9248647689819336,8.446840286254883,0,0.000905768945813179,7.444493770599365,4,0
22232,-414.2366027832031,-56.9842529296875,0.12759985029697418,1.0695972442626953,0.9419974088668823,159.30007934570312,-0.00005221366882324219,0.0063744597136974335,0,-2.448267698287964,0.7444721460342407,-2.971823215484619,8.446840286254883,0,0.000905768945813179,7.444493770599365,4,0
22279,-416.9962463378906,-56.911895751953125,0.12759985029697418,1.6724882125854492,1.5448883771896362,158.8553924560547,-0.00005221366882324219,0.0063744597136974335,0,-2.898765802383423,1.0591473579406738,2.8921966552734375,8.446840286254883,0,0.000905768945813179,7.444493770599365,4,0
22289,-417.5778503417969,-56.947105407714844,0.12759985029697418,-3.8040595054626465,-3.931659460067749,158.8553924560547,-0.00007063150405883789,-0.004048903472721577,0,-3.021240711212158,1.0314304828643799,2.9363410472869873,8.446840286254883,0,0.000905768945813179,7.457935333251953,4,0
22336,-420.19403076171875,-57.13697814941406,0.12759985029697418,-4.012335300445557,-4.13993501663208,158.61965942382812,-0.00011593103408813477,-0.027786454185843468,0,-3.1301116943359375,0.9496666193008423,-3.0692317485809326,8.446840286254883,0,-0.00010864995419979095,7.457935333251953,4,0
22345,-420.7691345214844,-57.204166412353516,0.12759985029697418,-6.718218803405762,-6.845818519592285,158.4886932373047,-0.00011593103408813477,-0.027786454185843468,0,-3.0876352787017822,0.9450935125350952,-2.93540620803833,8.446840286254883,0,-0.00010864995419979095,7.457935333251953,4,0
22403,-421.1455078125,-57.24924850463867,0.12759985029697418,-6.835086822509766,-6.962686538696289,158.39456176757812,-0.00011593103408813477,-0.027786454185843468,0,-3.0391671657562256,0.940726101398468,-2.8082990646362305,8.446840286254883,0,-0.00010864995419979095,7.457935333251953,4,0
22459,-424.3037109375,-57.27169418334961,0.12759985029697418,-0.0679616928100586,-0.19556154310703278,158.30189514160156,-0.00011265277862548828,-0.004495943430811167,0,3.0514626502990723,0.9517937302589417,-1.1849665641784668,8.446840286254883,0,-0.0010959516512230039,7.372804164886475,4,0
22469,-424.8902587890625,-57.25535202026367,0.12759985029697418,2.011019706726074,1.8834198713302612,158.0807647705078,-0.00011265277862548828,-0.004495943430811167,0,-2.839137315750122,0.9888232946395874,-0.7189351916313171,8.446840286254883,0,-0.0010959516512230039,7.372804164886475,4,0
22524,-428.09246826171875,-57.34560775756836,0.12759985029697418,-1.865185260772705,-1.992785096168518,157.7372283935547,-0.00011265277862548828,-0.004495943430811167,0,-2.2602217197418213,0.5404052138328552,0.6694661974906921,8.446840286254883,0,-0.0010959516512230039,7.372804164886475,4,0
22583,-431.3770446777344,-57.39657211303711,0.12759985029697418,0.24676036834716797,0.11916051805019379,157.03553771972656,0.000006973743438720703,-0.0044586872681975365,0,-2.3840553760528564,-0.542843222618103,1.2688086032867432,8.446840286254883,0,0.008343425579369068,7.410889148712158,4,0
22592,-432.01885986328125,-57.44589614868164,0.12759985029697418,-4.243463039398193,-4.371062755584717,157.03553771972656,0.000006973743438720703,-0.0044586872681975365,0,-2.4692177772521973,-0.4428049921989441,1.321244239807129,8.446840286254883,0,0.008343425579369068,7.410889148712158,4,0
22651,-435.35064697265625,-57.6107292175293,0.12759985029697418,-2.4903922080993652,-2.6179921627044678,156.91094970703125,0.000006973743438720703,-0.0044586872681975365,0,-2.979408025741577,0.0828106701374054,1.3986543416976929,8.446840286254883,0,0.008343425579369068,7.410889148712158,4,0
22706,-438.4928283691406,-57.156681060791016,0.12759985029697418,8.98219108581543,8.854591369628906,156.48631286621094,-0.00006693601608276367,0.007283425889909267,0,-3.0388264656066895,0.30809134244918823,1.8764171600341797,8.446840286254883,0,-0.0006635906174778938,7.386246204376221,4,0
22716,-439.1263732910156,-57.08544921875,0.12759985029697418,5.633955955505371,5.506356239318848,156.48631286621094,-0.00006693601608276367,0.007283425889909267,0,-2.979564666748047,0.27288109064102173,2.179246187210083,8.446840286254883,0,-0.0006635906174778938,7.386246204376221,4,0
22726,-439.6910705566406,-57.049705505371094,0.12759985029697418,2.4937820434570312,2.3661820888519287,156.34088134765625,-0.00006693601608276367,0.007283425889909267,0,-2.9464969635009766,0.22809943556785583,2.4504683017730713,8.446840286254883,0,-0.0006635906174778938,7.386246204376221,4,0
22773,-442.35009765625,-57.05501937866211,0.12759985029697418,0.013564109802246094,-0.11403574049472809,156.1767120361328,-0.00006693601608276367,0.007283425889909267,0,-2.9934375286102295,0.017397288233041763,-2.599111795425415,8.446840286254883,0,-0.0006635906174778938,7.386246204376221,4,0
22829,-445.5120849609375,-57.174346923828125,0.12759985029697418,-2.0417981147766113,-2.169398069381714,156.0152130126953,0.00011539459228515625,-0.004518294706940651,0,-2.943779468536377,-0.005904843099415302,-1.6431068181991577,8.446840286254883,0,0.008485568687319756,7.327998161315918,4,0
22838,-446.0982971191406,-57.18077850341797,0.12759985029697418,0.28721046447753906,0.15961061418056488,156.0152130126953,0.00011539459228515625,-0.004518294706940651,0,-2.8698270320892334,0.13332900404930115,-1.5205988883972168,8.446840286254883,0,0.008485568687319756,7.327998161315918,4,0
22848,-446.67816162109375,-57.16832733154297,0.12759985029697418,1.962118148803711,1.834518313407898,156.0758514404297,0.00011539459228515625,-0.004518294706940651,0,-2.8044378757476807,0.21460729837417603,-1.3866904973983765,8.446840286254883,0,0.008485568687319756,7.327998161315918,4,0
22903,-449.7748718261719,-56.962337493896484,0.12759985029697418,4.068717956542969,3.941118001937866,156.14285278320312,0.00011539459228515625,-0.004518294706940651,0,-2.611936092376709,0.3752748668193817,-0.6092028617858887,8.446840286254883,0,0.008485568687319756,7.327998161315918,4,0
22960,-453.0409851074219,-56.767303466796875,0.12759985029697418,3.5003137588500977,3.372713804244995,155.71832275390625,0.00009548664093017578,0.014339137822389603,0,-2.552938461303711,0.4838515520095825,-0.030761240050196648,8.446840286254883,0,0.028901295736432076,7.455695152282715,4,0
22970,-453.6128234863281,-56.78464889526367,0.12759985029697418,-1.2159500122070312,-1.3435498476028442,155.56590270996094,0.00009548664093017578,0.014339137822389603,0,-2.427377939224243,0.5303758382797241,0.02979440614581108,8.446840286254883,0,0.028901295736432076,7.455695152282715,4,0
22980,-454.1884460449219,-56.795955657958984,0.12759985029697418,-0.9924631118774414,-1.1200629472732544,155.56590270996094,0.00009548664093017578,0.014339137822389603,0,-2.323615312576294,0.5644748210906982,0.09716154634952545,8.446840286254883,0,0.028901295736432076,7.455695152282715,4,0
23034,-457.2221374511719,-56.805545806884766,0.12759985029697418,0.07804679870605469,-0.049553051590919495,155.27825927734375,0.00009548664093017578,0.014339137822389603,0,-1.9429391622543335,0.6653614640235901,0.498355507850647,8.446840286254883,0,0.028901295736432076,7.455695152282715,4,0
23090,-460.36383056640625,-56.97930908203125,0.12759985029697418,-2.99869441986084,-3.1262943744659424,155.2456817626953,-0.0000012516975402832031,-0.011946508660912514,0,-1.6460967063903809,0.7474383115768433,0.8922520279884338,8.446840286254883,0,0.0007523829117417336,7.372804164886475,4,0
23099,-460.9454650878906,-57.032470703125,0.12759985029697418,-4.772642612457275,-4.900242328643799,155.12979125976562,-0.0000012516975402832031,-0.011946508660912514,0,-1.645555853843689,0.6643043756484985,0.9845917820930481,8.446840286254883,0,0.0007523829117417336,7.372804164886475,4,0
23110,-461.5662536621094,-57.08457565307617,0.12759985029697418,-4.283238887786865,-4.410838603973389,155.12979125976562,-0.0000012516975402832031,-0.011946508660912514,0,-1.635175108909607,0.5881747603416443,1.0760366916656494,8.446840286254883,0,0.0007523829117417336,7.372804164886475,4,0
23168,-461.94921875,-57.11347579956055,0.12759985029697418,-4.021826267242432,-4.149425983428955,154.84971618652344,-0.0000012516975402832031,-0.011946508660912514,0,-1.5868667364120483,0.5817504525184631,1.1333357095718384,8.446840286254883,0,0.0007523829117417336,7.372804164886475,4,0
23220,-464.8810119628906,-57.065067291259766,0.12759985029697418,1.0603790283203125,0.9327791929244995,154.43556213378906,0.000004231929779052734,-0.01819010265171528,0,-1.601994514465332,0.32587262988090515,1.4977293014526367,8.446840286254883,0,0.00845432560890913,7.4467339515686035,4,0
23229,-465.4649963378906,-57.0431022644043,0.12759985029697418,2.204538345336914,2.0769383907318115,154.0675048828125,0.000004231929779052734,-0.01819010265171528,0,-1.6014970541000366,0.21981066465377808,1.570618987083435,8.446840286254883,0,0.00845432560890913,7.4467339515686035,4,0
23239,-466.0422058105469,-57.024879455566406,0.12759985029697418,1.7684135437011719,1.6408137083053589,154.0675048828125,0.000004231929779052734,-0.01819010265171528,0,-1.609300136566162,0.1412922739982605,1.6415668725967407,8.446840286254883,0,0.00845432560890913,7.4467339515686035,4,0
23302,-466.55938720703125,-57.01464080810547,0.12759985029697418,0.624140739440918,0.496540904045105,153.5498046875,0.000004231929779052734,-0.01819010265171528,0,-1.6184337139129639,0.10110894590616226,1.7164243459701538,8.446840286254883,0,0.00845432560890913,7.4467339515686035,4,0
23350,-469.34210205078125,-56.96464920043945,0.12759985029697418,1.2157354354858398,1.0881356000900269,153.4300537109375,0.000004231929779052734,-0.01819010265171528,0,-1.7805233001708984,0.6243845820426941,1.8338309526443481,8.446840286254883,0,0.00845432560890913,7.4467339515686035,4,0
23403,-472.2935485839844,-57.25700759887695,0.12759985029697418,-6.613360404968262,-6.740960121154785,153.45384216308594,0.00005125999450683594,0.0006002846057526767,0,-2.239100694656372,0.13224942982196808,2.175541639328003,8.446840286254883,0,0.009518463164567947,7.336959362030029,4,0
23455,-472.40777587890625,-57.269622802734375,0.12759985029697418,-7.055116653442383,-7.182716369628906,153.49156188964844,0.00005125999450683594,0.0006002846057526767,0,-2.2639319896698,0.05547156557440758,2.263854503631592,8.446840286254883,0,0.009518463164567947,7.336959362030029,4,0
23508,-475.3766174316406,-57.1641845703125,0.12759985029697418,2.416780471801758,2.2891805171966553,152.8527374267578,0.000006079673767089844,-0.025663018226623535,0,-2.67815899848938,-0.4762898087501526,-2.6221659183502197,8.446840286254883,0,0.024762660264968872,7.406408309936523,4,0
23557,-478.2279968261719,-57.42832946777344,0.12759985029697418,-5.540774345397949,-5.668374061584473,152.67636108398438,0.000006079673767089844,-0.025663018226623535,0,-2.756113290786743,-0.019672062247991562,-2.2177934646606445,8.446840286254883,0,0.024762660264968872,7.406408309936523,4,0
23612,-481.407958984375,-57.83507537841797,0.12759985029697418,-7.166411876678467,-7.29401159286499,152.13204956054688,-0.0001017451286315918,-0.001202762476168573,0,3.0294508934020996,0.586915135383606,-2.5391547679901123,8.446840286254883,0,0.008854832500219345,7.341439723968506,4,0
23667,-481.6713562011719,-57.83916473388672,0.12759985029697418,-0.7073974609375,-0.834997296333313,151.72665405273438,-0.0001017451286315918,-0.001202762476168573,0,2.9690935611724854,0.6165988445281982,-2.5160748958587646,8.446840286254883,0,0.008854832500219345,7.341439723968506,4,0
23721,-484.8281555175781,-57.7457160949707,0.12759985029697418,2.48380184173584,2.3562018871307373,151.76409912109375,4.76837158203125e-7,0.022274021059274673,0,-2.8113694190979004,0.9380251169204712,-1.0564610958099365,8.446840286254883,0,0.0063102226704359055,7.471377372741699,4,0
23776,-488.0039978027344,-57.71033477783203,0.12759985029697418,0.8073348999023438,0.6797350645065308,151.67759704589844,4.76837158203125e-7,0.022274021059274673,0,-1.8714115619659424,0.700074315071106,0.5232206583023071,8.446840286254883,0,0.0063102226704359055,7.471377372741699,4,0
23830,-491.0877380371094,-58.09166717529297,0.12759985029697418,-6.913954257965088,-7.041553974151611,151.34674072265625,0.0000035762786865234375,-0.004570426885038614,0,-1.455188512802124,-0.018536662682890892,1.2100058794021606,8.446840286254883,0,0.028972802683711052,7.431051731109619,4,0
23887,-494.4222717285156,-58.185157775878906,0.12759985029697418,-1.1494417190551758,-1.2770415544509888,150.79739379882812,0.0000035762786865234375,-0.004570426885038614,0,-1.2257359027862549,-0.7109777331352234,1.6118663549423218,8.446840286254883,0,0.028972802683711052,7.431051731109619,4,0
23941,-497.53131103515625,-58.18947982788086,0.12759985029697418,0.20890045166015625,0.08130060136318207,150.62046813964844,0.00003045797348022461,-0.008176499046385288,0,-1.1568602323532104,-0.3751439154148102,2.2296247482299805,8.446840286254883,0,0.01268589124083519,7.361602783203125,4,0
23996,-500.76080322265625,-58.12933349609375,0.12759985029697418,1.573866844177246,1.446267008781433,150.07237243652344,0.00003045797348022461,-0.008176499046385288,0,-1.4215606451034546,0.1262461543083191,2.757089614868164,8.446840286254883,0,0.01268589124083519,7.361602783203125,4,0
24052,-503.964111328125,-58.175270080566406,0.12759985029697418,-0.3960542678833008,-0.5236541032791138,149.51792907714844,-0.00006729364395141602,-0.02107345685362816,0,-1.3729019165039062,0.7434073090553284,2.68003249168396,8.446840286254883,0,-0.0012521289754658937,7.388486385345459,4,0
24110,-504.4859313964844,-58.16943359375,0.12759985029697418,0.8506889343261719,0.7230890989303589,149.17152404785156,-0.00006729364395141602,-0.02107345685362816,0,-1.4269623756408691,0.7467628121376038,2.6269633769989014,8.446840286254883,0,-0.0012521289754658937,7.388486385345459,4,0
24168,-504.9443054199219,-58.195377349853516,0.12759985029697418,-2.933690071105957,-3.0612900257110596,149.0341796875,-0.00011557340621948242,-0.03358297795057297,0,-1.6793798208236694,0.6126075983047485,2.7873291969299316,8.446840286254883,0,-0.0025542350485920906,7.440013408660889,4,0
24179,-505.5356750488281,-58.19562911987305,0.12759985029697418,-0.8603382110595703,-0.9879380464553833,149.0341796875,-0.00011557340621948242,-0.03358297795057297,0,-1.6471055746078491,0.3137660026550293,2.908428907394409,8.446840286254883,0,-0.0025542350485920906,7.440013408660889,4,0
24229,-505.5356750488281,-58.19562911987305,0.12759985029697418,-1.717301368713379,-1.844901204109192,148.79388427734375,-0.00011557340621948242,-0.03358297795057297,0,-1.6438019275665283,0.25339487195014954,2.9293079376220703,8.446840286254883,0,-0.0025542350485920906,7.440013408660889,4,0
24284,-508.7273254394531,-57.88026809692383,0.12759985029697418,6.738370895385742,6.610771179199219,148.50523376464844,-0.0000023245811462402344,-0.009763460606336594,0,-1.6798454523086548,-0.6295179724693298,-2.939826011657715,8.446840286254883,0,0.003073464147746563,7.345920562744141,4,0
24295,-509.3110656738281,-57.86419677734375,0.12759985029697418,1.4838571548461914,1.3562573194503784,148.28268432617188,-0.0000023245811462402344,-0.009763460606336594,0,-1.7896465063095093,-0.49657174944877625,-2.8471879959106445,8.446840286254883,0,0.003073464147746563,7.345920562744141,4,0
24342,-512.1083374023438,-58.121681213378906,0.12759985029697418,-5.478291988372803,-5.605891704559326,148.15963745117188,-0.0000023245811462402344,-0.009763460606336594,0,-2.249479055404663,-0.21906594932079315,-2.792041778564453,8.446840286254883,0,0.003073464147746563,7.345920562744141,4,0
24400,-515.4541625976562,-58.303016662597656,0.12759985029697418,-2.6155166625976562,-2.743116617202759,147.72427368164062,-0.00007861852645874023,-0.006544806063175201,0,-2.7850399017333984,-0.06499473005533218,-2.8043954372406006,8.446840286254883,0,0.003175768069922924,7.336959362030029,4,0
24411,-516.0413208007812,-58.36952209472656,0.12759985029697418,-6.908175468444824,-7.035775184631348,147.72427368164062,-0.00007861852645874023,-0.006544806063175201,0,-2.8839879035949707,-0.1154903918504715,-2.632079839706421,8.446840286254883,0,0.003175768069922924,7.336959362030029,4,0
24460,-518.9698486328125,-58.60210037231445,0.12759985029697418,-4.3710103034973145,-4.498610019683838,147.40940856933594,-0.00007861852645874023,-0.006544806063175201,0,2.861485481262207,-0.05408724769949913,-1.6019572019577026,8.446840286254883,0,0.003175768069922924,7.336959362030029,4,0
24516,-522.2283935546875,-58.54637908935547,0.12759985029697418,1.9023561477661133,1.7747563123703003,147.27943420410156,-0.00005257129669189453,-0.03253988176584244,0,-3.053311586380005,0.6372038722038269,0.07536213099956512,8.446840286254883,0,0.0015256637707352638,7.375044822692871,4,0
24525,-522.8181762695312,-58.601009368896484,0.12759985029697418,-5.458675384521484,-5.586275100708008,147.27943420410156,-0.00005257129669189453,-0.03253988176584244,0,-2.828191041946411,0.4735782742500305,0.38130345940589905,8.446840286254883,0,0.0015256637707352638,7.375044822692871,4,0
24576,-525.7725830078125,-58.723350524902344,0.12759985029697418,-1.8263401985168457,-1.9539400339126587,146.86778259277344,-0.00005257129669189453,-0.03253988176584244,0,-2.543813467025757,-0.3629456162452698,1.3761576414108276,8.446840286254883,0,0.0015256637707352638,7.375044822692871,4,0
24632,-529.0029907226562,-58.92700958251953,0.12759985029697418,-3.4445343017578125,-3.572134256362915,146.7579803466797,0.00012940168380737305,0.03265270218253136,0,-2.3465256690979004,-0.786783754825592,1.973061203956604,8.446840286254883,0,0.00371701642870903,7.415369510650635,4,0
24642,-529.606201171875,-58.97211456298828,0.12759985029697418,-4.536768436431885,-4.664368152618408,146.55206298828125,0.00012940168380737305,0.03265270218253136,0,-2.3430657386779785,-0.7436800003051758,2.021935224533081,8.446840286254883,0,0.00371701642870903,7.415369510650635,4,0
24696,-532.859619140625,-59.25535202026367,0.12759985029697418,-5.047295093536377,-5.1748948097229,146.42556762695312,0.00012940168380737305,0.03265270218253136,0,-2.2749922275543213,-0.4554029703140259,2.1965456008911133,8.446840286254883,0,0.00371701642870903,7.415369510650635,4,0
24748,-535.9421997070312,-59.64731979370117,0.12759985029697418,-7.324474811553955,-7.4520745277404785,146.2013702392578,0.00004947185516357422,0.007112103048712015,0,-2.2758049964904785,-0.123194120824337,2.26090407371521,8.446840286254883,0,0.0011573894880712032,7.386246204376221,4,0
24759,-536.5421142578125,-59.71634292602539,0.12759985029697418,-6.59050178527832,-6.718101501464844,146.2013702392578,0.00004947185516357422,0.007112103048712015,0,-2.2902512550354004,-0.07395907491445541,2.2711217403411865,8.446840286254883,0,0.0011573894880712032,7.386246204376221,4,0
24812,-539.7807006835938,-60.024959564208984,0.12759985029697418,-5.42647647857666,-5.554076194763184,145.94288635253906,0.00004947185516357422,0.007112103048712015,0,-2.3815102577209473,0.15271472930908203,2.31978178024292,8.446840286254883,0,0.0011573894880712032,7.386246204376221,4,0
24868,-543.0816040039062,-59.947021484375,0.12759985029697418,1.8074932098388672,1.6798933744430542,145.37930297851562,3.5762786865234375e-7,0.019167127087712288,0,-2.314338445663452,0.5312842726707458,2.407431125640869,8.446840286254883,0,0.0019722450524568558,7.341439723968506,4,0
24877,-543.6973266601562,-59.92924499511719,0.12759985029697418,1.406264305114746,1.278664469718933,145.37930297851562,3.5762786865234375e-7,0.019167127087712288,0,-2.3474252223968506,0.49541234970092773,2.4545271396636963,8.446840286254883,0,0.0019722450524568558,7.341439723968506,4,0
24888,-544.3603515625,-59.9197998046875,0.12759985029697418,0.7479591369628906,0.6203593015670776,145.17807006835938,3.5762786865234375e-7,0.019167127087712288,0,-2.393333673477173,0.4609851539134979,2.5094821453094482,8.446840286254883,0,0.0019722450524568558,7.341439723968506,4,0
24937,-547.2638549804688,-59.9039421081543,0.12759985029697418,0.45483875274658203,0.32723891735076904,144.97628784179688,3.5762786865234375e-7,0.019167127087712288,0,-2.509605884552002,0.43039217591285706,2.7674403190612793,8.446840286254883,0,0.0019722450524568558,7.341439723968506,4,0
24993,-550.5792236328125,-59.94417953491211,0.12759985029697418,-0.4747743606567383,-0.6023741960525513,144.5079345703125,-0.000009834766387939453,0.0016880629118531942,0,-2.902905225753784,0.4974762797355652,-3.0561652183532715,8.446840286254883,0,0.0003751832991838455,7.415369510650635,4,0
25003,-551.2518310546875,-59.8720588684082,0.12759985029697418,6.886312484741211,6.7587127685546875,144.5079345703125,-0.000009834766387939453,0.0016880629118531942,0,-2.870699644088745,0.47854363918304443,-2.851579189300537,8.446840286254883,0,0.0003751832991838455,7.415369510650635,4,0
25014,-551.8819580078125,-59.793853759765625,0.12759985029697418,7.76622200012207,7.638622283935547,144.40469360351562,-0.000009834766387939453,0.0016880629118531942,0,-2.8268425464630127,0.44707971811294556,-2.6306960582733154,8.446840286254883,0,0.0003751832991838455,7.415369510650635,4,0
25058,-554.5079956054688,-59.606468200683594,0.12759985029697418,4.387624740600586,4.2600250244140625,144.26893615722656,-0.000009834766387939453,0.0016880629118531942,0,-2.7291183471679688,0.21558338403701782,-1.6889758110046387,8.446840286254883,0,0.0003751832991838455,7.415369510650635,4,0
25114,-557.789306640625,-59.50313186645508,0.12759985029697418,1.6925573348999023,1.5649574995040894,143.92691040039062,-0.000030994415283203125,-0.009167422540485859,0,-2.893646478652954,-0.14201734960079193,-0.17490532994270325,8.446840286254883,0,0.003585485741496086,7.368323802947998,4,0
25123,-558.3905639648438,-59.468482971191406,0.12759985029697418,3.4059581756591797,3.278358221054077,143.92691040039062,-0.000030994415283203125,-0.009167422540485859,0,-2.919729709625244,-0.12447770684957504,0.03824695944786072,8.446840286254883,0,0.003585485741496086,7.368323802947998,4,0
25134,-559.0533447265625,-59.43531799316406,0.12759985029697418,3.0039234161376953,2.8763234615325928,143.92691040039062,-0.000030994415283203125,-0.009167422540485859,0,-2.9083783626556396,-0.11502682417631149,0.24990621209144592,8.446840286254883,0,0.003585485741496086,7.368323802947998,4,0
25187,-562.1644897460938,-59.29530334472656,0.12759985029697418,2.810548782348633,2.6829488277435303,143.6401824951172,-0.000030994415283203125,-0.009167422540485859,0,-2.7380449771881104,-0.10350054502487183,1.1119952201843262,8.446840286254883,0,0.003585485741496086,7.368323802947998,4,0
25243,-565.456787109375,-59.19044494628906,0.12759985029697418,2.137866973876953,2.0102670192718506,143.39198303222656,0.000011742115020751953,-0.01758657954633236,0,-2.4145612716674805,0.0021672097500413656,1.58616304397583,8.446840286254883,0,0.0036755092442035675,7.375044822692871,4,0
25252,-566.063720703125,-59.16864013671875,0.12759985029697418,2.444920539855957,2.3173205852508545,143.39198303222656,0.000011742115020751953,-0.01758657954633236,0,-2.371060848236084,0.08098305016756058,1.6238619089126587,8.446840286254883,0,0.0036755092442035675,7.375044822692871,4,0
25264,-566.664794921875,-59.1444091796875,0.12759985029697418,2.7235183715820312,2.5959184169769287,143.1680450439453,0.000011742115020751953,-0.01758657954633236,0,-2.3438830375671387,0.1694444864988327,1.6544818878173828,8.446840286254883,0,0.0036755092442035675,7.375044822692871,4,0
25318,-569.9378051757812,-58.97008514404297,0.12759985029697418,3.349733352661133,3.2221333980560303,143.0413818359375,0.000011742115020751953,-0.01758657954633236,0,-2.2595043182373047,0.46104317903518677,1.7993627786636353,8.446840286254883,0,0.0036755092442035675,7.375044822692871,4,0
25375,-573.2457885742188,-58.80680847167969,0.12759985029697418,3.1753358840942383,3.0477359294891357,142.58641052246094,-0.00000286102294921875,0.023518266156315804,0,-2.3890187740325928,0.7726393938064575,1.9893196821212769,8.446840286254883,0,-0.003548623062670231,7.4131293296813965,4,0
25384,-573.8487548828125,-58.8150749206543,0.12759985029697418,-0.8047513961791992,-0.9323512315750122,142.58641052246094,-0.00000286102294921875,0.023518266156315804,0,-2.358201026916504,0.799236536026001,2.115370273590088,8.446840286254883,0,-0.003548623062670231,7.4131293296813965,4,0
25394,-574.4445190429688,-58.82566833496094,0.12759985029697418,-0.9893865585327148,-1.1169863939285278,142.49208068847656,-0.00000286102294921875,0.023518266156315804,0,-2.3178083896636963,0.8096257448196411,2.2562332153320312,8.446840286254883,0,-0.003548623062670231,7.4131293296813965,4,0
25405,-575.087646484375,-58.84128189086914,0.12759985029697418,-1.494135856628418,-1.621735692024231,142.49208068847656,-0.00000286102294921875,0.023518266156315804,0,-2.267380475997925,0.8061766624450684,2.4224443435668945,8.446840286254883,0,-0.003548623062670231,7.4131293296813965,4,0
25453,-577.8864135742188,-58.91006088256836,0.12759985029697418,-1.3192882537841797,-1.4468880891799927,142.3326873779297,-0.00000286102294921875,0.023518266156315804,0,-2.2467451095581055,0.8782254457473755,3.0381951332092285,8.446840286254883,0,-0.003548623062670231,7.4131293296813965,4,0
25506,-581.028564453125,-59.28376770019531,0.12759985029697418,-7.136646270751953,-7.264245986938477,142.28671264648438,-0.00003600120544433594,-0.024299567565321922,0,-2.0062224864959717,0.29689139127731323,-2.4190924167633057,8.446840286254883,0,-0.0014315536245703697,7.440013408660889,4,0
25516,-581.626953125,-59.31640625,0.12759985029697418,-2.4617834091186523,-2.589383363723755,142.21649169921875,-0.00003600120544433594,-0.024299567565321922,0,-2.0244076251983643,0.2483159452676773,-2.2843234539031982,8.446840286254883,0,-0.0014315536245703697,7.440013408660889,4,0
25526,-582.2267456054688,-59.33362579345703,0.12759985029697418,-1.0633459091186523,-1.1909457445144653,142.21649169921875,-0.00003600120544433594,-0.024299567565321922,0,-2.0337674617767334,0.20076614618301392,-2.1551733016967773,8.446840286254883,0,-0.0014315536245703697,7.440013408660889,4,0
25588,-582.8856811523438,-59.338008880615234,0.12759985029697418,0.10522174835205078,-0.0223781019449234,141.83441162109375,-0.00003600120544433594,-0.024299567565321922,0,-2.0369672775268555,0.1530858725309372,-2.0208580493927,8.446840286254883,0,-0.0014315536245703697,7.440013408660889,4,0
25589,-582.8856811523438,-59.338008880615234,0.12759985029697418,0.29709434509277344,0.16949449479579926,141.83441162109375,-0.00003600120544433594,-0.024299567565321922,0,-2.036917209625244,0.14505845308303833,-1.9976205825805664,8.446840286254883,0,-0.0014315536245703697,7.440013408660889,4,0
25638,-585.7647094726562,-59.3824348449707,0.12759985029697418,-0.7883882522583008,-0.9159880876541138,141.5305938720703,-0.00003600120544433594,-0.024299567565321922,0,-1.9991785287857056,0.08545596897602081,-1.617986798286438,8.446840286254883,0,-0.0014315536245703697,7.440013408660889,4,0
25695,-589.0677490234375,-59.50868225097656,0.12759985029697418,-2.0772690773010254,-2.204869031906128,141.3064422607422,0.000003159046173095703,-0.004503381438553333,0,-1.977182388305664,0.189407616853714,-1.3663980960845947,8.446840286254883,0,0.0009683822281658649,7.410889148712158,4,0
25747,-592.2322998046875,-59.65618896484375,0.12759985029697418,-2.5531105995178223,-2.680710554122925,140.78623962402344,0.000003159046173095703,-0.004503381438553333,0,-2.1634857654571533,0.6451669335365295,-1.2212938070297241,8.446840286254883,0,0.0009683822281658649,7.410889148712158,4,0
25804,-595.6322631835938,-59.6215934753418,0.12759985029697418,0.3998546600341797,0.2722548246383667,140.29367065429688,-0.00010985136032104492,-0.013488790020346642,0,-2.3352081775665283,0.3114180266857147,-0.7977308034896851,8.446840286254883,0,-0.009069285355508327,7.455695152282715,4,0
25858,-598.905029296875,-60.043582916259766,0.12759985029697418,-8.603252410888672,-8.730852127075195,140.27435302734375,-0.00010985136032104492,-0.013488790020346642,0,-2.739804744720459,-0.3362981081008911,0.24503697454929352,8.446840286254883,0,-0.009069285355508327,7.455695152282715,4,0
25913,-602.1400146484375,-60.01946258544922,0.12759985029697418,1.1882591247558594,1.0606592893600464,140.1055908203125,-0.000009179115295410156,-0.019628062844276428,0,-2.867133617401123,0.34540319442749023,1.4606842994689941,8.446840286254883,0,0.010273607447743416,7.415369510650635,4,0
25970,-602.5546875,-60.00948715209961,0.12759985029697418,2.0157089233398438,1.8881090879440308,140.07504272460938,-0.000009179115295410156,-0.019628062844276428,0,-2.8232016563415527,0.38534170389175415,1.615004062652588,8.446840286254883,0,0.010273607447743416,7.415369510650635,4,0
26026,-605.9247436523438,-59.72059631347656,0.12759985029697418,5.43221378326416,5.304614067077637,139.67991638183594,-0.000016450881958007812,0.004392618779093027,0,-2.7305479049682617,0.7178546786308289,2.108780860900879,8.446840286254883,0,0.007492420729249716,7.442253589630127,4,0
26081,-609.20458984375,-59.405887603759766,0.12759985029697418,5.838717460632324,5.711117744445801,139.06466674804688,-0.000016450881958007812,0.004392618779093027,0,-2.6727025508880615,0.8422165513038635,2.7120361328125,8.446840286254883,0,0.007492420729249716,7.442253589630127,4,0
26136,-612.3606567382812,-59.306217193603516,0.12759985029697418,2.0873889923095703,1.9597891569137573,138.86534118652344,-0.000046253204345703125,-0.0017839072970673442,0,-2.1817705631256104,0.8697431683540344,-2.7427854537963867,8.446840286254883,0,-0.0030613350681960583,7.3638434410095215,4,0
26144,-612.9678955078125,-59.299713134765625,0.12759985029697418,0.8649673461914062,0.7373675107955933,138.7694549560547,-0.000046253204345703125,-0.0017839072970673442,0,-2.098781108856201,0.8297296762466431,-2.545860767364502,8.446840286254883,0,-0.0030613350681960583,7.3638434410095215,4,0
26193,-615.8082885742188,-59.2685432434082,0.12759985029697418,0.7781858444213867,0.6505860090255737,138.6455841064453,-0.000046253204345703125,-0.0017839072970673442,0,-2.0445759296417236,0.759892463684082,-1.8175907135009766,8.446840286254883,0,-0.0030613350681960583,7.3638434410095215,4,0
26249,-619.0926513671875,-59.23920822143555,0.12759985029697418,0.6447381973266602,0.5171383619308472,138.32095336914062,-0.000006318092346191406,-0.002752496162429452,0,-1.9217530488967896,0.3882423937320709,-1.0329005718231201,8.446840286254883,0,0.03532428294420242,7.345920562744141,4,0
26258,-619.7296142578125,-59.28591537475586,0.12759985029697418,-4.6645588874816895,-4.792158603668213,138.32095336914062,-0.000006318092346191406,-0.002752496162429452,0,-1.8856563568115234,0.3215261995792389,-0.9098774194717407,8.446840286254883,0,0.03532428294420242,7.345920562744141,4,0
26305,-622.4995727539062,-59.51614761352539,0.12759985029697418,-4.809632301330566,-4.93723201751709,138.4613037109375,-0.000006318092346191406,-0.002752496162429452,0,-1.8596396446228027,0.17513975501060486,-0.420169860124588,8.446840286254883,0,0.03532428294420242,7.345920562744141,4,0
26360,-625.7766723632812,-59.80038070678711,0.12759985029697418,-4.947361946105957,-5.0749616622924805,138.4945526123047,-9.5367431640625e-7,-0.0005694811115972698,0,-1.8422526121139526,0.09757395088672638,0.10131574422121048,8.446840286254883,0,0.0014209924265742302,7.3638434410095215,4,0
26370,-626.3861694335938,-59.801856994628906,0.12759985029697418,0.3781566619873047,0.2505568265914917,138.25241088867188,-9.5367431640625e-7,-0.0005694811115972698,0,-1.8083839416503906,0.17487648129463196,0.1703481525182724,8.446840286254883,0,0.0014209924265742302,7.3638434410095215,4,0
26422,-629.4640502929688,-59.690250396728516,0.12759985029697418,2.4245004653930664,2.296900510787964,138.07957458496094,-9.5367431640625e-7,-0.0005694811115972698,0,-1.7200144529342651,0.43465369939804077,0.5343226194381714,8.446840286254883,0,0.0014209924265742302,7.3638434410095215,4,0
26432,-630.0860595703125,-59.66209030151367,0.12759985029697418,2.7203121185302734,2.592712163925171,137.6901397705078,-0.000009775161743164062,0.0016954957973212004,0,-1.7025619745254517,0.3481599688529968,0.5913240909576416,8.446840286254883,0,0.0014209924265742302,7.39744758605957,4,0
26480,-632.8519897460938,-59.547462463378906,0.12759985029697418,2.597855567932129,2.4702556133270264,137.29661560058594,0.000053763389587402344,0.008430819027125835,0,-1.6697133779525757,0.1801624447107315,0.8260475397109985,8.446840286254883,0,0.014256173744797707,7.39744758605957,4,0
26490,-633.4600219726562,-59.5325813293457,0.12759985029697418,1.470254898071289,1.342655062675476,136.9639892578125,0.000053763389587402344,0.008430819027125835,0,-1.7094831466674805,0.16952604055404663,0.8614880442619324,8.446840286254883,0,0.014256173744797707,7.39744758605957,4,0
26543,-636.6878662109375,-59.55240249633789,0.12759985029697418,-0.44034767150878906,-0.567947506904602,136.5690155029297,0.000053763389587402344,0.008430819027125835,0,-2.2655341625213623,0.6886712908744812,0.903541624546051,8.446840286254883,0,0.014256173744797707,7.39744758605957,4,0
26598,-639.90283203125,-59.54886245727539,0.12759985029697418,0.2934741973876953,0.16587434709072113,136.3094024658203,-0.0000016093254089355469,-0.0014635530533269048,0,-2.7752633094787598,0.9551276564598083,0.9690137505531311,8.446840286254883,0,0.006153002381324768,7.417609691619873,4,0
26608,-640.5691528320312,-59.49040985107422,0.12759985029697418,5.724795341491699,5.597195625305176,136.3094024658203,-0.0000016093254089355469,-0.0014635530533269048,0,-2.653630495071411,0.8858708739280701,1.2428022623062134,8.446840286254883,0,0.006153002381324768,7.417609691619873,4,0
26662,-643.7828369140625,-59.76268768310547,0.12759985029697418,-6.409841537475586,-6.537441253662109,136.09375,-0.0000016093254089355469,-0.0014635530533269048,0,-2.4219119548797607,0.18993966281414032,2.4026782512664795,8.446840286254883,0,0.006153002381324768,7.417609691619873,4,0
26718,-647.1070556640625,-60.29020309448242,0.12759985029697418,-10.62822151184082,-10.755821228027344,135.8924102783203,0.00012886524200439453,0.0025895610451698303,0,3.111204147338867,-0.4723225235939026,-1.989218831062317,8.446840286254883,0,0.007233678363263607,7.35488224029541,4,0
26727,-647.7142333984375,-60.287845611572266,0.12759985029697418,-0.0868062973022461,-0.21440614759922028,135.8924102783203,0.00012886524200439453,0.0025895610451698303,0,3.0583324432373047,-0.41622069478034973,-1.7190419435501099,8.446840286254883,0,0.007233678363263607,7.35488224029541,4,0
26785,-651.144775390625,-60.3514404296875,0.12759985029697418,-1.0203590393066406,-1.1479588747024536,135.82872009277344,0.00012886524200439453,0.0025895610451698303,0,-2.9707610607147217,-0.4358249306678772,-0.5653986930847168,8.446840286254883,0,0.007233678363263607,7.35488224029541,4,0
26842,-654.5743408203125,-60.60165023803711,0.12759985029697418,-4.518528461456299,-4.646128177642822,135.58863830566406,0.0001271367073059082,0.0048470934852957726,0,-2.7452890872955322,-0.011101339012384415,-0.2713316082954407,8.446840286254883,0,0.019743608310818672,7.377285003662109,4,0
26851,-655.1868896484375,-60.654998779296875,0.12759985029697418,-3.789459705352783,-3.9170596599578857,135.58863830566406,0.0001271367073059082,0.0048470934852957726,0,-2.5793919563293457,0.1923341155052185,-0.39037856459617615,8.446840286254883,0,0.019743608310818672,7.377285003662109,4,0
26862,-655.8505249023438,-60.68667221069336,0.12759985029697418,-1.8329339027404785,-1.9605337381362915,135.58863830566406,0.0001271367073059082,0.0048470934852957726,0,-2.602328062057495,0.37950998544692993,-0.49590593576431274,8.446840286254883,0,0.019743608310818672,7.377285003662109,4,0
26910,-658.7247314453125,-60.598087310791016,0.12759985029697418,1.9966316223144531,1.8690317869186401,135.0809326171875,0.0001271367073059082,0.0048470934852957726,0,-2.359794855117798,0.9154066443443298,-1.2268261909484863,8.446840286254883,0,0.019743608310818672,7.377285003662109,4,0
26963,-661.87060546875,-60.64841842651367,0.12759985029697418,-0.7127904891967773,-0.8403903245925903,134.78228759765625,-0.00005263090133666992,-0.005874290131032467,0,2.3868932723999023,1.2289971113204956,-0.9239189624786377,8.446840286254883,0,0.010584300383925438,7.435532093048096,4,0
26973,-662.4920654296875,-60.67070007324219,0.12759985029697418,-0.9374237060546875,-1.0650235414505005,134.78228759765625,-0.00005263090133666992,-0.005874290131032467,0,2.1549742221832275,1.2683086395263672,-0.7966559529304504,8.446840286254883,0,0.010584300383925438,7.435532093048096,4,0
26984,-663.1685180664062,-60.663543701171875,0.12759985029697418,1.742288589477539,1.614688754081726,134.78228759765625,-0.00005263090133666992,-0.005874290131032467,0,2.0356862545013428,1.3436717987060547,-0.6064179539680481,8.446840286254883,0,0.010584300383925438,7.435532093048096,4,0
27034,-666.2166137695312,-60.57377624511719,0.12759985029697418,1.8986597061157227,1.7710598707199097,134.36029052734375,-0.00005263090133666992,-0.005874290131032467,0,2.510101318359375,1.318302869796753,2.2381319999694824,8.446840286254883,0,0.010584300383925438,7.435532093048096,4,0
27087,-669.45263671875,-60.634857177734375,0.12759985029697418,-2.073068618774414,-2.2006685733795166,133.9156951904297,-0.000011146068572998047,-0.0015902158338576555,0,-1.8231364488601685,0.5493397116661072,-1.622795820236206,8.446840286254883,0,-0.014975635334849358,7.4467339515686035,4,0
27097,-670.06396484375,-60.65575408935547,0.12759985029697418,-2.4635190963745117,-2.5911190509796143,133.9156951904297,-0.000011146068572998047,-0.0015902158338576555,0,-1.7913538217544556,0.36521416902542114,-1.4950532913208008,8.446840286254883,0,-0.014975635334849358,7.4467339515686035,4,0
27107,-670.6795654296875,-60.687164306640625,0.12759985029697418,-3.130152702331543,-3.2577526569366455,133.9156951904297,-0.000011146068572998047,-0.0015902158338576555,0,-1.7927918434143066,0.1355341374874115,-1.3731592893600464,8.446840286254883,0,-0.014975635334849358,7.4467339515686035,4,0
27159,-673.8239135742188,-60.772979736328125,0.12759985029697418,-1.3794641494750977,-1.5070639848709106,133.4212188720703,-0.000011146068572998047,-0.0015902158338576555,0,-1.9407466650009155,-0.6002243161201477,-0.5987299084663391,8.446840286254883,0,-0.014975635334849358,7.4467339515686035,4,0
27214,-677.1146240234375,-60.95292663574219,0.12759985029697418,-3.216059684753418,-3.3436596393585205,133.26007080078125,0.00003731250762939453,-0.00441398611292243,0,-1.8446650505065918,-0.5197054147720337,0.06892859190702438,8.446840286254883,0,0.012944892980158329,7.379525184631348,4,0
27224,-677.73876953125,-61.02814865112305,0.12759985029697418,-7.463827133178711,-7.591426849365234,133.26007080078125,0.00003731250762939453,-0.00441398611292243,0,-1.9521771669387817,-0.37862294912338257,0.17602339386940002,8.446840286254883,0,0.012944892980158329,7.379525184631348,4,0
27234,-678.4080810546875,-61.11231231689453,0.12759985029697418,-7.753044128417969,-7.880643844604492,133.26007080078125,0.00003731250762939453,-0.00441398611292243,0,-2.044349193572998,-0.350431889295578,0.27136892080307007,8.446840286254883,0,0.012944892980158329,7.379525184631348,4,0
27288,-681.6935424804688,-61.46158218383789,0.12759985029697418,-6.124370574951172,-6.251970291137695,133.0037078857422,0.00003731250762939453,-0.00441398611292243,0,-2.4935109615325928,-0.28701698780059814,0.758755624294281,8.446840286254883,0,0.012944892980158329,7.379525184631348,4,0
27344,-685.19091796875,-62.10711669921875,0.12759985029697418,-11.980552673339844,-12.108152389526367,132.6708526611328,0.00003165006637573242,-0.009212159551680088,0,2.918773889541626,-0.40295544266700745,2.267498731613159,8.446840286254883,0,0.017021197825670242,7.442253589630127,4,0
27354,-685.8171997070312,-62.15793991088867,0.12759985029697418,-4.499958038330078,-4.627557754516602,132.6708526611328,0.00003165006637573242,-0.009212159551680088,0,2.999316453933716,-0.23165598511695862,2.4427011013031006,8.446840286254883,0,0.017021197825670242,7.442253589630127,4,0
27364,-686.4468383789062,-62.200462341308594,0.12759985029697418,-3.8252320289611816,-3.952831983566284,132.6708526611328,0.00003165006637573242,-0.009212159551680088,0,3.099123001098633,-0.1158311665058136,2.6194796562194824,8.446840286254883,0,0.017021197825670242,7.442253589630127,4,0
27375,-687.1117553710938,-62.240352630615234,0.12759985029697418,-3.4283456802368164,-3.555945634841919,132.4600830078125,0.00003165006637573242,-0.009212159551680088,0,-3.065298557281494,-0.04885433614253998,2.806269407272339,8.446840286254883,0,0.017021197825670242,7.442253589630127,4,0
27424,-690.126953125,-62.30515670776367,0.12759985029697418,-1.2107791900634766,-1.3383790254592896,132.3260040283203,0.00003165006637573242,-0.009212159551680088,0,-2.573037624359131,0.050348181277513504,-2.6723785400390625,8.446840286254883,0,0.017021197825670242,7.442253589630127,4,0
27479,-693.5989990234375,-62.20185089111328,0.12759985029697418,2.1032657623291016,1.9756659269332886,132.29156494140625,0.00006008148193359375,0.0076783085241913795,0,-2.5290682315826416,0.2724595069885254,-2.069565534591675,8.446840286254883,0,0.007464174181222916,7.404168128967285,4,0
27490,-694.2249145507812,-62.159122467041016,0.12759985029697418,4.369154930114746,4.241555213928223,132.29156494140625,0.00006008148193359375,0.0076783085241913795,0,-2.550165891647339,0.30084559321403503,-1.9758832454681396,8.446840286254883,0,0.007464174181222916,7.404168128967285,4,0
27500,-694.9050903320312,-62.114341735839844,0.12759985029697418,4.035515785217285,3.9079158306121826,132.07098388671875,0.00006008148193359375,0.0076783085241913795,0,-2.57458233833313,0.3278866112232208,-1.8721694946289062,8.446840286254883,0,0.007464174181222916,7.404168128967285,4,0
27558,-698.515625,-61.9049186706543,0.12759985029697418,3.704130172729492,3.5765302181243896,131.8838653564453,0.00006008148193359375,0.0076783085241913795,0,-2.6747970581054688,0.4602530300617218,-1.2821109294891357,8.446840286254883,0,0.007464174181222916,7.404168128967285,4,0
27608,-701.5537719726562,-61.924598693847656,0.12759985029697418,-0.27345848083496094,-0.4010583162307739,132.08660888671875,0.00006008148193359375,0.0076783085241913795,0,-2.430537223815918,0.8480335474014282,-0.6135202646255493,8.446840286254883,0,0.007464174181222916,7.404168128967285,4,0
27663,-704.9734497070312,-62.23008346557617,0.12759985029697418,-5.464024066925049,-5.591623783111572,131.7034454345703,0.000018477439880371094,-0.003504993859678507,0,-1.9033176898956299,0.4128754734992981,0.31498804688453674,8.446840286254883,0,0.011406783945858479,7.381765365600586,4,0
27718,-705.2587890625,-62.23763656616211,0.12759985029697418,-1.297419548034668,-1.425019383430481,131.01463317871094,0.000018477439880371094,-0.003504993859678507,0,-1.859315037727356,0.338393896818161,0.37958967685699463,8.446840286254883,0,0.011406783945858479,7.381765365600586,4,0
27776,-708.9390869140625,-62.246910095214844,0.12759985029697418,0.21175193786621094,0.08415208756923676,130.4722137451172,0.00009101629257202148,-0.0013070631539449096,0,-1.671761393547058,-0.12145385146141052,0.6908556222915649,8.446840286254883,0,0.04262908548116684,7.39744758605957,4,0
27831,-712.3333740234375,-62.32200241088867,0.12759985029697418,-1.207632064819336,-1.335231900215149,130.1788330078125,0.00009101629257202148,-0.0013070631539449096,0,-1.7703523635864258,0.30123284459114075,0.7541565299034119,8.446840286254883,0,0.04262908548116684,7.39744758605957,4,0
27887,-715.7627563476562,-62.27686309814453,0.12759985029697418,1.3021268844604492,1.1745270490646362,129.76449584960938,-0.00006288290023803711,-0.013637781143188477,0,-2.4414641857147217,0.8578017950057983,0.5178815126419067,8.446840286254883,0,0.018979066982865334,7.424330711364746,4,0
27943,-719.3003540039062,-62.384315490722656,0.12759985029697418,-1.339676856994629,-1.467276692390442,129.50863647460938,-0.00006288290023803711,-0.013637781143188477,0,2.7341654300689697,0.5161095857620239,0.7668502330780029,8.446840286254883,0,0.018979066982865334,7.424330711364746,4,0
28001,-719.7686767578125,-62.35355758666992,0.12759985029697418,5.701961517333984,5.574361801147461,129.27822875976562,0.00004678964614868164,0.0036326784174889326,0,2.7619571685791016,0.5542507767677307,0.931679904460907,8.446840286254883,0,-0.0028477320447564125,7.359362602233887,4,0
28058,-723.3297119140625,-62.641944885253906,0.12759985029697418,-7.623224258422852,-7.750823974609375,129.00091552734375,0.00004678964614868164,0.0036326784174889326,0,-2.598264694213867,0.10835935175418854,3.0775511264801025,8.446840286254883,0,-0.0028477320447564125,7.359362602233887,4,0
28112,-726.6757202148438,-62.765621185302734,0.12759985029697418,-1.608175277709961,-1.735775113105774,128.88026428222656,0.000015676021575927734,-0.014136958867311478,0,3.1199734210968018,-0.29881876707077026,-1.3558871746063232,8.446840286254883,0,0.01716488227248192,7.4198503494262695,4,0
28170,-730.3285522460938,-62.58949661254883,0.12759985029697418,2.94711971282959,2.8195197582244873,128.64022827148438,0.000015676021575927734,-0.014136958867311478,0,-3.103742837905884,0.13526611030101776,0.2706548273563385,8.446840286254883,0,0.01716488227248192,7.4198503494262695,4,0
28223,-733.6669921875,-62.822452545166016,0.12759985029697418,-4.473929405212402,-4.601529121398926,128.45262145996094,-0.000037729740142822266,-0.029000869020819664,0,-2.6912057399749756,0.29104679822921753,0.7778175473213196,8.446840286254883,0,0.004389423411339521,7.426570892333984,4,0
28234,-734.3388671875,-62.839359283447266,0.12759985029697418,-0.9230690002441406,-1.0506688356399536,128.45262145996094,-0.000037729740142822266,-0.029000869020819664,0,-2.560777187347412,0.2918592095375061,0.7807922959327698,8.446840286254883,0,0.004389423411339521,7.426570892333984,4,0
28282,-734.4549560546875,-62.84083938598633,0.12759985029697418,-0.6743125915527344,-0.8019124269485474,128.20382690429688,-0.000037729740142822266,-0.029000869020819664,0,-2.542501449584961,0.2993577718734741,0.7787193655967712,8.446840286254883,0,0.004389423411339521,7.426570892333984,4,0
28340,-740.9241943359375,-62.69866943359375,0.12759985029697418,2.7789602279663086,2.651360273361206,127.8684310913086,-0.00009256601333618164,0.0005108824116177857,0,-2.5117311477661133,0.9151008725166321,0.637092113494873,8.446840286254883,0,0.009697718545794487,7.404168128967285,4,0
28351,-741.5663452148438,-62.7184944152832,0.12759985029697418,-1.7863636016845703,-1.9139634370803833,127.76140594482422,-0.00009256601333618164,0.0005108824116177857,0,-2.543227195739746,0.9481255412101746,0.7109215259552002,8.446840286254883,0,0.009697718545794487,7.404168128967285,4,0
28401,-744.8277587890625,-62.80935287475586,0.12759985029697418,-1.6123199462890625,-1.7399197816848755,127.62138366699219,-0.00009256601333618164,0.0005108824116177857,0,-2.653942346572876,1.04265296459198,1.129415512084961,8.446840286254883,0,0.009697718545794487,7.404168128967285,4,0
28456,-748.21337890625,-62.86858367919922,0.12759985029697418,-0.9794406890869141,-1.107040524482727,127.32970428466797,-0.000051081180572509766,0.0012335985666140914,0,-2.403748035430908,0.9604350924491882,2.0191898345947266,8.446840286254883,0,-0.011628542095422745,7.440013408660889,4,0
28465,-748.8580322265625,-62.89705276489258,0.12759985029697418,-3.0807275772094727,-3.208327531814575,127.32970428466797,-0.000051081180572509766,0.0012335985666140914,0,-2.288555145263672,0.8429545760154724,2.226494312286377,8.446840286254883,0,-0.011628542095422745,7.440013408660889,4,0
28514,-751.9505004882812,-63.12240982055664,0.12759985029697418,-4.590290069580078,-4.717889785766602,126.76899719238281,-0.000051081180572509766,0.0012335985666140914,0,-2.1743829250335693,0.2034095674753189,2.8624088764190674,8.446840286254883,0,-0.011628542095422745,7.440013408660889,4,0
28524,-752.58544921875,-63.17095184326172,0.12759985029697418,-4.421184062957764,-4.548783779144287,126.76899719238281,-0.000051081180572509766,0.0012335985666140914,0,-2.245532989501953,0.10629566758871078,2.9643442630767822,8.446840286254883,0,-0.011628542095422745,7.381765365600586,4,0
28571,-755.4942016601562,-63.324920654296875,0.12759985029697418,-3.2202987670898438,-3.3478987216949463,126.31745910644531,0.000057637691497802734,0.029821477830410004,0,-2.664644718170166,-0.1277833878993988,-2.7944374084472656,8.446840286254883,0,0.029301229864358902,7.381765365600586,4,0
28580,-756.1417846679688,-63.34544372558594,0.12759985029697418,-1.5018129348754883,-1.6294127702713013,126.31745910644531,0.000057637691497802734,0.029821477830410004,0,-2.760033369064331,-0.017204608768224716,-2.661026954650879,8.446840286254883,0,0.029301229864358902,7.381765365600586,4,0
28638,-756.5773315429688,-63.353485107421875,0.12759985029697418,-0.6205110549926758,-0.7481108903884888,126.0401382446289,0.000057637691497802734,0.029821477830410004,0,-2.8184266090393066,0.07981506735086441,-2.5456175804138184,8.446840286254883,0,0.029301229864358902,7.381765365600586,4,0
28691,-759.9323120117188,-63.31468200683594,0.12759985029697418,0.6788244247436523,0.5512245893478394,125.63929748535156,-0.00008344650268554688,0.000011702341907948721,0,-2.771505355834961,-0.06869639456272125,-1.6549607515335083,8.446840286254883,0,0.027621904388070107,7.453454971313477,4,0
28700,-760.5709838867188,-63.30149841308594,0.12759985029697418,1.390707015991211,1.263107180595398,125.63929748535156,-0.00008344650268554688,0.000011702341907948721,0,-2.7384400367736816,-0.061524491757154465,-1.5122175216674805,8.446840286254883,0,0.027621904388070107,7.453454971313477,4,0
28757,-764.1436157226562,-63.28523254394531,0.12759985029697418,0.23190593719482422,0.10430608689785004,125.39115905761719,-0.00008344650268554688,0.000011702341907948721,0,-2.7128093242645264,-0.0016706265741959214,-1.0961781740188599,8.446840286254883,0,0.027621904388070107,7.453454971313477,4,0
28766,-764.745361328125,-63.28325271606445,0.12759985029697418,0.40470123291015625,0.27710139751434326,125.39115905761719,-0.0000903010368347168,-0.02433680184185505,0,-2.7250611782073975,0.013071289286017418,-1.0388413667678833,8.446840286254883,0,0.013940603472292423,7.3638434410095215,4,0
28815,-767.7288818359375,-63.266143798828125,0.12759985029697418,0.49042510986328125,0.36282527446746826,125.21720886230469,-0.0000903010368347168,-0.02433680184185505,0,-2.7340304851531982,0.09863938391208649,-0.7688884139060974,8.446840286254883,0,0.013940603472292423,7.3638434410095215,4,0
28825,-768.3711547851562,-63.24665451049805,0.12759985029697418,2.116628646850586,1.989028811454773,125.21720886230469,-0.0000903010368347168,-0.02433680184185505,0,-2.7707643508911133,0.09872576594352722,-0.6974588632583618,8.446840286254883,0,0.013940603472292423,7.3638434410095215,4,0
28833,-768.9686889648438,-63.2265510559082,0.12759985029697418,2.304226875305176,2.1766269207000732,125.21720886230469,-0.0000903010368347168,-0.02433680184185505,0,-2.8038125038146973,0.09567632526159286,-0.6210728883743286,8.446840286254883,0,0.013940603472292423,7.3638434410095215,4,0
28885,-768.9686889648438,-63.2265510559082,0.12759985029697418,2.322580337524414,2.1949803829193115,124.9109115600586,-0.0000903010368347168,-0.02433680184185505,0,-2.810631036758423,0.09452212601900101,-0.6032820343971252,8.446840286254883,0,0.013940603472292423,7.3638434410095215,4,0
28938,-772.3192749023438,-63.27350997924805,0.12759985029697418,-0.9773073196411133,-1.1049071550369263,124.76817321777344,-0.0000407099723815918,0.010405256412923336,0,-3.0087435245513916,-0.0005866310093551874,0.2614070475101471,8.446840286254883,0,-0.004274341277778149,7.386246204376221,4,0
28948,-772.9558715820312,-63.30387878417969,0.12759985029697418,-2.6655478477478027,-2.7931478023529053,124.76817321777344,-0.0000407099723815918,0.010405256412923336,0,-2.9456443786621094,0.10284560173749924,0.4067630171775818,8.446840286254883,0,-0.004274341277778149,7.386246204376221,4,0
28960,-773.6597900390625,-63.33180618286133,0.12759985029697418,-2.226776123046875,-2.3543760776519775,124.76817321777344,-0.0000407099723815918,0.010405256412923336,0,-2.8598408699035645,0.16738632321357727,0.5734838247299194,8.446840286254883,0,-0.004274341277778149,7.386246204376221,4,0
29005,-776.546875,-63.403038024902344,0.12759985029697418,-1.4086122512817383,-1.5362120866775513,124.74470520019531,-0.0000407099723815918,0.010405256412923336,0,-2.5815176963806152,0.2340146154165268,1.2838757038116455,8.446840286254883,0,-0.004274341277778149,7.386246204376221,4,0
29060,-780.0626831054688,-63.678680419921875,0.12759985029697418,-4.949805736541748,-5.0774054527282715,124.74726867675781,-0.00001627206802368164,0.020120801404118538,0,-2.608396530151367,0.33822622895240784,1.8686952590942383,8.446840286254883,0,0.014134534634649754,7.455695152282715,4,0
29070,-780.71044921875,-63.70676040649414,0.12759985029697418,-1.6315088272094727,-1.7591086626052856,124.62047576904297,-0.00001627206802368164,0.020120801404118538,0,-2.520249605178833,0.4520547688007355,1.9520421028137207,8.446840286254883,0,0.014134534634649754,7.455695152282715,4,0
29080,-781.3536987304688,-63.71083450317383,0.12759985029697418,0.5956878662109375,0.4680880308151245,124.62047576904297,-0.00001627206802368164,0.020120801404118538,0,-2.441092014312744,0.5457557439804077,2.0540387630462646,8.446840286254883,0,0.014134534634649754,7.455695152282715,4,0
29136,-784.8530883789062,-63.62501907348633,0.12759985029697418,1.7662353515625,1.638635516166687,124.38358306884766,-0.00001627206802368164,0.020120801404118538,0,-2.165111780166626,0.740889310836792,2.718895435333252,8.446840286254883,0,0.014134534634649754,7.455695152282715,4,0
29189,-788.1603393554688,-63.51955032348633,0.12759985029697418,2.1811866760253906,2.053586721420288,123.6534652709961,-0.00009870529174804688,-0.02265298180282116,0,-1.8941420316696167,0.44262829422950745,-3.0345773696899414,8.446840286254883,0,-0.005245157517492771,7.35488224029541,4,0
29197,-788.8104248046875,-63.517879486083984,0.12759985029697418,0.001926422119140625,-0.12567342817783356,123.6534652709961,-0.00009870529174804688,-0.02265298180282116,0,-1.885816216468811,0.3293038606643677,-2.971224784851074,8.446840286254883,0,-0.005245157517492771,7.35488224029541,4,0
29208,-789.4559326171875,-63.523582458496094,0.12759985029697418,-0.943577766418457,-1.07117760181427,123.6534652709961,-0.00009870529174804688,-0.02265298180282116,0,-1.8873592615127563,0.25642669200897217,-2.9171998500823975,8.446840286254883,0,-0.005245157517492771,7.35488224029541,4,0
29262,-792.8660888671875,-63.61158752441406,0.12759985029697418,-1.554483413696289,-1.682083249092102,123.01762390136719,-0.00009870529174804688,-0.02265298180282116,0,-1.9013878107070923,0.12420577555894852,-2.689458131790161,8.446840286254883,0,-0.005245157517492771,7.35488224029541,4,0
29315,-796.1998291015625,-63.65214538574219,0.12759985029697418,-0.3223247528076172,-0.4499245882034302,122.48457336425781,-0.00010436773300170898,-0.011424963362514973,0,-2.324538469314575,0.6620391011238098,-2.6147866249084473,8.446840286254883,0,-0.012183913961052895,7.370563983917236,4,0
29324,-796.8509521484375,-63.66371536254883,0.12759985029697418,-0.5707788467407227,-0.6983786821365356,122.48457336425781,-0.00010436773300170898,-0.011424963362514973,0,-2.5223071575164795,0.6802681088447571,-2.47177791595459,8.446840286254883,0,-0.012183913961052895,7.370563983917236,4,0
29335,-797.5523681640625,-63.66943359375,0.12759985029697418,-0.3729372024536133,-0.5005370378494263,122.48457336425781,-0.00010436773300170898,-0.011424963362514973,0,-2.5516886711120605,0.6314093470573425,-2.3277974128723145,8.446840286254883,0,-0.012183913961052895,7.370563983917236,4,0
29394,-801.2810668945312,-63.90935516357422,0.12759985029697418,-4.596129417419434,-4.723729133605957,122.08084869384766,-0.00010436773300170898,-0.011424963362514973,0,-2.5884015560150146,0.17707422375679016,-1.4960278272628784,8.446840286254883,0,-0.012183913961052895,7.370563983917236,4,0
29446,-804.65966796875,-64.36763000488281,0.12759985029697418,-9.554390907287598,-9.681990623474121,121.78788757324219,0.00002372264862060547,0.004265954717993736,0,-3.0730767250061035,-0.39723607897758484,0.1826115846633911,8.446840286254883,0,0.010630662553012371,7.375044822692871,4,0
29456,-805.30908203125,-64.37276458740234,0.12759985029697418,0.47841548919677734,0.35081565380096436,121.78788757324219,0.00002372264862060547,0.004265954717993736,0,3.0698275566101074,-0.23289328813552856,0.5204864740371704,8.446840286254883,0,0.010630662553012371,7.375044822692871,4,0
29466,-805.9611206054688,-64.3595962524414,0.12759985029697418,1.948349952697754,1.820750117301941,121.78788757324219,0.00002372264862060547,0.004265954717993736,0,3.0196313858032227,-0.11436989903450012,0.810871422290802,8.446840286254883,0,0.010630662553012371,7.375044822692871,4,0
29523,-806.673095703125,-64.33816528320312,0.12759985029697418,2.163402557373047,2.0358026027679443,121.67539978027344,0.00002372264862060547,0.004265954717993736,0,3.0241541862487793,-0.04034421592950821,1.0925687551498413,8.446840286254883,0,0.010630662553012371,7.375044822692871,4,0
29571,-812.6687622070312,-64.12730407714844,0.12759985029697418,2.5014724731445312,2.3738725185394287,121.60295104980469,0.00002372264862060547,0.004265954717993736,0,-2.7293431758880615,-0.05020798742771149,2.8355581760406494,8.446840286254883,0,0.010630662553012371,7.375044822692871,4,0
29627,-816.2205810546875,-64.05651092529297,0.12759985029697418,1.3618450164794922,1.2342451810836792,121.68269348144531,0.00001245737075805664,-0.0048759086057543755,0,-2.7208094596862793,0.31376004219055176,2.933867931365967,8.446840286254883,0,0.006372658535838127,7.395206928253174,4,0
29678,-819.5176391601562,-63.99651336669922,0.12759985029697418,1.249709129333496,1.122109293937683,121.01256561279297,0.00001245737075805664,-0.0048759086057543755,0,-3.0412917137145996,0.5558158159255981,2.823686361312866,8.446840286254883,0,0.006372658535838127,7.395206928253174,4,0
29731,-822.8253784179688,-64.08700561523438,0.12759985029697418,-1.3975811004638672,-1.5251809358596802,120.74811553955078,-0.00006324052810668945,0.0023213522508740425,0,-2.6657638549804688,0.9805496335029602,2.9200918674468994,8.446840286254883,0,0.005362759809941053,7.406408309936523,4,0
29781,-826.1456909179688,-64.28665924072266,0.12759985029697418,-3.7055587768554688,-3.8331587314605713,120.72269439697266,-0.00006324052810668945,0.0023213522508740425,0,-2.0539309978485107,1.121551752090454,-2.829327344894409,8.446840286254883,0,0.005362759809941053,7.406408309936523,4,0
29837,-829.6505126953125,-64.48048400878906,0.12759985029697418,-3.358405590057373,-3.4860055446624756,120.69735717773438,0.00003069639205932617,0.005942340940237045,0,-1.7359633445739746,1.011561632156372,-2.224414825439453,8.446840286254883,0,-0.0017032825853675604,7.386246204376221,4,0
29890,-833.1296997070312,-64.49011993408203,0.12759985029697418,0.036301612854003906,-0.09129823744297028,120.08338928222656,0.00003069639205932617,0.005942340940237045,0,-1.7962467670440674,0.6521315574645996,-1.7513607740402222,8.446840286254883,0,-0.0017032825853675604,7.386246204376221,4,0
29946,-836.7003784179688,-64.5076675415039,0.12759985029697418,0.017698287963867188,-0.109901562333107,119.42680358886719,0.000020265579223632812,-0.031519174575805664,0,-1.7889783382415771,0.012381027452647686,-1.2742863893508911,8.446840286254883,0,0.0016313884407281876,7.404168128967285,4,0
29999,-840.1644897460938,-64.50424194335938,0.12759985029697418,0.19828319549560547,0.07068334519863129,119.20858764648438,0.000020265579223632812,-0.031519174575805664,0,-1.9129338264465332,0.1240117996931076,-0.9397838711738586,8.446840286254883,0,0.0016313884407281876,7.404168128967285,4,0
30052,-843.6035766601562,-64.59388732910156,0.12759985029697418,-1.3942756652832031,-1.5218755006790161,118.8783950805664,-0.000002384185791015625,0.01899576000869274,0,-2.351280689239502,0.1498013585805893,-0.7106637954711914,8.446840286254883,0,0.004315581172704697,7.372804164886475,4,0
30111,-844.1388549804688,-64.62969207763672,0.12759985029697418,-5.147078990936279,-5.274678707122803,118.74441528320312,-0.000002384185791015625,0.01899576000869274,0,-2.403287410736084,0.04049958661198616,-0.5522792339324951,8.446840286254883,0,0.004315581172704697,7.372804164886475,4,0
30168,-847.7818603515625,-65.0473861694336,0.12759985029697418,-8.022187232971191,-8.149786949157715,118.2299575805664,0.00006389617919921875,0.0111503005027771,0,3.093503952026367,-0.46313953399658203,1.2482086420059204,8.446840286254883,0,-0.002714437199756503,7.3638434410095215,4,0
30177,-848.4347534179688,-65.06182098388672,0.12759985029697418,-1.4165515899658203,-1.5441514253616333,118.2299575805664,0.00006389617919921875,0.0111503005027771,0,3.1402676105499268,-0.39716845750808716,1.4413021802902222,8.446840286254883,0,-0.002714437199756503,7.3638434410095215,4,0
30226,-851.5376586914062,-65.07569122314453,0.12759985029697418,-0.16325092315673828,-0.29085075855255127,118.0124282836914,0.00006389617919921875,0.0111503005027771,0,-2.7790966033935547,-0.29418355226516724,2.2138569355010986,8.446840286254883,0,-0.002714437199756503,7.3638434410095215,4,0
30282,-855.1369018554688,-65.00579071044922,0.12759985029697418,1.833329200744629,1.705729365348816,117.98062133789062,0.00003522634506225586,-0.01531415618956089,0,-2.263728618621826,0.05685276538133621,2.5651490688323975,8.446840286254883,0,0.008353106677532196,7.4198503494262695,4,0
30291,-855.8271484375,-64.9634780883789,0.12759985029697418,4.07675838470459,3.9491584300994873,117.81489562988281,0.00003522634506225586,-0.01531415618956089,0,-2.3080148696899414,0.10079516470432281,2.619292974472046,8.446840286254883,0,0.008353106677532196,7.4198503494262695,4,0
30341,-859.0283813476562,-64.73619079589844,0.12759985029697418,4.73185920715332,4.604259490966797,117.57048034667969,0.00003522634506225586,-0.01531415618956089,0,-2.5136406421661377,0.3034103810787201,2.849409818649292,8.446840286254883,0,0.008353106677532196,7.4198503494262695,4,0
30396,-862.5929565429688,-64.8919906616211,0.12759985029697418,-3.091785430908203,-3.2193853855133057,117.36177825927734,-0.00003272294998168945,-0.0012176570016890764,0,-2.8057308197021484,0.22468119859695435,-2.885350465774536,8.446840286254883,0,0.015800299122929573,7.435532093048096,4,0
30405,-863.2485961914062,-64.95966339111328,0.12759985029697418,-6.219427108764648,-6.347026824951172,117.36177825927734,-0.00003272294998168945,-0.0012176570016890764,0,-2.650411367416382,0.3350450396537781,-2.8287837505340576,8.446840286254883,0,0.015800299122929573,7.435532093048096,4,0
30455,-866.4572143554688,-65.11431884765625,0.12759985029697418,-2.8243212699890137,-2.951921224594116,117.47196197509766,-0.00003272294998168945,-0.0012176570016890764,0,-2.0211806297302246,0.7287097573280334,-2.2677507400512695,8.446840286254883,0,0.015800299122929573,7.435532093048096,4,0
30511,-870.080322265625,-65.51719665527344,0.12759985029697418,-7.245672225952148,-7.373271942138672,117.14156341552734,-0.000015437602996826172,-0.00288658170029521,0,-1.8647680282592773,0.27323880791664124,-1.4837791919708252,8.446840286254883,0,0.004624670837074518,7.377285003662109,4,0
30520,-870.7394409179688,-65.52918243408203,0.12759985029697418,-0.4580841064453125,-0.5856839418411255,117.14156341552734,-0.000015437602996826172,-0.00288658170029521,0,-1.7821311950683594,0.24753819406032562,-1.3772085905075073,8.446840286254883,0,0.004624670837074518,7.377285003662109,4,0
30574,-874.2291870117188,-65.51103210449219,0.12759985029697418,0.5171194076538086,0.3895195722579956,116.31063842773438,-0.000015437602996826172,-0.00288658170029521,0,-1.6082549095153809,0.19587460160255432,-0.8655509948730469,8.446840286254883,0,0.004624670837074518,7.377285003662109,4,0
30584,-874.8854370117188,-65.474853515625,0.12759985029697418,3.659912109375,3.5323121547698975,116.31063842773438,-0.00004416704177856445,-0.023353327065706253,0,-1.6173357963562012,0.16751889884471893,-0.7944868803024292,8.446840286254883,0,0.004624670837074518,7.453454971313477,4,0
30629,-877.8030395507812,-65.3294906616211,0.12759985029697418,3.3861331939697266,3.258533239364624,116.00517272949219,0.00009304285049438477,-0.001582715311087668,0,-1.6961557865142822,0.11771038919687271,-0.483903706073761,8.446840286254883,0,-0.007538937963545322,7.453454971313477,4,0
30638,-878.466064453125,-65.34193420410156,0.12759985029697418,-0.973149299621582,-1.100749135017395,115.72618103027344,0.00009304285049438477,-0.001582715311087668,0,-1.6721724271774292,0.21758608520030975,-0.4493074119091034,8.446840286254883,0,-0.007538937963545322,7.453454971313477,4,0
30694,-882.0364379882812,-65.3381576538086,0.12759985029697418,0.31531715393066406,0.18771730363368988,115.36164093017578,0.00009304285049438477,-0.001582715311087668,0,-1.5653842687606812,0.5687441825866699,-0.32062625885009766,8.446840286254883,0,-0.007538937963545322,7.453454971313477,4,0
30748,-885.544189453125,-65.40152740478516,0.12759985029697418,-1.3125123977661133,-1.4401122331619263,115.22245025634766,-0.0000016689300537109375,0.016209270805120468,0,-2.2271945476531982,0.4803640842437744,-0.406035453081131,8.446840286254883,0,0.005173277109861374,7.379525184631348,4,0
30758,-886.2684936523438,-65.50222778320312,0.12759985029697418,-10.2437162399292,-10.371315956115723,115.239013671875,-0.0000016689300537109375,0.016209270805120468,0,-2.2941293716430664,0.3096188008785248,-0.26731371879577637,8.446840286254883,0,0.005173277109861374,7.379525184631348,4,0
30811,-889.7646484375,-66.41468048095703,0.12759985029697418,-18.014511108398438,-18.14211082458496,115.11575317382812,-0.0000016689300537109375,0.016209270805120468,0,-2.959738254547119,-0.3674781322479248,0.8803017139434814,8.446840286254883,0,0.005173277109861374,7.379525184631348,4,0
30864,-893.3001098632812,-66.41669464111328,0.12759985029697418,2.2516937255859375,2.124093770980835,114.86027526855469,0.00022977590560913086,0.029873639345169067,0,2.901759624481201,0.23070666193962097,2.7086284160614014,8.446840286254883,0,0.0274756271392107,7.435532093048096,4,0
30876,-894.0684814453125,-66.51923370361328,0.12759985029697418,-10.0877103805542,-10.215310096740723,114.86027526855469,0.00022977590560913086,0.029873639345169067,0,3.0068788528442383,0.37142452597618103,2.960768699645996,8.446840286254883,0,0.0274756271392107,7.435532093048096,4,0
30930,-897.7113647460938,-67.25338745117188,0.12759985029697418,-13.736330032348633,-13.863929748535156,114.41754150390625,0.00022977590560913086,0.029873639345169067,0,-2.523491621017456,0.6510815024375916,-2.287635087966919,8.446840286254883,0,0.0274756271392107,7.435532093048096,4,0
30984,-901.2958984375,-66.99505615234375,0.12759985029697418,7.161035537719727,7.033435821533203,114.24640655517578,-0.00011157989501953125,-0.022943537682294846,0,-2.772895336151123,1.09445321559906,-2.3630127906799316,8.446840286254883,0,0.004739228170365095,7.3638434410095215,4,0
30994,-901.9703369140625,-66.91765594482422,0.12759985029697418,8.06291389465332,7.935314178466797,114.24640655517578,-0.00011157989501953125,-0.022943537682294846,0,-2.9570610523223877,1.1822556257247925,-2.48893141746521,8.446840286254883,0,0.004739228170365095,7.3638434410095215,4,0
31005,-902.7509765625,-66.8161392211914,0.12759985029697418,9.242002487182617,9.114402770996094,114.24640655517578,-0.00011157989501953125,-0.022943537682294846,0,3.0997161865234375,1.2490345239639282,-2.633654832839966,8.446840286254883,0,0.004739228170365095,7.3638434410095215,4,0
31053,-905.916259765625,-66.44127655029297,0.12759985029697418,7.983064651489258,7.855464935302734,113.5708236694336,-0.00011157989501953125,-0.022943537682294846,0,1.968518614768982,1.3628249168395996,2.885749340057373,8.446840286254883,0,0.004739228170365095,7.3638434410095215,4,0
31106,-909.4655151367188,-66.17495727539062,0.12759985029697418,4.8434953689575195,4.715895652770996,113.41912841796875,-0.000052094459533691406,0.0032377990428358316,0,-1.7069635391235352,0.9842056035995483,-0.3167124390602112,8.446840286254883,0,-0.0020162947475910187,7.375044822692871,4,0
31116,-910.1321411132812,-66.19158935546875,0.12759985029697418,-1.8484153747558594,-1.9760152101516724,113.41912841796875,-0.000052094459533691406,0.0032377990428358316,0,-1.7392022609710693,0.8664664030075073,-0.11838565766811371,8.446840286254883,0,-0.0020162947475910187,7.375044822692871,4,0
31126,-910.8032836914062,-66.21336364746094,0.12759985029697418,-2.104210376739502,-2.2318103313446045,113.41912841796875,-0.000052094459533691406,0.0032377990428358316,0,-1.7608859539031982,0.7479119300842285,0.0632309690117836,8.446840286254883,0,-0.0020162947475910187,7.375044822692871,4,0
31179,-914.271484375,-66.35844421386719,0.12759985029697418,-2.6852097511291504,-2.812809705734253,113.26343536376953,-0.000052094459533691406,0.0032377990428358316,0,-1.9994540214538574,0.517409086227417,0.7698906064033508,8.446840286254883,0,-0.0020162947475910187,7.375044822692871,4,0
31229,-917.623291015625,-66.70343017578125,0.12759985029697418,-6.640251636505127,-6.76785135269165,113.05870819091797,0.000046372413635253906,-0.005099407862871885,0,-1.7960201501846313,0.021880976855754852,1.4292000532150269,8.446840286254883,0,-0.002121451310813427,7.379525184631348,4,0
31240,-918.3509521484375,-66.75155639648438,0.12759985029697418,-3.5654044151306152,-3.6930043697357178,113.05870819091797,0.000046372413635253906,-0.005099407862871885,0,-1.7493407726287842,-0.06484013795852661,1.5339765548706055,8.446840286254883,0,-0.002121451310813427,7.379525184631348,4,0
31250,-919.0311889648438,-66.7805404663086,0.12759985029697418,-2.0150179862976074,-2.14261794090271,113.05870819091797,0.000046372413635253906,-0.005099407862871885,0,-1.6871302127838135,-0.15808573365211487,1.6249961853027344,8.446840286254883,0,-0.002121451310813427,7.379525184631348,4,0
31304,-922.6153564453125,-66.80448150634766,0.12759985029697418,-0.22415828704833984,-0.35175812244415283,112.71133422851562,0.000046372413635253906,-0.005099407862871885,0,-1.5566952228546143,-0.2855644226074219,2.047295331954956,8.446840286254883,0,-0.002121451310813427,7.379525184631348,4,0
31358,-926.1114501953125,-66.7777099609375,0.12759985029697418,0.7422971725463867,0.6146973371505737,111.90777587890625,0.00008934736251831055,-0.004540623631328344,0,-1.4791154861450195,0.06774141639471054,2.3519277572631836,8.446840286254883,0,0.007127708289772272,7.404168128967285,4,0
31366,-926.7933959960938,-66.7780532836914,0.12759985029697418,0.25754737854003906,0.12994752824306488,111.90777587890625,0.00008934736251831055,-0.004540623631328344,0,-1.524793028831482,0.20986033976078033,2.385291814804077,8.446840286254883,0,0.007127708289772272,7.404168128967285,4,0
31377,-927.471923828125,-66.77228546142578,0.12759985029697418,0.9138193130493164,0.7862194776535034,111.90777587890625,0.00008934736251831055,-0.004540623631328344,0,-1.576358675956726,0.3411892354488373,2.4077889919281006,8.446840286254883,0,0.007127708289772272,7.404168128967285,4,0
31387,-928.1878051757812,-66.7629623413086,0.12759985029697418,0.9917383193969727,0.8641384840011597,111.69674682617188,0.00008934736251831055,-0.004540623631328344,0,-1.6392078399658203,0.4672895669937134,2.4183571338653564,8.446840286254883,0,0.007127708289772272,7.404168128967285,4,0
31435,-931.3381958007812,-66.69981384277344,0.12759985029697418,1.4652338027954102,1.3376339673995972,111.35856628417969,0.00008934736251831055,-0.004540623631328344,0,-1.7581573724746704,0.7723745703697205,2.386061668395996,8.446840286254883,0,0.007127708289772272,7.404168128967285,4,0
31490,-934.9378051757812,-66.85400390625,0.12759985029697418,-2.6728878021240234,-2.800487756729126,111.21377563476562,-0.000028014183044433594,0.0003395012463442981,0,-1.7382687330245972,1.0505813360214233,2.074268102645874,8.446840286254883,0,0.0031170863658189774,7.348160743713379,4,0
31499,-935.6234130859375,-66.9030532836914,0.12759985029697418,-4.887191295623779,-5.014791011810303,111.21377563476562,-0.000028014183044433594,0.0003395012463442981,0,-1.4991717338562012,0.934691309928894,2.0110268592834473,8.446840286254883,0,0.0031170863658189774,7.348160743713379,4,0
31510,-936.302978515625,-66.96027374267578,0.12759985029697418,-5.97996187210083,-6.1075615882873535,111.21377563476562,-0.000028014183044433594,0.0003395012463442981,0,-1.2946768999099731,0.8083184957504272,1.9052925109863281,8.446840286254883,0,0.0031170863658189774,7.348160743713379,4,0
31567,-937.0249633789062,-67.02782440185547,0.12759985029697418,-6.273362159729004,-6.400961875915527,111.33003997802734,-0.000028014183044433594,0.0003395012463442981,0,-1.2475908994674683,0.6584042906761169,1.7904022932052612,8.446840286254883,0,0.0031170863658189774,7.348160743713379,4,0
31568,-940.2767333984375,-67.87300109863281,0.12759985029697418,-17.4035587310791,-17.531158447265625,111.33003997802734,-0.000028014183044433594,0.0003395012463442981,0,-1.7062304019927979,-0.15194356441497803,1.7786706686019897,8.446840286254883,0,0.0031170863658189774,7.348160743713379,4,0
31616,-943.5821533203125,-68.83554077148438,0.12759985029697418,-19.77725601196289,-19.904855728149414,111.4338150024414,-0.000028014183044433594,0.0003395012463442981,0,-3.0229110717773438,-1.1177924871444702,-3.078662157058716,8.446840286254883,0,0.0031170863658189774,7.348160743713379,4,0
31669,-947.135009765625,-68.94373321533203,0.12759985029697418,-1.1721916198730469,-1.2997914552688599,110.50494384765625,0.000034749507904052734,-0.01658822037279606,0,-2.9529621601104736,-0.33112770318984985,-1.6235004663467407,8.446840286254883,0,-0.0008948473259806633,7.359362602233887,4,0
31720,-950.7161865234375,-68.99114227294922,0.12759985029697418,-0.5705413818359375,-0.6981412172317505,110.03839111328125,0.000034749507904052734,-0.01658822037279606,0,-2.378667116165161,-0.5298442244529724,-1.0358424186706543,8.446840286254883,0,-0.0008948473259806633,7.359362602233887,4,0
31776,-954.5333251953125,-69.17469787597656,0.12759985029697418,-3.049142360687256,-3.1767423152923584,109.52313232421875,0.000005841255187988281,-0.002752490807324648,0,-2.068024158477783,-0.050458747893571854,-0.8483862280845642,8.446840286254883,0,0.0030232856515794992,7.379525184631348,4,0
31828,-958.1694946289062,-69.13480377197266,0.12759985029697418,1.2814464569091797,1.1538466215133667,108.9463119506836,0.000005841255187988281,-0.002752490807324648,0,-2.2579708099365234,0.6035783886909485,-0.6732522249221802,8.446840286254883,0,0.0030232856515794992,7.379525184631348,4,0
31881,-961.8634033203125,-69.09684753417969,0.12759985029697418,0.6115512847900391,0.4839514493942261,108.7621078491211,-0.000026464462280273438,0.015762202441692352,0,-2.3468310832977295,0.3836217522621155,-0.26162874698638916,8.446840286254883,0,0.008521073497831821,7.4467339515686035,4,0
31938,-965.7301025390625,-69.08881378173828,0.12759985029697418,0.630030632019043,0.50243079662323,108.03573608398438,-0.000026464462280273438,0.015762202441692352,0,-2.621711254119873,0.6956624388694763,0.6178202033042908,8.446840286254883,0,0.008521073497831821,7.4467339515686035,4,0
31989,-969.3077392578125,-69.10333251953125,0.12759985029697418,-0.5889244079589844,-0.7165242433547974,107.63843536376953,-0.000017881393432617188,0.012588252313435078,0,-2.370664358139038,0.12872959673404694,1.7218297719955444,8.446840286254883,0,0.007205579895526171,7.422090530395508,4,0
32045,-973.1754150390625,-69.12046813964844,0.12759985029697418,-0.15165233612060547,-0.27925217151641846,107.88671112060547,-0.000017881393432617188,0.012588252313435078,0,-2.4520974159240723,0.08887820690870285,2.6760218143463135,8.446840286254883,0,0.007205579895526171,7.422090530395508,4,0
32101,-977.0040893554688,-69.0229721069336,0.12759985029697418,1.9820098876953125,1.8544100522994995,107.99484252929688,-0.00003510713577270508,0.007216381840407848,0,-2.332763433456421,0.27789774537086487,-2.9116194248199463,8.446840286254883,0,-0.005680856294929981,7.381765365600586,4,0
32156,-977.7454833984375,-69.01204681396484,0.12759985029697418,0.8675422668457031,0.7399424314498901,107.7140121459961,-0.00003510713577270508,0.007216381840407848,0,-2.2887020111083984,0.31882983446121216,-2.7934937477111816,8.446840286254883,0,-0.005680856294929981,7.381765365600586,4,0
32157,-980.9486694335938,-68.9609375,0.12759985029697418,1.2283506393432617,1.1007508039474487,107.7140121459961,-0.00003510713577270508,0.007216381840407848,0,-2.185746669769287,0.4529351592063904,-2.291266441345215,8.446840286254883,0,-0.005680856294929981,7.381765365600586,4,0
32212,-984.6195068359375,-69.0746841430664,0.12759985029697418,-2.0113539695739746,-2.138953924179077,107.16728210449219,0.0000095367431640625,0.006180748809129,0,-2.0631206035614014,0.3637021481990814,-1.8050627708435059,8.446840286254883,0,0.006210513412952423,7.410889148712158,4,0
32221,-985.358642578125,-69.08605194091797,0.12759985029697418,-0.824005126953125,-0.951604962348938,107.16728210449219,0.0000095367431640625,0.006180748809129,0,-2.0726418495178223,0.34852370619773865,-1.7253761291503906,8.446840286254883,0,0.006210513412952423,7.410889148712158,4,0
32271,-988.7927856445312,-69.128173828125,0.12759985029697418,-0.7199773788452148,-0.8475772142410278,106.67920684814453,0.0000095367431640625,0.006180748809129,0,-2.1435325145721436,0.36170151829719543,-1.3757911920547485,8.446840286254883,0,0.006210513412952423,7.410889148712158,4,0
32327,-992.6060791015625,-69.35537719726562,0.12759985029697418,-4.056999683380127,-4.18459939956665,106.25736999511719,-0.000037670135498046875,-0.019911186769604683,0,-2.0906686782836914,0.12790147960186005,-1.0355288982391357,8.446840286254883,0,-0.0005715533625334501,7.36608362197876,4,0
32336,-993.3096923828125,-69.35200500488281,0.12759985029697418,-0.29576683044433594,-0.4233666658401489,105.79178619384766,-0.000037670135498046875,-0.019911186769604683,0,-2.0965402126312256,0.12423749268054962,-0.9866164326667786,8.446840286254883,0,-0.0005715533625334501,7.36608362197876,4,0
32385,-996.6447143554688,-69.40010070800781,0.12759985029697418,-0.8915290832519531,-1.0191289186477661,105.51506042480469,-0.000037670135498046875,-0.019911186769604683,0,-2.1082475185394287,0.1350826621055603,-0.7578175663948059,8.446840286254883,0,-0.0005715533625334501,7.36608362197876,4,0
32439,-1000.379638671875,-69.58391571044922,0.12759985029697418,-3.2809834480285645,-3.408583402633667,104.80015563964844,-0.00002104043960571289,-0.019307687878608704,0,-2.1483054161071777,-0.09720928221940994,-0.6061908006668091,8.446840286254883,0,0.012503299862146378,7.406408309936523,4,0
32448,-1001.092529296875,-69.60966491699219,0.12759985029697418,-2.3538718223571777,-2.4814717769622803,104.80015563964844,-0.00002104043960571289,-0.019307687878608704,0,-2.2782480716705322,-0.11256524920463562,-0.626746654510498,8.446840286254883,0,0.012503299862146378,7.406408309936523,4,0
32501,-1001.5407104492188,-69.62544250488281,0.12759985029697418,-2.1800241470336914,-2.307624101638794,104.3410415649414,-0.00002104043960571289,-0.019307687878608704,0,-2.365912914276123,-0.12225859612226486,-0.6475359201431274,8.446840286254883,0,0.012503299862146378,7.406408309936523,4,0
32557,-1008.6402587890625,-69.54790496826172,0.12759985029697418,2.8811159133911133,2.7535159587860107,103.81836700439453,-0.00004190206527709961,-0.016469018533825874,0,-3.013857126235962,-0.13910099864006042,-1.3077784776687622,8.446840286254883,0,0.008168741129338741,7.404168128967285,4,0
32566,-1009.3233642578125,-69.4873046875,0.12759985029697418,6.400535583496094,6.27293586730957,103.81836700439453,-0.00004190206527709961,-0.016469018533825874,0,-3.0189080238342285,-0.13454794883728027,-1.4180738925933838,8.446840286254883,0,0.008168741129338741,7.404168128967285,4,0
32621,-1013.091796875,-69.15709686279297,0.12759985029697418,6.163622856140137,6.036023139953613,103.30577850341797,-0.00004190206527709961,-0.016469018533825874,0,-3.0038788318634033,-0.08227960765361786,-2.051030158996582,8.446840286254883,0,0.008168741129338741,7.404168128967285,4,0
32631,-1013.7993774414062,-69.11580657958984,0.12759985029697418,3.867603302001953,3.7400033473968506,103.30577850341797,0.00002008676528930664,-0.015440840274095535,0,-2.9831950664520264,-0.029038485139608383,-2.2190377712249756,8.446840286254883,0,0.008168741129338741,7.442253589630127,4,0
32679,-1017.1204223632812,-68.97160339355469,0.12759985029697418,3.125533103942871,2.9979331493377686,103.1283187866211,-0.000040650367736816406,-0.0017019635997712612,0,-3.0275611877441406,0.23999671638011932,-3.0346195697784424,8.446840286254883,0,0.001111525110900402,7.442253589630127,4,0
32690,-1017.81201171875,-68.89995574951172,0.12759985029697418,7.718967437744141,7.591367721557617,103.1283187866211,-0.000040650367736816406,-0.0017019635997712612,0,-3.0891001224517822,0.27240896224975586,3.07922625541687,8.446840286254883,0,0.001111525110900402,7.442253589630127,4,0
32747,-1021.7435302734375,-68.4449234008789,0.12759985029697418,8.065486907958984,7.937887191772461,102.51600646972656,-0.000040650367736816406,-0.0017019635997712612,0,2.8709638118743896,0.22897320985794067,2.26595401763916,8.446840286254883,0,0.001111525110900402,7.442253589630127,4,0
32797,-1025.17626953125,-68.12742614746094,0.12759985029697418,6.167783737182617,6.040184020996094,102.24580383300781,-0.00006794929504394531,-0.010657552629709244,0,2.902663230895996,0.0863877609372139,2.392798900604248,8.446840286254883,0,-0.0034685644786804914,7.455695152282715,4,0
32807,-1025.863037109375,-68.12615203857422,0.12759985029697418,-0.12085151672363281,-0.248451367020607,102.05847930908203,-0.00006794929504394531,-0.010657552629709244,0,2.9193222522735596,0.13043737411499023,2.5319955348968506,8.446840286254883,0,-0.0034685644786804914,7.455695152282715,4,0
32817,-1026.5823974609375,-68.13526916503906,0.12759985029697418,-1.1294889450073242,-1.2570887804031372,102.05847930908203,-0.00006794929504394531,-0.010657552629709244,0,2.929417371749878,0.20926541090011597,2.695673704147339,8.446840286254883,0,-0.0034685644786804914,7.455695152282715,4,0
32866,-1029.8560791015625,-68.16508483886719,0.12759985029697418,-0.49302101135253906,-0.620620846748352,101.60031127929688,-0.00006794929504394531,-0.010657552629709244,0,2.8683886528015137,0.45385074615478516,-2.8057854175567627,8.446840286254883,0,-0.0034685644786804914,7.455695152282715,4,0
32919,-1033.484130859375,-68.09117126464844,0.12759985029697418,1.4770574569702148,1.3494576215744019,101.43789672851562,0.00004935264587402344,0.020649775862693787,0,3.083871841430664,0.4995919466018677,-1.581108570098877,8.446840286254883,0,-0.0022331911604851484,7.381765365600586,4,0
32929,-1034.16845703125,-68.05206298828125,0.12759985029697418,3.764404296875,3.6368043422698975,101.34664154052734,0.00004935264587402344,0.020649775862693787,0,-3.1054725646972656,0.518764853477478,-1.2857134342193604,8.446840286254883,0,-0.0022331911604851484,7.381765365600586,4,0
32940,-1034.95458984375,-68.01800537109375,0.12759985029697418,2.5432567596435547,2.415656805038452,101.34664154052734,0.00004935264587402344,0.020649775862693787,0,-2.975907564163208,0.5173926949501038,-0.9266469478607178,8.446840286254883,0,-0.0022331911604851484,7.381765365600586,4,0
32990,-1038.308349609375,-68.20067596435547,0.12759985029697418,-3.5822534561157227,-3.709853410720825,101.28497314453125,0.00004935264587402344,0.020649775862693787,0,-2.6347851753234863,0.1480860412120819,0.4875102937221527,8.446840286254883,0,-0.0022331911604851484,7.381765365600586,4,0
33048,-1038.8438720703125,-68.2250747680664,0.12759985029697418,-3.9766287803649902,-4.104228496551514,101.19499206542969,0.00004857778549194336,0.0032377673778682947,0,-2.596508741378784,0.018186897039413452,0.7661775946617126,8.446840286254883,0,-0.008331270888447762,7.448974609375,4,0
33058,-1039.5380859375,-68.2894058227539,0.12759985029697418,-5.4567437171936035,-5.584343433380127,101.16616821289062,0.00004857778549194336,0.0032377673778682947,0,-2.784252166748047,-0.1652039885520935,0.9470463991165161,8.446840286254883,0,-0.008331270888447762,7.448974609375,4,0
33068,-1040.2266845703125,-68.34114837646484,0.12759985029697418,-4.442292213439941,-4.569891929626465,101.16616821289062,0.00004857778549194336,0.0032377673778682947,0,-2.983078956604004,-0.2981305420398712,1.1310029029846191,8.446840286254883,0,-0.008331270888447762,7.448974609375,4,0
33124,-1044.0069580078125,-68.44307708740234,0.12759985029697418,-1.3636455535888672,-1.4912453889846802,100.4131851196289,0.00004857778549194336,0.0032377673778682947,0,2.581888437271118,-0.38472989201545715,1.9279875755310059,8.446840286254883,0,-0.008331270888447762,7.448974609375,4,0
33180,-1047.782958984375,-68.50713348388672,0.12759985029697418,-1.0111932754516602,-1.1387931108474731,99.77850341796875,0.0000028014183044433594,-0.024076063185930252,0,2.39253830909729,-0.2173367589712143,2.4640133380889893,8.446840286254883,0,0.0004828786477446556,7.437772274017334,4,0
33190,-1048.484130859375,-68.5179443359375,0.12759985029697418,-1.0760717391967773,-1.2036715745925903,99.77850341796875,0.0000028014183044433594,-0.024076063185930252,0,2.4175755977630615,-0.1294405460357666,2.5444390773773193,8.446840286254883,0,0.0004828786477446556,7.437772274017334,4,0
33200,-1049.179931640625,-68.52770233154297,0.12759985029697418,-0.8177518844604492,-0.9453517198562622,99.77850341796875,0.0000028014183044433594,-0.024076063185930252,0,2.45639967918396,-0.05272786691784859,2.62821364402771,8.446840286254883,0,0.0004828786477446556,7.437772274017334,4,0
33255,-1053.0133056640625,-68.595458984375,0.12759985029697418,-1.139338493347168,-1.266938328742981,99.49113464355469,0.0000028014183044433594,-0.024076063185930252,0,2.6456284523010254,0.09074065089225769,-3.11077618598938,8.446840286254883,0,0.0004828786477446556,7.437772274017334,4,0
33310,-1056.657470703125,-68.63160705566406,0.12759985029697418,-0.3402576446533203,-0.4678574800491333,99.3019790649414,0.0000029206275939941406,-0.01383896917104721,0,3.120236396789551,-0.18645301461219788,-2.5960280895233154,8.446840286254883,0,-0.006967862602323294,7.401927947998047,4,0
33319,-1057.3587646484375,-68.62437438964844,0.12759985029697418,1.017343521118164,0.8897436857223511,99.3019790649414,0.0000029206275939941406,-0.01383896917104721,0,-3.120851993560791,-0.19890104234218597,-2.6173441410064697,8.446840286254883,0,-0.006967862602323294,7.401927947998047,4,0
33329,-1058.112060546875,-68.61358642578125,0.12759985029697418,1.2583799362182617,1.1307801008224487,99.3019790649414,0.0000029206275939941406,-0.01383896917104721,0,-3.0345685482025146,-0.22581791877746582,-2.6663410663604736,8.446840286254883,0,-0.006967862602323294,7.401927947998047,4,0
33389,-1058.70263671875,-68.6015396118164,0.12759985029697418,1.575303077697754,1.447703242301941,98.97233581542969,0.0000029206275939941406,-0.01383896917104721,0,-2.889808416366577,-0.2508581578731537,-2.7403082847595215,8.446840286254883,0,-0.006967862602323294,7.401927947998047,4,0
33443,-1062.459228515625,-68.63668823242188,0.12759985029697418,-0.2684974670410156,-0.3960973024368286,98.281982421875,-0.00008565187454223633,0.005227067042142153,0,-2.8710179328918457,-0.042203739285469055,2.7639994621276855,8.446840286254883,0,0.00701904296875,7.361602783203125,4,0
33454,-1063.14892578125,-68.64893341064453,0.12759985029697418,-1.4781007766723633,-1.6057006120681763,98.281982421875,-0.00008565187454223633,0.005227067042142153,0,-2.8779163360595703,-0.07861459255218506,2.713771343231201,8.446840286254883,0,0.00701904296875,7.361602783203125,4,0
33464,-1063.898193359375,-68.67269134521484,0.12759985029697418,-2.4718728065490723,-2.599472761154175,98.25743865966797,-0.00008565187454223633,0.005227067042142153,0,-2.8812830448150635,-0.13236016035079956,2.684764862060547,8.446840286254883,0,0.00701904296875,7.361602783203125,4,0
33520,-1064.5,-68.69913482666016,0.12759985029697418,-2.8708157539367676,-2.99841570854187,97.95976257324219,-0.00008565187454223633,0.005227067042142153,0,-2.8990721702575684,-0.15811577439308167,2.688129186630249,8.446840286254883,0,0.00701904296875,7.361602783203125,4,0
33570,-1071.170654296875,-68.56814575195312,0.12759985029697418,1.6432161331176758,1.5156162977218628,97.77001190185547,-0.00008565187454223633,0.005227067042142153,0,2.726875066757202,0.011340741999447346,-3.040104627609253,8.446840286254883,0,0.00701904296875,7.361602783203125,4,0
33627,-1074.9674072265625,-68.33911895751953,0.12759985029697418,4.208138465881348,4.080538749694824,97.3476333618164,0.000024616718292236328,-0.0017392116133123636,0,2.811201810836792,-0.0676577016711235,-2.420684814453125,8.446840286254883,0,0.00606943666934967,7.455695152282715,4,0
33679,-1078.619384765625,-68.32569122314453,0.12759985029697418,0.27051639556884766,0.14291654527187347,97.09619140625,0.000024616718292236328,-0.0017392116133123636,0,2.95255970954895,-0.16945841908454895,-1.7408921718597412,8.446840286254883,0,0.00606943666934967,7.455695152282715,4,0
33732,-1082.1593017578125,-68.33818054199219,0.12759985029697418,0.2022714614868164,0.07467161118984222,96.92589569091797,0.000049054622650146484,0.009503701701760292,0,2.5406103134155273,-0.4632053077220917,-1.1131423711776733,8.446840286254883,0,0.005150018259882927,7.379525184631348,4,0
33782,-1085.6796875,-68.20103454589844,0.12759985029697418,2.812262535095215,2.6846625804901123,96.43328857421875,0.000049054622650146484,0.009503701701760292,0,2.558812141418457,-0.5128768682479858,-0.8050400018692017,8.446840286254883,0,0.005150018259882927,7.379525184631348,4,0
33839,-1089.4332275390625,-68.16941833496094,0.12759985029697418,0.8415088653564453,0.7139090299606323,96.01549530029297,0.0000559687614440918,0.003945568576455116,0,2.9296836853027344,-0.977107584476471,-1.4202405214309692,8.446840286254883,0,0.011158088222146034,7.417609691619873,4,0
33891,-1093.0914306640625,-68.53245544433594,0.12759985029697418,-6.6545186042785645,-6.782118320465088,95.72430419921875,0.0000559687614440918,0.003945568576455116,0,-2.4692108631134033,-0.38619691133499146,-2.67718243598938,8.446840286254883,0,0.011158088222146034,7.417609691619873,4,0
33948,-1096.9700927734375,-68.616455078125,0.12759985029697418,-0.21689987182617188,-0.34449970722198486,95.34190368652344,-0.0000286102294921875,-0.012013580650091171,0,-2.663640260696411,0.12649239599704742,2.7664434909820557,8.446840286254883,0,0.0030701998621225357,7.404168128967285,4,0
34002,-1100.687255859375,-68.61280059814453,0.12759985029697418,0.9195022583007812,0.7919024229049683,95.15217590332031,-0.0000286102294921875,-0.012013580650091171,0,2.8452982902526855,0.0839708223938942,2.5182034969329834,8.446840286254883,0,0.0030701998621225357,7.404168128967285,4,0
34055,-1104.35205078125,-68.60581970214844,0.12759985029697418,0.2419605255126953,0.11436067521572113,95.27678680419922,0.00008106231689453125,0.0023511406034231186,0,3.050891399383545,-0.14757654070854187,2.4827070236206055,8.446840286254883,0,-0.0012920461595058441,7.401927947998047,4,0
34110,-1108.1478271484375,-68.99810791015625,0.12759985029697418,-7.667896747589111,-7.795496463775635,95.28073120117188,0.00008106231689453125,0.0023511406034231186,0,-2.8092825412750244,0.0675458014011383,1.9399813413619995,8.446840286254883,0,-0.0012920461595058441,7.401927947998047,4,0
34165,-1111.9525146484375,-69.08789825439453,0.12759985029697418,-0.48748302459716797,-0.615082859992981,95.2359390258789,-0.0001233816146850586,-0.023331010714173317,0,-2.68886661529541,0.9512194395065308,0.2828748822212219,8.446840286254883,0,0.003573279595002532,7.433291912078857,4,0
34222,-1115.8409423828125,-68.45708465576172,0.12759985029697418,11.164815902709961,11.037216186523438,94.1184310913086,-0.0001233816146850586,-0.023331010714173317,0,2.7462031841278076,0.7488179206848145,-0.35388877987861633,8.446840286254883,0,0.003573279595002532,7.433291912078857,4,0
34277,-1119.533935546875,-68.39710998535156,0.12759985029697418,1.3584613800048828,1.2308615446090698,93.77165222167969,0.000038564205169677734,-0.019024578854441643,0,2.3915343284606934,0.9084987640380859,0.9215532541275024,8.446840286254883,0,0.005584759637713432,7.3638434410095215,4,0
34286,-1120.262451171875,-68.37713623046875,0.12759985029697418,2.3870935440063477,2.259493589401245,93.77165222167969,0.000038564205169677734,-0.019024578854441643,0,2.4635329246520996,1.0572726726531982,1.3032158613204956,8.446840286254883,0,0.005584759637713432,7.3638434410095215,4,0
34338,-1123.806640625,-68.66277313232422,0.12759985029697418,-5.684218883514404,-5.811818599700928,93.65894317626953,0.000038564205169677734,-0.019024578854441643,0,-2.30393385887146,0.6809887886047363,-2.774763822555542,8.446840286254883,0,0.005584759637713432,7.3638434410095215,4,0
34392,-1127.42724609375,-68.7570571899414,0.12759985029697418,-1.364140510559082,-1.491740345954895,93.41452026367188,0.0001480579376220703,-0.004376736469566822,0,-3.026167154312134,0.41506847739219666,-1.2345898151397705,8.446840286254883,0,0.0038360008038580418,7.442253589630127,4,0
34403,-1128.193115234375,-68.79715728759766,0.12759985029697418,-3.754769802093506,-3.8823697566986084,93.34574890136719,0.0001480579376220703,-0.004376736469566822,0,-2.943479537963867,0.4195636510848999,-0.9278393387794495,8.446840286254883,0,0.0038360008038580418,7.442253589630127,4,0
34452,-1131.6046142578125,-68.99391174316406,0.12759985029697418,-3.844606399536133,-3.9722063541412354,93.21611022949219,0.0001480579376220703,-0.004376736469566822,0,-2.8791685104370117,0.09832336008548737,0.2821560800075531,8.446840286254883,0,0.0038360008038580418,7.442253589630127,4,0
34507,-1135.4410400390625,-69.27093505859375,0.12759985029697418,-4.647984981536865,-4.775584697723389,92.8285140991211,0.000047087669372558594,-0.017109794542193413,0,-2.587371587753296,0.02292998507618904,0.7683271169662476,8.446840286254883,0,0.004756418988108635,7.437772274017334,4,0
34517,-1136.1387939453125,-69.34095764160156,0.12759985029697418,-6.477349281311035,-6.604948997497559,92.8285140991211,0.000047087669372558594,-0.017109794542193413,0,-2.4237825870513916,-0.04898598790168762,0.803066074848175,8.446840286254883,0,0.004756418988108635,7.437772274017334,4,0
34574,-1136.4549560546875,-69.36927032470703,0.12759985029697418,-5.81175422668457,-5.939353942871094,92.13285064697266,0.000047087669372558594,-0.017109794542193413,0,-2.3328351974487305,-0.0712072029709816,0.8117338418960571,8.446840286254883,0,0.004756418988108635,7.437772274017334,4,0
34629,-1140.2484130859375,-69.34049224853516,0.12759985029697418,1.1684646606445312,1.0408648252487183,91.57708740234375,-0.00012350082397460938,-0.0227498859167099,0,-2.7853341102600098,0.739440381526947,0.02584662288427353,8.446840286254883,0,0.0026057781651616096,7.370563983917236,4,0
34638,-1140.95703125,-69.33190155029297,0.12759985029697418,0.7534561157226562,0.6258562803268433,91.57708740234375,-0.00012350082397460938,-0.0227498859167099,0,-3.0230796337127686,0.6980715990066528,-0.0849997028708458,8.446840286254883,0,0.0026057781651616096,7.370563983917236,4,0
34693,-1144.690673828125,-69.27963256835938,0.12759985029697418,1.1766443252563477,1.0490444898605347,91.16011047363281,-0.00012350082397460938,-0.0227498859167099,0,2.73167085647583,0.45218029618263245,-0.32735028862953186,8.446840286254883,0,0.0026057781651616096,7.370563983917236,4,0
34702,-1145.378662109375,-69.28364562988281,0.12759985029697418,0.14297199249267578,0.015372142195701599,91.16011047363281,-0.00012350082397460938,-0.0227498859167099,0,2.6864874362945557,0.2915579378604889,-0.31263023614883423,8.446840286254883,0,0.0026057781651616096,7.426570892333984,4,0
34752,-1148.7139892578125,-69.1737060546875,0.12759985029697418,2.4979543685913086,2.370354413986206,90.81034851074219,-0.00004929304122924805,-0.02321181632578373,0,2.548190116882324,-0.16690072417259216,-0.182141974568367,8.446840286254883,0,0.02140130288898945,7.426570892333984,4,0
34761,-1149.42041015625,-69.13639068603516,0.12759985029697418,3.638381004333496,3.5107810497283936,90.81034851074219,-0.00004929304122924805,-0.02321181632578373,0,2.5924551486968994,-0.2032114714384079,-0.18312875926494598,8.446840286254883,0,0.02140130288898945,7.426570892333984,4,0
34819,-1153.4500732421875,-68.97991943359375,0.12759985029697418,2.711930274963379,2.5843303203582764,90.78817749023438,-0.00004929304122924805,-0.02321181632578373,0,2.952941417694092,-0.3731008470058441,-0.35947704315185547,8.446840286254883,0,0.02140130288898945,7.426570892333984,4,0
34875,-1157.240478515625,-69.1175537109375,0.12759985029697418,-2.135862350463867,-2.2634623050689697,90.67605590820312,-0.000014603137969970703,-0.008549075573682785,0,-2.695932149887085,-0.8331056237220764,-1.2086727619171143,8.446840286254883,0,0.006652766838669777,7.4467339515686035,4,0
34885,-1158.014892578125,-69.29714965820312,0.12759985029697418,-15.623286247253418,-15.750885963439941,90.67605590820312,-0.000014603137969970703,-0.008549075573682785,0,-2.5809483528137207,-0.6615557670593262,-1.4771629571914673,8.446840286254883,0,0.006652766838669777,7.4467339515686035,4,0
34941,-1161.8670654296875,-69.57559204101562,0.12759985029697418,-3.0067644119262695,-3.134364366531372,90.09951782226562,-0.000014603137969970703,-0.008549075573682785,0,-2.68868088722229,-0.019340073689818382,-2.3997178077697754,8.446840286254883,0,0.006652766838669777,7.4467339515686035,4,0
34994,-1165.608642578125,-70.2164306640625,0.12759985029697418,-12.519075393676758,-12.646675109863281,89.9052505493164,0.000014960765838623047,-0.0286581851541996,0,-2.9344263076782227,-0.4271096885204315,-2.249983072280884,8.446840286254883,0,0.006276008207350969,7.448974609375,4,0
35004,-1166.3212890625,-70.3658447265625,0.12759985029697418,-13.445846557617188,-13.573446273803711,89.6233901977539,0.000014960765838623047,-0.0286581851541996,0,2.9220175743103027,-0.31737008690834045,-1.8329524993896484,8.446840286254883,0,0.006276008207350969,7.448974609375,4,0
35016,-1167.0333251953125,-70.47976684570312,0.12759985029697418,-9.480118751525879,-9.607718467712402,89.6233901977539,0.000014960765838623047,-0.0286581851541996,0,2.577711582183838,-0.10593301802873611,-1.4527440071105957,8.446840286254883,0,0.006276008207350969,7.448974609375,4,0
35067,-1167.20654296875,-70.50072479248047,0.12759985029697418,-7.488001823425293,-7.615601539611816,89.23482513427734,0.000014960765838623047,-0.0286581851541996,0,2.459927797317505,0.011776715517044067,-1.3063656091690063,8.446840286254883,0,0.006276008207350969,7.448974609375,4,0
35122,-1170.9847412109375,-70.62709045410156,0.12759985029697418,-1.7555932998657227,-1.8831931352615356,89.4415054321289,0.00010371208190917969,0.024322889745235443,0,2.08764910697937,1.0553398132324219,0.014100578613579273,8.446840286254883,0,0.017007926478981972,7.4198503494262695,4,0
35131,-1171.70654296875,-70.66261291503906,0.12759985029697418,-3.709266185760498,-3.8368661403656006,89.46121215820312,0.00010371208190917969,0.024322889745235443,0,2.468731641769409,1.2386276721954346,0.29454994201660156,8.446840286254883,0,0.017007926478981972,7.4198503494262695,4,0
35142,-1172.423828125,-70.70665740966797,0.12759985029697418,-4.612446308135986,-4.74004602432251,89.46121215820312,0.00010371208190917969,0.024322889745235443,0,-3.019299030303955,1.2737270593643188,1.0573253631591797,8.446840286254883,0,0.017007926478981972,7.4198503494262695,4,0
35192,-1176.0487060546875,-71.12849426269531,0.12759985029697418,-8.420400619506836,-8.54800033569336,88.99935913085938,0.00010371208190917969,0.024322889745235443,0,-1.4672417640686035,0.3068162798881531,2.5406014919281006,8.446840286254883,0,0.017007926478981972,7.4198503494262695,4,0
35247,-1179.9202880859375,-71.22530364990234,0.12759985029697418,-1.0204925537109375,-1.1480923891067505,88.80825805664062,0.000024080276489257812,-0.0028493786230683327,0,-1.2196687459945679,-0.09045746922492981,2.622373342514038,8.446840286254883,0,0.0575750395655632,7.334719181060791,4,0
35257,-1180.642822265625,-71.2560806274414,0.12759985029697418,-2.900559425354004,-3.0281593799591064,88.38739013671875,0.000024080276489257812,-0.0028493786230683327,0,-1.2756998538970947,-0.11119983345270157,2.6997413635253906,8.446840286254883,0,0.0575750395655632,7.334719181060791,4,0
35267,-1181.3623046875,-71.28672790527344,0.12759985029697418,-2.9189562797546387,-3.046556234359741,88.38739013671875,0.000024080276489257812,-0.0028493786230683327,0,-1.3477132320404053,-0.05246447026729584,2.782412052154541,8.446840286254883,0,0.0575750395655632,7.334719181060791,4,0
35324,-1181.84033203125,-71.30816650390625,0.12759985029697418,-3.2099084854125977,-3.3375084400177,87.63945007324219,0.000024080276489257812,-0.0028493786230683327,0,-1.4252357482910156,0.05752328038215637,2.8491430282592773,8.446840286254883,0,0.0575750395655632,7.334719181060791,4,0
35380,-1185.73291015625,-71.44149017333984,0.12759985029697418,-1.226419448852539,-1.354019284248352,87.06362915039062,-0.0000603795051574707,0.013012903742492199,0,-2.9889516830444336,0.37740883231163025,2.381141424179077,8.446840286254883,0,0.03577623888850212,7.4198503494262695,4,0
35390,-1186.4644775390625,-71.45350646972656,0.12759985029697418,-0.42992115020751953,-0.5575209856033325,87.06362915039062,-0.0000603795051574707,0.013012903742492199,0,3.1157584190368652,0.23271191120147705,2.297744035720825,8.446840286254883,0,0.03577623888850212,7.4198503494262695,4,0
35400,-1187.18994140625,-71.45150756835938,0.12759985029697418,0.7520656585693359,0.624465823173523,87.06362915039062,-0.0000603795051574707,0.013012903742492199,0,2.990389585494995,0.09009455144405365,2.244687795639038,8.446840286254883,0,0.03577623888850212,7.4198503494262695,4,0
35456,-1191.2493896484375,-71.33888244628906,0.12759985029697418,2.264479637145996,2.1368796825408936,86.6535873413086,-0.0000603795051574707,0.013012903742492199,0,3.0896244049072266,-0.3984796404838562,2.0534048080444336,8.446840286254883,0,0.03577623888850212,7.4198503494262695,4,0
35510,-1195.1439208984375,-71.38328552246094,0.12759985029697418,-1.6564455032348633,-1.7840453386306763,86.42901611328125,-0.00007236003875732422,0.006143463309854269,0,-2.5783796310424805,-0.13547153770923615,1.1054388284683228,8.446840286254883,0,0.011144290678203106,7.404168128967285,4,0
35521,-1195.861083984375,-71.41278839111328,0.12759985029697418,-0.7382240295410156,-0.8658238649368286,86.42901611328125,-0.00007236003875732422,0.006143463309854269,0,-2.611845016479492,0.06056228652596474,0.8496410250663757,8.446840286254883,0,0.011144290678203106,7.404168128967285,4,0
35532,-1196.64404296875,-71.385498046875,0.12759985029697418,4.45545768737793,4.327857971191406,86.19194030761719,-0.00007236003875732422,0.006143463309854269,0,-2.712928056716919,0.22023403644561768,0.5640411376953125,8.446840286254883,0,0.011144290678203106,7.404168128967285,4,0
35586,-1200.5528564453125,-70.90972900390625,0.12759985029697418,9.216646194458008,9.089046478271484,85.96833801269531,-0.00007236003875732422,0.006143463309854269,0,2.885769844055176,0.19932496547698975,-0.8170492649078369,8.446840286254883,0,0.011144290678203106,7.404168128967285,4,0
35640,-1200.6390380859375,-70.90790557861328,0.12759985029697418,1.140594482421875,1.012994647026062,85.64818572998047,-0.00007236003875732422,0.006143463309854269,0,2.8915653228759766,0.17331092059612274,-0.8348350524902344,8.446840286254883,0,0.011144290678203106,7.404168128967285,4,0
35694,-1204.4349365234375,-71.0587387084961,0.12759985029697418,-2.1331396102905273,-2.26073956489563,85.81896209716797,0.000087738037109375,0.006061512976884842,0,2.7269930839538574,-0.6331582069396973,-1.343614935874939,8.446840286254883,0,0.004513961263000965,7.395206928253174,4,0
35743,-1207.9818115234375,-71.22526550292969,0.12759985029697418,-3.0703587532043457,-3.1979587078094482,85.70618438720703,0.000087738037109375,0.006061512976884842,0,-2.1671688556671143,-0.7146036624908447,-2.198227882385254,8.446840286254883,0,0.004513961263000965,7.395206928253174,4,0
35799,-1211.9378662109375,-71.34003448486328,0.12759985029697418,0.3005199432373047,0.1729200929403305,84.86764526367188,-0.00011134147644042969,-0.000010714771633502096,0,-2.2468860149383545,0.27865317463874817,-2.66336727142334,8.446840286254883,0,-0.013504144735634327,7.399687767028809,4,0
35852,-1215.7413330078125,-71.57135772705078,0.12759985029697418,-4.197350025177002,-4.324949741363525,84.36042785644531,-0.00011134147644042969,-0.000010714771633502096,0,-2.461524486541748,0.2469005137681961,-2.8634676933288574,8.446840286254883,0,-0.013504144735634327,7.399687767028809,4,0
35905,-1219.4658203125,-71.6750259399414,0.12759985029697418,-1.2997159957885742,-1.4273158311843872,84.21375274658203,-0.00006121397018432617,-0.012557477690279484,0,-3.0229780673980713,0.6337326765060425,-2.2475671768188477,8.446840286254883,0,0.03429180756211281,7.345920562744141,4,0
35958,-1223.41455078125,-71.84867095947266,0.12759985029697418,-2.9754252433776855,-3.103025197982788,83.76141357421875,-0.00006121397018432617,-0.012557477690279484,0,3.019965410232544,0.6706129312515259,-1.1610517501831055,8.446840286254883,0,0.03429180756211281,7.345920562744141,4,0
36012,-1227.278564453125,-71.87482452392578,0.12759985029697418,-0.8043575286865234,-0.9319573640823364,83.53153228759766,-0.000028133392333984375,-0.01976219192147255,0,-2.6984450817108154,0.6354025602340698,0.27208539843559265,8.446840286254883,0,-0.009672027081251144,7.435532093048096,4,0
36068,-1231.2694091796875,-72.32836151123047,0.12759985029697418,-9.195398330688477,-9.322998046875,83.24463653564453,-0.000028133392333984375,-0.01976219192147255,0,-2.3740296363830566,-0.23501801490783691,1.6657356023788452,8.446840286254883,0,-0.009672027081251144,7.435532093048096,4,0
36124,-1235.246337890625,-72.52677917480469,0.12759985029697418,-3.040599822998047,-3.1681997776031494,83.03512573242188,0.0001214146614074707,-0.00465985806658864,0,2.971592426300049,-0.31429994106292725,-3.0989553928375244,8.446840286254883,0,0.012953256256878376,7.448974609375,4,0
36181,-1239.4462890625,-72.5640640258789,0.12759985029697418,-0.4638195037841797,-0.5914193391799927,82.4735336303711,0.0001214146614074707,-0.00465985806658864,0,3.00752329826355,-0.4275802969932556,-2.2842960357666016,8.446840286254883,0,0.012953256256878376,7.448974609375,4,0
36235,-1243.3505859375,-72.73416900634766,0.12759985029697418,-3.062361717224121,-3.1899616718292236,82.01768493652344,0.00005447864532470703,0.002827974734827876,0,3.1156842708587646,-0.36895161867141724,-1.9686013460159302,8.446840286254883,0,0.012691415846347809,7.435532093048096,4,0
36295,-1243.9461669921875,-72.75772857666016,0.12759985029697418,-2.725074291229248,-2.8526742458343506,81.76107788085938,0.00005447864532470703,0.002827974734827876,0,-3.1273040771484375,-0.2406042367219925,-1.9312787055969238,8.446840286254883,0,0.012691415846347809,7.435532093048096,4,0
36353,-1248.1195068359375,-72.93569946289062,0.12759985029697418,-2.722766399383545,-2.8503663539886475,81.46595001220703,-0.000021517276763916016,0.00008615547994850203,0,-2.7847816944122314,0.1947532296180725,-1.6053200960159302,8.446840286254883,0,0.008599272929131985,7.379525184631348,4,0
36362,-1248.86279296875,-72.95323944091797,0.12759985029697418,-1.401280403137207,-1.52888023853302,81.46595001220703,-0.000021517276763916016,0.00008615547994850203,0,-2.7133681774139404,0.09980902075767517,-1.5659440755844116,8.446840286254883,0,0.008599272929131985,7.379525184631348,4,0
36411,-1252.39013671875,-72.9754867553711,0.12759985029697418,-0.33250999450683594,-0.4601098299026489,80.92782592773438,-0.000021517276763916016,0.00008615547994850203,0,-2.5483596324920654,-0.1955675482749939,-1.4657362699508667,8.446840286254883,0,0.008599272929131985,7.379525184631348,4,0
36469,-1256.6053466796875,-72.90171813964844,0.12759985029697418,1.4221811294555664,1.2945812940597534,80.64176940917969,0.00009989738464355469,0.012670185416936874,0,-2.642280101776123,-0.22663085162639618,-1.8706327676773071,8.446840286254883,0,0.020838981494307518,7.377285003662109,4,0
36479,-1257.39990234375,-72.88607788085938,0.12759985029697418,1.8803739547729492,1.7527741193771362,80.51670837402344,0.00009989738464355469,0.012670185416936874,0,-2.7461438179016113,-0.10685740411281586,-2.019322156906128,8.446840286254883,0,0.020838981494307518,7.377285003662109,4,0
36532,-1257.39990234375,-72.88607788085938,0.12759985029697418,1.9319686889648438,1.8043688535690308,80.22626495361328,0.00009989738464355469,0.012670185416936874,0,-2.7490596771240234,-0.0941925197839737,-2.049886465072632,8.446840286254883,0,0.020838981494307518,7.377285003662109,4,0
36586,-1261.4005126953125,-72.79084014892578,0.12759985029697418,2.0252771377563477,1.8976773023605347,79.9201431274414,-0.000002086162567138672,0.0058081913739442825,0,-2.829563856124878,0.09176559001207352,-2.940581798553467,8.446840286254883,0,0.006316082552075386,7.386246204376221,4,0
36598,-1262.1884765625,-72.8053970336914,0.12759985029697418,-1.710763931274414,-1.838363766670227,79.9201431274414,-0.000002086162567138672,0.0058081913739442825,0,-2.8096046447753906,0.12424668669700623,-3.088850975036621,8.446840286254883,0,0.006316082552075386,7.386246204376221,4,0
36649,-1265.96240234375,-73.02932739257812,0.12759985029697418,-4.283351898193359,-4.410951614379883,79.47380828857422,-0.000002086162567138672,0.0058081913739442825,0,-2.7885448932647705,0.3598629832267761,2.456681728363037,8.446840286254883,0,0.006316082552075386,7.386246204376221,4,0
36703,-1269.826171875,-73.03083038330078,0.12759985029697418,0.32483863830566406,0.19723878800868988,79.15739440917969,-0.000025391578674316406,0.00979425385594368,0,2.914170265197754,0.530370831489563,0.882780909538269,8.446840286254883,0,0.014887012541294098,7.381765365600586,4,0
36713,-1270.643798828125,-72.9284439086914,0.12759985029697418,8.728940963745117,8.601341247558594,79.15739440917969,-0.000025391578674316406,0.00979425385594368,0,2.79591703414917,0.470214307308197,0.7085059881210327,8.446840286254883,0,0.014887012541294098,7.381765365600586,4,0
36764,-1274.3134765625,-72.63605499267578,0.12759985029697418,5.777279853820801,5.649680137634277,78.74552917480469,-0.000025391578674316406,0.00979425385594368,0,2.5489208698272705,0.10784869641065598,0.23051795363426208,8.446840286254883,0,0.014887012541294098,7.381765365600586,4,0
36773,-1275.07275390625,-72.6427993774414,0.12759985029697418,-0.6203527450561523,-0.7479525804519653,78.74552917480469,-0.00005316734313964844,0.016767995432019234,0,2.56192684173584,0.10515213757753372,0.23468337953090668,8.446840286254883,0,0.014887012541294098,7.390726566314697,4,0
36824,-1278.609619140625,-72.68028259277344,0.12759985029697418,-0.6423892974853516,-0.7699891328811646,78.48998260498047,0.00003713369369506836,-0.007528343703597784,0,2.5891761779785156,0.13370928168296814,0.27652865648269653,8.446840286254883,0,0.005472817923873663,7.390726566314697,4,0
36834,-1279.352783203125,-72.70584106445312,0.12759985029697418,-2.4111227989196777,-2.5387227535247803,78.48998260498047,0.00003713369369506836,-0.007528343703597784,0,2.678924560546875,0.08128203451633453,0.3176266849040985,8.446840286254883,0,0.005472817923873663,7.390726566314697,4,0
36888,-1283.343994140625,-72.82330322265625,0.12759985029697418,-1.9592714309692383,-2.086871385574341,78.45968627929688,0.00003713369369506836,-0.007528343703597784,0,2.9480345249176025,-0.20523986220359802,0.49011993408203125,8.446840286254883,0,0.005472817923873663,7.390726566314697,4,0
36943,-1287.3153076171875,-72.76155853271484,0.12759985029697418,1.5370817184448242,1.4094818830490112,78.3438720703125,0.00005042552947998047,-0.007930661551654339,0,-2.890700578689575,-0.5825271606445312,0.21322660148143768,8.446840286254883,0,0.007953887805342674,7.3638434410095215,4,0
36953,-1288.0616455078125,-72.82057189941406,0.12759985029697418,-6.106321334838867,-6.233921051025391,78.15179443359375,0.00005042552947998047,-0.007930661551654339,0,-2.78426194190979,-0.5168063044548035,0.05438164621591568,8.446840286254883,0,0.007953887805342674,7.3638434410095215,4,0
37011,-1292.2908935546875,-73.17133331298828,0.12759985029697418,-5.844439506530762,-5.972039222717285,77.91075897216797,0.00005042552947998047,-0.007930661551654339,0,-2.5213215351104736,0.0745956301689148,-0.6991326808929443,8.446840286254883,0,0.007953887805342674,7.3638434410095215,4,0
37066,-1296.29150390625,-73.09867858886719,0.12759985029697418,1.9651107788085938,1.8375109434127808,77.5829849243164,-0.00004738569259643555,-0.005576285067945719,0,-2.9329841136932373,0.7886542081832886,-1.5557292699813843,8.446840286254883,0,0.014421812258660793,7.435532093048096,4,0
37075,-1297.04052734375,-73.11197662353516,0.12759985029697418,-1.5172739028930664,-1.6448737382888794,77.29037475585938,-0.00004738569259643555,-0.005576285067945719,0,-3.0993473529815674,0.793870747089386,-1.655975103378296,8.446840286254883,0,0.014421812258660793,7.435532093048096,4,0
37086,-1297.8275146484375,-73.13440704345703,0.12759985029697418,-2.152320384979248,-2.2799203395843506,77.29037475585938,-0.00004738569259643555,-0.005576285067945719,0,3.0465636253356934,0.779358983039856,-1.7315237522125244,8.446840286254883,0,0.014421812258660793,7.435532093048096,4,0
37135,-1301.3936767578125,-73.24853515625,0.12759985029697418,-2.2147603034973145,-2.342360258102417,76.82205200195312,-0.00004738569259643555,-0.005576285067945719,0,2.7632107734680176,0.7513594627380371,-1.949883222579956,8.446840286254883,0,0.014421812258660793,7.435532093048096,4,0
37194,-1301.939208984375,-73.26032257080078,0.12759985029697418,-1.415618896484375,-1.543218731880188,76.53070068359375,-0.00004476308822631836,-0.005114351399242878,0,2.7703585624694824,0.7012694478034973,-1.8970597982406616,8.446840286254883,0,0.004010774195194244,7.422090530395508,4,0
37203,-1302.6854248046875,-73.28762817382812,0.12759985029697418,-2.4962949752807617,-2.6238949298858643,76.3572769165039,-0.00004476308822631836,-0.005114351399242878,0,2.834791898727417,0.5544489026069641,-1.7749674320220947,8.446840286254883,0,0.004010774195194244,7.422090530395508,4,0
37215,-1303.4947509765625,-73.3158187866211,0.12759985029697418,-2.33022403717041,-2.4578239917755127,76.3572769165039,-0.00004476308822631836,-0.005114351399242878,0,2.866917133331299,0.3873617649078369,-1.6607311964035034,8.446840286254883,0,0.004010774195194244,7.422090530395508,4,0
37264,-1307.1568603515625,-73.32881927490234,0.12759985029697418,-0.048050880432128906,-0.1756507307291031,75.95609283447266,-0.00004476308822631836,-0.005114351399242878,0,2.837871551513672,-0.1430422067642212,-1.1886335611343384,8.446840286254883,0,0.004010774195194244,7.422090530395508,4,0
37316,-1310.91455078125,-73.24728393554688,0.12759985029697418,1.8180513381958008,1.6904515027999878,75.8685302734375,-0.00005352497100830078,-0.028404880315065384,0,2.780266046524048,-0.3951258063316345,-0.8742384314537048,8.446840286254883,0,0.015564468689262867,7.426570892333984,4,0
37325,-1311.6639404296875,-73.22272491455078,0.12759985029697418,2.430276870727539,2.3026769161224365,75.65735626220703,-0.00005352497100830078,-0.028404880315065384,0,2.842339515686035,-0.4362570345401764,-0.8619784116744995,8.446840286254883,0,0.015564468689262867,7.426570892333984,4,0
37336,-1312.4072265625,-73.20283508300781,0.12759985029697418,1.701430320739746,1.573830485343933,75.65735626220703,-0.00005352497100830078,-0.028404880315065384,0,2.9097952842712402,-0.47291070222854614,-0.8678890466690063,8.446840286254883,0,0.015564468689262867,7.426570892333984,4,0
37391,-1316.4451904296875,-73.1463851928711,0.12759985029697418,1.1239004135131836,0.9963005781173706,75.48374938964844,-0.00005352497100830078,-0.028404880315065384,0,-3.118745803833008,-0.5754348039627075,-1.044739007949829,8.446840286254883,0,0.015564468689262867,7.426570892333984,4,0
37448,-1320.522216796875,-73.28510284423828,0.12759985029697418,-2.3306665420532227,-2.458266496658325,75.0066146850586,0.000022411346435546875,0.00999540463089943,0,-2.855419874191284,-0.6334928870201111,-1.6710832118988037,8.446840286254883,0,0.02582983300089836,7.372804164886475,4,0
37456,-1321.2742919921875,-73.33277130126953,0.12759985029697418,-4.491718769073486,-4.61931848526001,75.0066146850586,0.000022411346435546875,0.00999540463089943,0,-2.782693862915039,-0.4237445592880249,-1.870365858078003,8.446840286254883,0,0.02582983300089836,7.372804164886475,4,0
37468,-1322.0179443359375,-73.37812042236328,0.12759985029697418,-4.217761039733887,-4.34536075592041,75.0066146850586,0.000022411346435546875,0.00999540463089943,0,-2.791504383087158,-0.20348435640335083,-2.04125714302063,8.446840286254883,0,0.02582983300089836,7.372804164886475,4,0
37523,-1326.160888671875,-73.44882202148438,0.12759985029697418,-0.6922140121459961,-0.8198138475418091,74.5037612915039,0.000022411346435546875,0.00999540463089943,0,-3.132877826690674,0.4480953514575958,-3.0686936378479004,8.446840286254883,0,0.02582983300089836,7.372804164886475,4,0
37579,-1330.1444091796875,-73.36181640625,0.12759985029697418,1.803445816040039,1.675845980644226,74.02994537353516,-0.000010907649993896484,0.025164790451526642,0,2.764378070831299,0.177476704120636,2.3871564865112305,8.446840286254883,0,0.0007084524258971214,7.384005546569824,4,0
37587,-1330.8936767578125,-73.36962127685547,0.12759985029697418,-0.7378473281860352,-0.8654471635818481,74.02994537353516,-0.000010907649993896484,0.025164790451526642,0,2.7709689140319824,0.09468955546617508,2.2463009357452393,8.446840286254883,0,0.0007084524258971214,7.384005546569824,4,0
37599,-1331.6395263671875,-73.37861633300781,0.12759985029697418,-0.7456512451171875,-0.8732510805130005,74.02994537353516,-0.000010907649993896484,0.025164790451526642,0,2.790266275405884,0.03803393617272377,2.1030166149139404,8.446840286254883,0,0.0007084524258971214,7.384005546569824,4,0
37608,-1332.42431640625,-73.38754272460938,0.12759985029697418,-0.6805868148803711,-0.8081866502761841,73.77937316894531,-0.000010907649993896484,0.025164790451526642,0,2.8194282054901123,0.008571996353566647,1.947964072227478,8.446840286254883,0,0.0007084524258971214,7.384005546569824,4,0
37658,-1336.0457763671875,-73.42390441894531,0.12759985029697418,-0.6094875335693359,-0.7370873689651489,73.53555297851562,-0.000010907649993896484,0.025164790451526642,0,2.910583019256592,0.04868599772453308,1.2077690362930298,8.446840286254883,0,0.0007084524258971214,7.384005546569824,4,0
37716,-1340.2255859375,-73.44844055175781,0.12759985029697418,-0.3059854507446289,-0.4335852861404419,73.1673812866211,-0.000024437904357910156,0.023898201063275337,0,2.9621622562408447,0.13497933745384216,0.3129597306251526,8.446840286254883,0,0.0054925596341490746,7.417609691619873,4,0
37726,-1341.05126953125,-73.42973327636719,0.12759985029697418,2.081854820251465,1.9542549848556519,73.1673812866211,-0.000024437904357910156,0.023898201063275337,0,2.9388608932495117,0.12859657406806946,0.14272381365299225,8.446840286254883,0,0.0054925596341490746,7.417609691619873,4,0
37736,-1341.7744140625,-73.40579986572266,0.12759985029697418,2.779360771179199,2.6517608165740967,73.02591705322266,-0.000024437904357910156,0.023898201063275337,0,2.9168851375579834,0.11652978509664536,0.010414965450763702,8.446840286254883,0,0.0054925596341490746,7.417609691619873,4,0
37794,-1346.048583984375,-73.32416534423828,0.12759985029697418,1.2720823287963867,1.1444824934005737,72.72810363769531,-0.000024437904357910156,0.023898201063275337,0,2.8326315879821777,-0.013392998836934566,-0.5699316263198853,8.446840286254883,0,0.0054925596341490746,7.417609691619873,4,0
37842,-1349.5699462890625,-73.33096313476562,0.12759985029697418,-0.013964653015136719,-0.1415645033121109,72.4861068725586,-0.000024437904357910156,0.023898201063275337,0,2.7849438190460205,-0.09651630371809006,-0.3027823269367218,8.446840286254883,0,0.0054925596341490746,7.417609691619873,4,0
37898,-1353.5535888671875,-73.4002456665039,0.12759985029697418,-1.061324119567871,-1.188923954963684,72.34569549560547,-0.000016689300537109375,-0.0004354020347818732,0,2.756178617477417,0.18871451914310455,0.42758601903915405,8.446840286254883,0,0.011763637885451317,7.40864896774292,4,0
37951,-1353.8583984375,-73.4018325805664,0.12759985029697418,0.03973674774169922,-0.08786310255527496,71.97491455078125,-0.000016689300537109375,-0.0004354020347818732,0,2.735790967941284,0.16727474331855774,0.5061026811599731,8.446840286254883,0,0.011763637885451317,7.40864896774292,4,0
38008,-1357.9599609375,-73.23343658447266,0.12759985029697418,3.1477489471435547,3.020148992538452,71.78234100341797,-0.000015616416931152344,-0.0022831475362181664,0,2.7515289783477783,0.32559841871261597,1.2709451913833618,8.446840286254883,0,-0.00496834609657526,7.388486385345459,4,0
38062,-1361.96875,-73.14679718017578,0.12759985029697418,1.7051353454589844,1.5775355100631714,71.42493438720703,-0.000015616416931152344,-0.0022831475362181664,0,3.0040600299835205,0.5763393044471741,2.3697726726531982,8.446840286254883,0,-0.00496834609657526,7.388486385345459,4,0
38118,-1366.0072021484375,-73.31272888183594,0.12759985029697418,-2.9274940490722656,-3.055094003677368,71.00605773925781,-0.00004935264587402344,-0.009987051598727703,0,-2.8637638092041016,0.5097606778144836,-2.668882369995117,8.446840286254883,0,0.007817079313099384,7.417609691619873,4,0
38172,-1370.0374755859375,-73.7052230834961,0.12759985029697418,-6.990147590637207,-7.1177473068237305,70.7566146850586,-0.00004935264587402344,-0.009987051598727703,0,-2.700721502304077,0.4164004921913147,-1.8741488456726074,8.446840286254883,0,0.007817079313099384,7.417609691619873,4,0
38227,-1374.1129150390625,-74.18800354003906,0.12759985029697418,-8.644096374511719,-8.771696090698242,70.72419738769531,0.00010877847671508789,0.028025813400745392,0,-2.635188579559326,0.5658411383628845,-1.4178438186645508,8.446840286254883,0,0.0130918612703681,7.401927947998047,4,0
38284,-1378.331787109375,-74.30741119384766,0.12759985029697418,-1.8577489852905273,-1.9853488206863403,70.66714477539062,0.00010877847671508789,0.028025813400745392,0,-2.616189479827881,0.7778547406196594,-0.8795478940010071,8.446840286254883,0,0.0130918612703681,7.401927947998047,4,0
38335,-1382.0892333984375,-74.14730834960938,0.12759985029697418,3.169257164001465,3.0416572093963623,70.14987182617188,0.000008881092071533203,0.012111378833651543,0,-2.199312925338745,0.4778023660182953,-0.1610918939113617,8.446840286254883,0,0.0034354771487414837,7.426570892333984,4,0
38344,-1382.8336181640625,-74.13921356201172,0.12759985029697418,0.8816051483154297,0.7540053129196167,70.14987182617188,0.000008881092071533203,0.012111378833651543,0,-2.150632381439209,0.36245569586753845,-0.06604380905628204,8.446840286254883,0,0.0034354771487414837,7.426570892333984,4,0
38394,-1386.488525390625,-74.09455108642578,0.12759985029697418,1.0333681106567383,0.9057682752609253,69.40557098388672,0.000008881092071533203,0.012111378833651543,0,-2.0846736431121826,0.07615312188863754,0.32476890087127686,8.446840286254883,0,0.0034354771487414837,7.426570892333984,4,0
38448,-1390.3834228515625,-74.13921356201172,0.12759985029697418,-0.7675962448120117,-0.8951960802078247,69.18923950195312,0.000057756900787353516,0.02130538783967495,0,-2.1942715644836426,0.026449814438819885,0.45922383666038513,8.446840286254883,0,0.005477596540004015,7.361602783203125,4,0
38457,-1391.1737060546875,-74.15242767333984,0.12759985029697418,-0.7106618881225586,-0.8382617235183716,69.083984375,0.000057756900787353516,0.02130538783967495,0,-2.3594810962677,0.17154726386070251,0.49875888228416443,8.446840286254883,0,0.005477596540004015,7.361602783203125,4,0
38508,-1391.1737060546875,-74.15242767333984,0.12759985029697418,-0.49620723724365234,-0.6238070726394653,68.63655090332031,0.000057756900787353516,0.02130538783967495,0,-2.3926260471343994,0.19538694620132446,0.5077481865882874,8.446840286254883,0,0.005477596540004015,7.361602783203125,4,0
38562,-1395.24560546875,-74.55235290527344,0.12759985029697418,-7.75407075881958,-7.8816704750061035,68.12068176269531,0.000003516674041748047,0.007998649962246418,0,-2.7855966091156006,-0.3127339482307434,1.2986252307891846,8.446840286254883,0,0.02391301840543747,7.375044822692871,4,0
38573,-1396.0489501953125,-74.64329528808594,0.12759985029697418,-7.962127685546875,-8.089727401733398,68.12068176269531,0.000003516674041748047,0.007998649962246418,0,-2.953296184539795,-0.3884354531764984,1.6608896255493164,8.446840286254883,0,0.02391301840543747,7.375044822692871,4,0
38625,-1399.9202880859375,-74.54570007324219,0.12759985029697418,2.383927345275879,2.2563273906707764,67.83294677734375,0.000003516674041748047,0.007998649962246418,0,2.700103282928467,0.06315229833126068,-2.916707992553711,8.446840286254883,0,0.02391301840543747,7.375044822692871,4,0
38682,-1404.093505859375,-74.54254150390625,0.12759985029697418,0.09556865692138672,-0.03203119337558746,67.69566345214844,0.00004976987838745117,-0.014643661677837372,0,3.061124563217163,0.22684450447559357,-1.3265596628189087,8.446840286254883,0,-0.004180660471320152,7.395206928253174,4,0
38691,-1404.858154296875,-74.56856536865234,0.12759985029697418,-2.0824966430664062,-2.210096597671509,67.69566345214844,0.00004976987838745117,-0.014643661677837372,0,-3.1051554679870605,0.10919883847236633,-1.141465187072754,8.446840286254883,0,-0.004180660471320152,7.395206928253174,4,0
38743,-1408.715576171875,-74.4722900390625,0.12759985029697418,2.371734619140625,2.2441346645355225,67.6068344116211,0.00004976987838745117,-0.014643661677837372,0,-2.7657034397125244,-0.4312441945075989,-0.4243156313896179,8.446840286254883,0,-0.004180660471320152,7.395206928253174,4,0
38798,-1412.7696533203125,-74.43323516845703,0.12759985029697418,1.091151237487793,0.96355140209198,67.4661865234375,-0.000017762184143066406,-0.017616460099816322,0,-2.1458661556243896,-0.34780389070510864,-0.3992956876754761,8.446840286254883,0,0.014980804175138474,7.3929667472839355,4,0
38808,-1413.605712890625,-74.46897888183594,0.12759985029697418,-2.788926601409912,-2.9165265560150146,67.4661865234375,-0.000017762184143066406,-0.017616460099816322,0,-2.189573287963867,-0.2133149355649948,-0.42628732323646545,8.446840286254883,0,0.014980804175138474,7.3929667472839355,4,0
38865,-1414.0191650390625,-74.48381042480469,0.12759985029697418,-2.3421525955200195,-2.469752550125122,66.57038879394531,-0.000017762184143066406,-0.017616460099816322,0,-2.2283473014831543,-0.13495075702667236,-0.45106419920921326,8.446840286254883,0,0.014980804175138474,7.3929667472839355,4,0
38874,-1414.77490234375,-74.57557678222656,0.12759985029697418,-9.528295516967773,-9.655895233154297,66.57038879394531,-0.000018537044525146484,-0.009420826099812984,0,-2.306303024291992,-0.1770683377981186,-0.4509396255016327,8.446840286254883,0,0.014980804175138474,7.361602783203125,4,0
38923,-1418.2625732421875,-74.58475494384766,0.12759985029697418,-0.06866168975830078,-0.19626154005527496,66.32593536376953,0.000025153160095214844,0.03208636865019798,0,-2.4834177494049072,0.646966814994812,-0.49573302268981934,8.446840286254883,0,0.007409730460494757,7.361602783203125,4,0
38931,-1419.0255126953125,-74.6198501586914,0.12759985029697418,-3.431278705596924,-3.5588786602020264,66.32593536376953,0.000025153160095214844,0.03208636865019798,0,-2.697854518890381,0.6187706589698792,-0.15686149895191193,8.446840286254883,0,0.007409730460494757,7.361602783203125,4,0
38987,-1423.1363525390625,-74.63392639160156,0.12759985029697418,0.4747638702392578,0.3471640348434448,66.14704895019531,0.000025153160095214844,0.03208636865019798,0,2.747502088546753,0.9710612297058105,1.539272665977478,8.446840286254883,0,0.007409730460494757,7.361602783203125,4,0
39041,-1427.195556640625,-74.65974426269531,0.12759985029697418,-1.0582256317138672,-1.1858254671096802,66.17826843261719,-0.00006204843521118164,0.0008088377653621137,0,-1.980470895767212,0.5995979905128479,-2.4948198795318604,8.446840286254883,0,0.0040451530367136,7.431051731109619,4,0
39051,-1427.94970703125,-74.68834686279297,0.12759985029697418,-3.0747060775756836,-3.202306032180786,66.0411605834961,-0.00006204843521118164,0.0008088377653621137,0,-1.980088233947754,0.3868354558944702,-2.3125669956207275,8.446840286254883,0,0.0040451530367136,7.431051731109619,4,0
39062,-1428.7462158203125,-74.72427368164062,0.12759985029697418,-3.2539267539978027,-3.3815267086029053,66.0411605834961,-0.00006204843521118164,0.0008088377653621137,0,-1.9976449012756348,0.1483660489320755,-2.1512653827667236,8.446840286254883,0,0.0040451530367136,7.431051731109619,4,0
39113,-1428.8857421875,-74.73054504394531,0.12759985029697418,-3.233386516571045,-3.3609864711761475,65.4511947631836,-0.00006204843521118164,0.0008088377653621137,0,-2.001469612121582,0.10602562874555588,-2.1251912117004395,8.446840286254883,0,0.0040451530367136,7.431051731109619,4,0
39122,-1429.5091552734375,-74.76538848876953,0.12759985029697418,-3.7072815895080566,-3.834881544113159,65.4511947631836,0.00005555152893066406,-0.004287352319806814,0,-1.949263572692871,-0.08807656168937683,-2.0156373977661133,8.446840286254883,0,-0.0025841309688985348,7.370563983917236,4,0
39171,-1433.0867919921875,-74.85369873046875,0.12759985029697418,-1.7190361022949219,-1.8466359376907349,65.21469116210938,0.00005555152893066406,-0.004287352319806814,0,-1.7939832210540771,-0.5765809416770935,-1.6312859058380127,8.446840286254883,0,-0.0025841309688985348,7.370563983917236,4,0
39180,-1433.8526611328125,-74.88468933105469,0.12759985029697418,-3.168503761291504,-3.2961037158966064,64.91925048828125,0.00005555152893066406,-0.004287352319806814,0,-1.7805532217025757,-0.4489924907684326,-1.571207880973816,8.446840286254883,0,-0.0025841309688985348,7.370563983917236,4,0
39192,-1434.6678466796875,-74.92411804199219,0.12759985029697418,-3.680129051208496,-3.8077290058135986,64.91925048828125,0.00005555152893066406,-0.004287352319806814,0,-1.7672027349472046,-0.29364246129989624,-1.5151634216308594,8.446840286254883,0,-0.0025841309688985348,7.370563983917236,4,0
39240,-1438.2877197265625,-75.07807922363281,0.12759985029697418,-3.0300917625427246,-3.157691717147827,64.57518768310547,0.00005555152893066406,-0.004287352319806814,0,-1.7002668380737305,0.19449889659881592,-1.282834529876709,8.446840286254883,0,-0.0025841309688985348,7.370563983917236,4,0
39296,-1442.4560546875,-75.09551239013672,0.12759985029697418,0.12468814849853516,-0.002911701798439026,64.22624969482422,-0.000058770179748535156,-0.015463225543498993,0,-1.9631984233856201,0.8103624582290649,-1.120483636856079,8.446840286254883,0,0.0103140939027071,7.395206928253174,4,0
39305,-1443.22314453125,-75.08582305908203,0.12759985029697418,1.2320098876953125,1.1044100522994995,63.97865676879883,-0.000058770179748535156,-0.015463225543498993,0,-2.0304574966430664,0.8347936272621155,-1.0788094997406006,8.446840286254883,0,0.0103140939027071,7.395206928253174,4,0
39315,-1443.9842529296875,-75.07398223876953,0.12759985029697418,1.436528205871582,1.308928370475769,63.97865676879883,-0.000058770179748535156,-0.015463225543498993,0,-2.0819172859191895,0.8398010730743408,-1.026656985282898,8.446840286254883,0,0.0103140939027071,7.395206928253174,4,0
39374,-1444.4825439453125,-75.06500244140625,0.12759985029697418,1.4256534576416016,1.2980536222457886,63.41446304321289,-0.000058770179748535156,-0.015463225543498993,0,-2.116342544555664,0.833307683467865,-0.9719440340995789,8.446840286254883,0,0.0103140939027071,7.395206928253174,4,0
39430,-1448.6600341796875,-75.04741668701172,0.12759985029697418,0.44864463806152344,0.32104480266571045,62.904659271240234,-0.00003248453140258789,-0.0004130584711674601,0,-2.5142626762390137,0.6822419166564941,-0.2061644345521927,8.446840286254883,0,0.001525607192888856,7.327998161315918,4,0
39440,-1449.5,-75.02111053466797,0.12759985029697418,2.52089786529541,2.3932979106903076,62.904659271240234,-0.00003248453140258789,-0.0004130584711674601,0,-2.415631055831909,0.5835277438163757,0.06041891500353813,8.446840286254883,0,0.001525607192888856,7.327998161315918,4,0
39450,-1450.2470703125,-74.9957504272461,0.12759985029697418,2.6234893798828125,2.49588942527771,62.904659271240234,-0.00003248453140258789,-0.0004130584711674601,0,-2.3454627990722656,0.4774703085422516,0.2851967513561249,8.446840286254883,0,0.001525607192888856,7.327998161315918,4,0
39506,-1454.4417724609375,-75.14710235595703,0.12759985029697418,-3.290985584259033,-3.4185855388641357,62.77708053588867,-0.00003248453140258789,-0.0004130584711674601,0,-2.38806414604187,-0.22927916049957275,1.4068182706832886,8.446840286254883,0,0.001525607192888856,7.327998161315918,4,0
39560,-1458.4705810546875,-75.0369644165039,0.12759985029697418,1.8864707946777344,1.7588709592819214,62.35454177856445,-0.00005030632019042969,0.009391899220645428,0,-2.8950870037078857,-0.542968213558197,2.61500883102417,8.446840286254883,0,0.002549278549849987,7.377285003662109,4,0
39570,-1459.2255859375,-75.02703094482422,0.12759985029697418,0.47769641876220703,0.35009658336639404,62.35454177856445,-0.00005030632019042969,0.009391899220645428,0,-2.9504141807556152,-0.49738389253616333,2.7055842876434326,8.446840286254883,0,0.002549278549849987,7.377285003662109,4,0
39581,-1460.048583984375,-75.03118133544922,0.12759985029697418,-0.6407985687255859,-0.7683984041213989,62.157989501953125,-0.00005030632019042969,0.009391899220645428,0,-2.9029858112335205,-0.413329154253006,2.756791591644287,8.446840286254883,0,0.002549278549849987,7.377285003662109,4,0
39638,-1464.3538818359375,-75.00607299804688,0.12759985029697418,0.8436203002929688,0.7160204648971558,62.14274597167969,-0.00005030632019042969,0.009391899220645428,0,-2.442415952682495,-0.052045151591300964,2.89241099357605,8.446840286254883,0,0.002549278549849987,7.377285003662109,4,0
39695,-1468.523681640625,-74.93950653076172,0.12759985029697418,1.794081687927246,1.666481852531433,61.551170349121094,-0.00009649991989135742,-0.02567053958773613,0,-2.4271960258483887,0.6052930951118469,2.903501033782959,8.446840286254883,0,0.00521499989554286,7.381765365600586,4,0
39705,-1469.36328125,-74.89929962158203,0.12759985029697418,3.6195058822631836,3.491905927658081,61.551170349121094,-0.00009649991989135742,-0.02567053958773613,0,-2.4618027210235596,0.579372763633728,2.9800586700439453,8.446840286254883,0,0.00521499989554286,7.381765365600586,4,0
39715,-1470.11083984375,-74.86688995361328,0.12759985029697418,3.196199417114258,3.0685994625091553,61.30842208862305,-0.00009649991989135742,-0.02567053958773613,0,-2.4882469177246094,0.5458142161369324,3.061816692352295,8.446840286254883,0,0.00521499989554286,7.381765365600586,4,0
39771,-1474.1873779296875,-74.7802505493164,0.12759985029697418,1.530141830444336,1.402541995048523,61.140037536621094,-0.00009649991989135742,-0.02567053958773613,0,-2.655745029449463,0.34197869896888733,-2.7007739543914795,8.446840286254883,0,0.00521499989554286,7.381765365600586,4,0
39822,-1474.3448486328125,-74.78251647949219,0.12759985029697418,-1.125396728515625,-1.252996563911438,61.10102081298828,-0.00009649991989135742,-0.02567053958773613,0,-2.690437078475952,0.35525229573249817,-2.6417360305786133,8.446840286254883,0,0.00521499989554286,7.381765365600586,4,0
39877,-1478.402587890625,-75.0157699584961,0.12759985029697418,-3.803736686706543,-3.9313366413116455,60.836875915527344,-0.00004470348358154297,-0.003847795072942972,0,-2.6174237728118896,0.6086873412132263,-1.554311990737915,8.446840286254883,0,-0.002063683234155178,7.368323802947998,4,0
39934,-1478.707275390625,-75.03224182128906,0.12759985029697418,-4.058141231536865,-4.185740947723389,60.52750015258789,-0.00004470348358154297,-0.003847795072942972,0,-2.5331220626831055,0.5820861458778381,-1.4156767129898071,8.446840286254883,0,-0.002063683234155178,7.368323802947998,4,0
39989,-1482.7481689453125,-75.1369400024414,0.12759985029697418,-0.7601375579833984,-0.8877373933792114,60.253665924072266,0.000020503997802734375,-0.02338322065770626,0,-2.119176149368286,-0.5046733021736145,-0.8457902073860168,8.446840286254883,0,-0.003486812114715576,7.433291912078857,4,0
40043,-1486.8675537109375,-75.14585876464844,0.12759985029697418,0.0879983901977539,-0.039601460099220276,59.52864074707031,0.000020503997802734375,-0.02338322065770626,0,-2.079563617706299,-0.8065307140350342,-0.8186892867088318,8.446840286254883,0,-0.003486812114715576,7.433291912078857,4,0
40098,-1491.0198974609375,-75.4126205444336,0.12759985029697418,-4.5661845207214355,-4.693784236907959,58.5975456237793,-0.000005841255187988281,-0.001068735495209694,0,-2.2616803646087646,0.15425968170166016,-1.3612300157546997,8.446840286254883,0,-0.0024341000244021416,7.375044822692871,4,0
40155,-1491.4708251953125,-75.43170166015625,0.12759985029697418,-3.5202651023864746,-3.647865056991577,58.25849151611328,-0.000005841255187988281,-0.001068735495209694,0,-2.330622911453247,0.221744105219841,-1.4982353448867798,8.446840286254883,0,-0.0024341000244021416,7.375044822692871,4,0
40211,-1495.78564453125,-76.13069152832031,0.12759985029697418,-12.613859176635742,-12.741458892822266,58.25584411621094,-0.00004315376281738281,-0.020186927169561386,0,-2.604491949081421,0.7045484185218811,-2.6261038780212402,8.446840286254883,0,-0.008838973939418793,7.3929667472839355,4,0
40269,-1496.2957763671875,-76.05306243896484,0.12759985029697418,16.904176712036133,16.77657699584961,57.699222564697266,-0.00004315376281738281,-0.020186927169561386,0,-2.8730783462524414,0.8419097065925598,-3.0069668292999268,8.446840286254883,0,-0.008838973939418793,7.3929667472839355,4,0
40325,-1500.52880859375,-75.6402359008789,0.12759985029697418,7.314519882202148,7.186920166015625,57.27598190307617,0.00011730194091796875,-0.010322358459234238,0,3.134721279144287,0.5550440549850464,2.6161320209503174,8.446840286254883,0,-0.003186690155416727,7.455695152282715,4,0
40385,-1501.180908203125,-75.68529510498047,0.12759985029697418,-5.45122766494751,-5.578827381134033,57.40055847167969,0.00011730194091796875,-0.010322358459234238,0,3.054349899291992,0.3925570547580719,2.62308669090271,8.446840286254883,0,-0.003186690155416727,7.455695152282715,4,0
40437,-1505.12841796875,-76.05335998535156,0.12759985029697418,-6.557408332824707,-6.6850080490112305,57.33881759643555,0.000045359134674072266,-0.02492550015449524,0,-2.9320309162139893,0.20344045758247375,2.306208372116089,8.446840286254883,0,-0.0021374933421611786,7.437772274017334,4,0
40495,-1509.572021484375,-76.57576751708984,0.12759985029697418,-9.050141334533691,-9.177741050720215,56.63862609863281,0.000045359134674072266,-0.02492550015449524,0,2.913074493408203,0.5279902815818787,0.7467081546783447,8.446840286254883,0,-0.0021374933421611786,7.437772274017334,4,0
40552,-1513.9556884765625,-76.82159423828125,0.12759985029697418,-5.7936553955078125,-5.921255111694336,56.32681655883789,-0.00003039836883544922,-0.012386162765324116,0,2.4295592308044434,-0.14062273502349854,-0.22552569210529327,8.446840286254883,0,-0.017011107876896858,7.388486385345459,4,0
40563,-1514.7828369140625,-76.88945770263672,0.12759985029697418,-5.6476898193359375,-5.775289535522461,56.19037628173828,-0.00003039836883544922,-0.012386162765324116,0,2.4093782901763916,0.022207343950867653,-0.18835434317588806,8.446840286254883,0,-0.017011107876896858,7.388486385345459,4,0
40616,-1514.88427734375,-76.89701843261719,0.12759985029697418,-5.36764669418335,-5.495246410369873,55.92018508911133,-0.00003039836883544922,-0.012386162765324116,0,2.4049811363220215,0.07058798521757126,-0.17197789251804352,8.446840286254883,0,-0.017011107876896858,7.388486385345459,4,0
40671,-1519.1568603515625,-77.48773956298828,0.12759985029697418,-10.583782196044922,-10.711381912231445,55.658348083496094,0.0001099705696105957,0.015419404953718185,0,2.3959860801696777,-0.02103852853178978,0.38372352719306946,8.446840286254883,0,0.0002055108780041337,7.372804164886475,4,0
40683,-1519.990478515625,-77.57532501220703,0.12759985029697418,-7.648624420166016,-7.776224136352539,55.71196746826172,0.0001099705696105957,0.015419404953718185,0,2.364741325378418,-0.03326234966516495,0.48008301854133606,8.446840286254883,0,0.0002055108780041337,7.372804164886475,4,0
40734,-1520.140869140625,-77.58979034423828,0.12759985029697418,-7.064131736755371,-7.1917314529418945,55.92166519165039,0.0001099705696105957,0.015419404953718185,0,2.3524715900421143,-0.03709440305829048,0.5137712955474854,8.446840286254883,0,0.0002055108780041337,7.372804164886475,4,0
40790,-1524.425537109375,-77.63103485107422,0.12759985029697418,-0.31627559661865234,-0.44387543201446533,55.56602478027344,0.000046253204345703125,0.003871005494147539,0,2.0069737434387207,-0.32010865211486816,0.7616753578186035,8.446840286254883,0,-0.0006440966390073299,7.395206928253174,4,0
40800,-1525.296142578125,-77.55535125732422,0.12759985029697418,6.960210800170898,6.832611083984375,55.56602478027344,0.000046253204345703125,0.003871005494147539,0,2.020639181137085,-0.2922036051750183,0.7902443408966064,8.446840286254883,0,-0.0006440966390073299,7.395206928253174,4,0
40853,-1529.377197265625,-77.1948013305664,0.12759985029697418,6.958415985107422,6.830816268920898,54.15040969848633,0.000046253204345703125,0.003871005494147539,0,2.1532647609710693,-0.1390291154384613,0.9256394505500793,8.446840286254883,0,-0.0006440966390073299,7.395206928253174,4,0
40914,-1529.984375,-77.1727523803711,0.12759985029697418,2.5569229125976562,2.4293229579925537,54.2191162109375,0.0000737905502319336,-0.0011804962996393442,0,2.2207019329071045,-0.06521148979663849,0.9790830016136169,8.446840286254883,0,0.023705126717686653,7.4467339515686035,4,0
40922,-1530.77197265625,-77.1982650756836,0.12759985029697418,-1.7178010940551758,-1.8454009294509888,54.2191162109375,0.0000737905502319336,-0.0011804962996393442,0,2.4146921634674072,-0.16727593541145325,1.1025235652923584,8.446840286254883,0,0.023705126717686653,7.4467339515686035,4,0
40975,-1534.78369140625,-77.18939208984375,0.12759985029697418,0.6009311676025391,0.4733313322067261,54.438140869140625,0.0000737905502319336,-0.0011804962996393442,0,2.831824779510498,-0.23108336329460144,1.3939759731292725,8.446840286254883,0,0.023705126717686653,7.4467339515686035,4,0
40984,-1535.5753173828125,-77.24859619140625,0.12759985029697418,-6.416111946105957,-6.5437116622924805,54.438140869140625,0.000047087669372558594,0.0007790055242367089,0,2.927297353744507,-0.25430193543434143,1.1644405126571655,8.446840286254883,0,0.023705126717686653,7.361602783203125,4,0
41033,-1539.215087890625,-77.29450988769531,0.12759985029697418,-0.847102165222168,-0.974702000617981,53.559383392333984,-0.00021946430206298828,-0.025067057460546494,0,-3.014158010482788,-0.1024940088391304,0.018108706921339035,8.446840286254883,0,0.0055273957550525665,7.361602783203125,4,0
41043,-1539.9962158203125,-77.29862213134766,0.12759985029697418,-1.1880388259887695,-1.3156386613845825,53.559383392333984,-0.00021946430206298828,-0.025067057460546494,0,-3.04081654548645,-0.14013083279132843,-0.12069196254014969,8.446840286254883,0,0.0055273957550525665,7.361602783203125,4,0
41101,-1540.658447265625,-77.31971740722656,0.12759985029697418,-3.452239513397217,-3.5798394680023193,52.67287063598633,-0.00021946430206298828,-0.025067057460546494,0,-3.061170816421509,-0.20579387247562408,-0.2069474309682846,8.446840286254883,0,0.0055273957550525665,7.361602783203125,4,0
41164,-1541.26611328125,-77.37406158447266,0.12759985029697418,-5.902420997619629,-6.030020713806152,52.569889068603516,0.00014925003051757812,0.013087363913655281,0,3.003694772720337,-0.17231051623821259,-0.02156340703368187,8.446840286254883,0,0.017652694135904312,7.440013408660889,4,0
41172,-1542.0548095703125,-77.40692138671875,0.12759985029697418,-2.0608420372009277,-2.1884419918060303,52.569889068603516,0.00014925003051757812,0.013087363913655281,0,2.7506473064422607,-0.12211602926254272,0.18052347004413605,8.446840286254883,0,0.017652694135904312,7.440013408660889,4,0
41183,-1542.8992919921875,-77.41358947753906,0.12759985029697418,0.6160793304443359,0.48847949504852295,52.51358413696289,0.00014925003051757812,0.013087363913655281,0,2.5473008155822754,-0.0036631328985095024,0.3888610899448395,8.446840286254883,0,0.017652694135904312,7.440013408660889,4,0
41229,-1546.4036865234375,-77.28315734863281,0.12759985029697418,3.0064001083374023,2.8788001537323,52.30524444580078,0.00014925003051757812,0.013087363913655281,0,2.2056446075439453,0.3870050013065338,1.1319177150726318,8.446840286254883,0,0.017652694135904312,7.440013408660889,4,0
41286,-1550.80419921875,-77.09857940673828,0.12759985029697418,2.7077722549438477,2.580172300338745,52.0609130859375,0.0001646876335144043,0.001546422834508121,0,-2.408461093902588,0.9370486736297607,-2.7764930725097656,8.446840286254883,0,0.028551768511533737,7.384005546569824,4,0
41296,-1551.5811767578125,-77.15242767333984,0.12759985029697418,-6.174864768981934,-6.302464485168457,52.0609130859375,0.0001646876335144043,0.001546422834508121,0,-2.3939175605773926,0.7331635355949402,-2.42685604095459,8.446840286254883,0,0.028551768511533737,7.384005546569824,4,0
41307,-1552.415771484375,-77.23497772216797,0.12759985029697418,-8.48436164855957,-8.611961364746094,52.0609130859375,0.0001646876335144043,0.001546422834508121,0,-2.258532762527466,0.5416180491447449,-2.119112014770508,8.446840286254883,0,0.028551768511533737,7.384005546569824,4,0
41361,-1552.5648193359375,-77.25220489501953,0.12759985029697418,-8.4282865524292,-8.555886268615723,51.81129455566406,0.0001646876335144043,0.001546422834508121,0,-2.2967705726623535,0.4119347929954529,-2.0653879642486572,8.446840286254883,0,0.028551768511533737,7.384005546569824,4,0
41416,-1556.8472900390625,-77.87677001953125,0.12759985029697418,-11.08119010925293,-11.208789825439453,51.70945739746094,0.00005370378494262695,-0.014777792617678642,0,-1.893685221672058,-0.1087544709444046,-1.4501591920852661,8.446840286254883,0,0.0012587234377861023,7.3638434410095215,4,0
41427,-1557.6326904296875,-77.98345947265625,0.12759985029697418,-10.203432083129883,-10.331031799316406,51.70945739746094,0.00005370378494262695,-0.014777792617678642,0,-1.828237533569336,-0.20117585361003876,-1.4025182723999023,8.446840286254883,0,0.0012587234377861023,7.3638434410095215,4,0
41437,-1558.4852294921875,-78.08572387695312,0.12759985029697418,-8.639631271362305,-8.767230987548828,51.72007369995117,0.00005370378494262695,-0.014777792617678642,0,-1.7576791048049927,-0.2974827289581299,-1.3651230335235596,8.446840286254883,0,0.0012587234377861023,7.3638434410095215,4,0
41488,-1562.465087890625,-78.45850372314453,0.12759985029697418,-7.075051307678223,-7.202651023864746,51.635616302490234,0.00005370378494262695,-0.014777792617678642,0,-1.4085743427276611,-0.7142758965492249,-1.3156543970108032,8.446840286254883,0,0.0012587234377861023,7.3638434410095215,4,0
41541,-1566.545654296875,-78.6100845336914,0.12759985029697418,-2.6527175903320312,-2.780317544937134,51.2909049987793,0.0001112222671508789,0.022475114092230797,0,-1.206487774848938,-1.0243593454360962,-1.3273441791534424,8.446840286254883,0,0.03567987680435181,7.395206928253174,4,0
41551,-1567.4261474609375,-78.65220642089844,0.12759985029697418,-3.5270519256591797,-3.6546518802642822,51.2909049987793,0.0001112222671508789,0.022475114092230797,0,-1.2467719316482544,-0.9302917718887329,-1.2313796281814575,8.446840286254883,0,0.03567987680435181,7.395206928253174,4,0
41561,-1568.2071533203125,-78.68673706054688,0.12759985029697418,-3.134629249572754,-3.2622292041778564,51.05522537231445,0.0001112222671508789,0.022475114092230797,0,-1.2831618785858154,-0.8231227397918701,-1.147782802581787,8.446840286254883,0,0.03567987680435181,7.395206928253174,4,0
41618,-1568.7239990234375,-78.70970916748047,0.12759985029697418,-2.969698905944824,-3.0972988605499268,50.62838363647461,0.0001112222671508789,0.022475114092230797,0,-1.3138149976730347,-0.7129343748092651,-1.0788108110427856,8.446840286254883,0,0.03567987680435181,7.395206928253174,4,0
41671,-1572.7679443359375,-78.72979736328125,0.12759985029697418,1.307525634765625,1.179925799369812,49.85220718383789,0.00009179115295410156,0.02435266599059105,0,-1.7250990867614746,0.7318421602249146,-0.9383945465087891,8.446840286254883,0,0.015047052875161171,7.386246204376221,4,0
41679,-1573.5726318359375,-78.74321746826172,0.12759985029697418,-1.1772279739379883,-1.3048278093338013,49.85220718383789,0.00009179115295410156,0.02435266599059105,0,-1.9461785554885864,0.9099621176719666,-1.003347635269165,8.446840286254883,0,0.015047052875161171,7.386246204376221,4,0
41690,-1574.3731689453125,-78.75602722167969,0.12759985029697418,-1.1462631225585938,-1.2738629579544067,49.54827117919922,0.00009179115295410156,0.02435266599059105,0,-2.1909708976745605,1.0243415832519531,-1.1409728527069092,8.446840286254883,0,0.015047052875161171,7.386246204376221,4,0
41700,-1575.220947265625,-78.7690658569336,0.12759985029697418,-0.8448266983032227,-0.9724265336990356,49.54827117919922,0.00009179115295410156,0.02435266599059105,0,-2.442331552505493,1.0821630954742432,-1.335764765739441,8.446840286254883,0,0.015047052875161171,7.386246204376221,4,0
41746,-1578.7664794921875,-78.81034088134766,0.12759985029697418,-0.7896947860717773,-0.9172946214675903,49.09526824951172,0.00009179115295410156,0.02435266599059105,0,-2.8878631591796875,1.1178253889083862,-2.0695548057556152,8.446840286254883,0,0.015047052875161171,7.386246204376221,4,0
41802,-1583.212158203125,-79.11344146728516,0.12759985029697418,-5.448781490325928,-5.576381206512451,48.80503845214844,-0.00004500150680541992,-0.04221826791763306,0,-2.9347128868103027,0.62272709608078,-2.0832021236419678,8.446840286254883,0,0.007812589406967163,7.359362602233887,4,0
41813,-1584.0087890625,-79.18634033203125,0.12759985029697418,-6.603658199310303,-6.731257915496826,48.77692794799805,-0.00004500150680541992,-0.04221826791763306,0,-3.0392770767211914,0.4432384669780731,-2.0966973304748535,8.446840286254883,0,0.007812589406967163,7.359362602233887,4,0
41823,-1584.81103515625,-79.24211120605469,0.12759985029697418,-4.298309326171875,-4.425909042358398,48.77692794799805,-0.00004500150680541992,-0.04221826791763306,0,3.0998613834381104,0.2155909389257431,-2.113229990005493,8.446840286254883,0,0.007812589406967163,7.359362602233887,4,0
41881,-1585.6781005859375,-79.27082824707031,0.12759985029697418,-1.1544036865234375,-1.2820035219192505,48.46369552612305,-0.00004500150680541992,-0.04221826791763306,0,2.9663407802581787,-0.0017866294365376234,-2.1109619140625,8.446840286254883,0,0.007812589406967163,7.359362602233887,4,0
41932,-1593.469970703125,-79.12873840332031,0.12759985029697418,1.4096527099609375,1.2820528745651245,48.0673828125,-0.00004500150680541992,-0.04221826791763306,0,3.049072504043579,-0.4592743217945099,-2.158740997314453,8.446840286254883,0,0.007812589406967163,7.359362602233887,4,0
41988,-1597.8343505859375,-79.47480010986328,0.12759985029697418,-6.37116813659668,-6.498767852783203,47.495914459228516,0.000009119510650634766,0.002895003417506814,0,-2.9499623775482178,0.07676514983177185,2.790025234222412,8.446840286254883,0,0.021306492388248444,7.386246204376221,4,0
42035,-1601.6568603515625,-79.17405700683594,0.12759985029697418,6.496524810791016,6.368925094604492,46.766334533691406,0.000009119510650634766,0.002895003417506814,0,2.9808409214019775,0.0038341369945555925,1.9082354307174683,8.446840286254883,0,0.021306492388248444,7.386246204376221,4,0
42090,-1606.0316162109375,-79.2080078125,0.12759985029697418,-1.0366783142089844,-1.1642781496047974,46.49595642089844,0.00007176399230957031,-0.0030877927783876657,0,3.130241632461548,-0.3070340156555176,1.939868450164795,8.446840286254883,0,0.009180557914078236,7.40864896774292,4,0
42145,-1610.4136962890625,-79.42567443847656,0.12759985029697418,-3.7209086418151855,-3.848508596420288,46.86532211303711,0.00007176399230957031,-0.0030877927783876657,0,2.7676026821136475,-0.3577965199947357,2.325129747390747,8.446840286254883,0,0.009180557914078236,7.40864896774292,4,0
42200,-1614.6845703125,-79.31523895263672,0.12759985029697418,2.4268531799316406,2.299253225326538,46.93791580200195,0.0001341700553894043,0.007968864403665066,0,3.0909993648529053,-0.7896422743797302,2.455625295639038,8.446840286254883,0,0.035565465688705444,7.384005546569824,4,0
42250,-1618.69677734375,-79.49179077148438,0.12759985029697418,-3.9863133430480957,-4.113913059234619,46.532161712646484,0.0001341700553894043,0.007968864403665066,0,-2.5408191680908203,0.40832486748695374,1.499836802482605,8.446840286254883,0,0.035565465688705444,7.384005546569824,4,0
42307,-1623.2034912109375,-79.65779113769531,0.12759985029697418,-2.6778817176818848,-2.8054816722869873,46.303192138671875,-0.000016689300537109375,0.010896947234869003,0,-3.0579164028167725,0.9667518138885498,0.1256541609764099,8.446840286254883,0,0.022696634754538536,7.424330711364746,4,0
42363,-1627.6800537109375,-79.75228881835938,0.12759985029697418,-1.4687185287475586,-1.5963183641433716,45.43486785888672,-0.000016689300537109375,0.010896947234869003,0,2.38069748878479,0.8631085157394409,-0.9032999277114868,8.446840286254883,0,0.022696634754538536,7.424330711364746,4,0
42419,-1632.224609375,-80.04222869873047,0.12759985029697418,-4.968653678894043,-5.096253395080566,44.871826171875,-0.000012755393981933594,0.029888484627008438,0,2.2215850353240967,0.5200046896934509,-1.2581090927124023,8.446840286254883,0,0.026886578649282455,7.444493770599365,4,0
42472,-1636.4683837890625,-80.36528778076172,0.12759985029697418,-6.063948154449463,-6.191547870635986,44.51423645019531,-0.000012755393981933594,0.029888484627008438,0,2.2718327045440674,0.3440146744251251,-1.4327428340911865,8.446840286254883,0,0.026886578649282455,7.444493770599365,4,0
42524,-1640.63720703125,-80.71601104736328,0.12759985029697418,-6.622241020202637,-6.74984073638916,44.18976974487305,-0.00009447336196899414,-0.0021937142591923475,0,2.3632471561431885,0.26492562890052795,-1.5558688640594482,8.446840286254883,0,0.00919388234615326,7.395206928253174,4,0
42534,-1641.4490966796875,-80.74909973144531,0.12759985029697418,-2.6194424629211426,-2.747042417526245,43.898780822753906,-0.00009447336196899414,-0.0021937142591923475,0,2.420346260070801,0.37759846448898315,-1.544384479522705,8.446840286254883,0,0.00919388234615326,7.395206928253174,4,0
42584,-1645.4462890625,-80.82489013671875,0.12759985029697418,-1.4042701721191406,-1.5318700075149536,43.46845626831055,-0.00009447336196899414,-0.0021937142591923475,0,2.605721950531006,0.7089488506317139,-1.398127794265747,8.446840286254883,0,0.00919388234615326,7.395206928253174,4,0
42639,-1649.810302734375,-80.70072174072266,0.12759985029697418,2.417013168334961,2.2894132137298584,42.98887634277344,-0.00004184246063232422,-0.0008228144142776728,0,-3.091024160385132,0.870363175868988,-0.3241289258003235,8.446840286254883,0,0.021308813244104385,7.455695152282715,4,0
42648,-1650.685546875,-80.7386245727539,0.12759985029697418,-3.9733009338378906,-4.100900650024414,42.98887634277344,-0.00004184246063232422,-0.0008228144142776728,0,-2.8395190238952637,0.6918834447860718,-0.05001688748598099,8.446840286254883,0,0.021308813244104385,7.455695152282715,4,0
42693,-1654.291015625,-80.87677001953125,0.12759985029697418,-2.968595504760742,-3.0961954593658447,42.29436111450195,-0.00004184246063232422,-0.0008228144142776728,0,-2.6073923110961914,0.07215756922960281,0.623549222946167,8.446840286254883,0,0.021308813244104385,7.455695152282715,4,0
42748,-1658.7781982421875,-80.82215118408203,0.12759985029697418,1.5914316177368164,1.4638317823410034,42.04849624633789,-0.000005424022674560547,-0.00779656320810318,0,-3.0597684383392334,0.020537221804261208,0.8690874576568604,8.446840286254883,0,0.011496864259243011,7.422090530395508,4,0
42760,-1659.6749267578125,-80.75749206542969,0.12759985029697418,6.249134063720703,6.12153434753418,42.189979553222656,-0.000005424022674560547,-0.00779656320810318,0,-3.11092209815979,0.06206950545310974,0.8862712979316711,8.446840286254883,0,0.011496864259243011,7.422090530395508,4,0
42815,-1659.7926025390625,-80.74838256835938,0.12759985029697418,6.479717254638672,6.352117538452148,41.628700256347656,-0.000005424022674560547,-0.00779656320810318,0,-3.1240570545196533,0.07566742599010468,0.892939567565918,8.446840286254883,0,0.011496864259243011,7.422090530395508,4,0
42874,-1660.42578125,-80.69850158691406,0.12759985029697418,6.238691329956055,6.111091613769531,41.315433502197266,0.000006318092346191406,0.022296331822872162,0,-3.0917065143585205,0.09521372616291046,1.0170360803604126,8.446840286254883,0,0.03173448517918587,7.390726566314697,4,0
42884,-1661.2386474609375,-80.67565155029297,0.12759985029697418,2.135284423828125,2.0076844692230225,41.268802642822266,0.000006318092346191406,0.022296331822872162,0,-3.028634548187256,0.08741944283246994,1.1950435638427734,8.446840286254883,0,0.03173448517918587,7.390726566314697,4,0
42933,-1665.2049560546875,-80.59366607666016,0.12759985029697418,1.784968376159668,1.657368540763855,41.014183044433594,0.000006318092346191406,0.022296331822872162,0,-2.871884822845459,-0.0239449180662632,1.997670292854309,8.446840286254883,0,0.03173448517918587,7.390726566314697,4,0
42987,-1669.46044921875,-80.57408142089844,0.12759985029697418,0.7418394088745117,0.6142395734786987,40.623626708984375,0.000024378299713134766,0.00427338108420372,0,-2.9716124534606934,-0.5265733003616333,2.208454132080078,8.446840286254883,0,0.01239326223731041,7.455695152282715,4,0
42997,-1670.283935546875,-80.60942840576172,0.12759985029697418,-2.440896511077881,-2.5684964656829834,40.623626708984375,0.000024378299713134766,0.00427338108420372,0,-3.0207419395446777,-0.5071482062339783,2.168248414993286,8.446840286254883,0,0.01239326223731041,7.455695152282715,4,0
43052,-1674.7689208984375,-80.6571273803711,0.12759985029697418,-0.6087369918823242,-0.7363368272781372,40.443180084228516,0.000024378299713134766,0.00427338108420372,0,3.002042770385742,-0.4869961440563202,1.8423793315887451,8.446840286254883,0,0.01239326223731041,7.455695152282715,4,0
43105,-1679.009033203125,-80.51837158203125,0.12759985029697418,2.8666229248046875,2.739022970199585,40.61708068847656,0.000024378299713134766,0.00427338108420372,0,2.8593297004699707,-0.08248306810855865,1.1553329229354858,8.446840286254883,0,0.01239326223731041,7.455695152282715,4,0
43153,-1682.9180908203125,-80.84326171875,0.12759985029697418,-6.552779674530029,-6.680379390716553,40.46174240112305,-0.00003832578659057617,0.011165160685777664,0,2.60664439201355,-0.10719110816717148,0.6704129576683044,8.446840286254883,0,0.02663058042526245,7.3929667472839355,4,0
43163,-1683.7320556640625,-80.87600708007812,0.12759985029697418,-2.4442343711853027,-2.5718343257904053,40.190467834472656,-0.00003832578659057617,0.011165160685777664,0,2.4647884368896484,-0.06578759104013443,0.6401813626289368,8.446840286254883,0,0.02663058042526245,7.3929667472839355,4,0
43216,-1688.0364990234375,-80.8839111328125,0.12759985029697418,0.2980003356933594,0.1704004853963852,39.720516204833984,-0.00003832578659057617,0.011165160685777664,0,2.034546136856079,0.02792496420443058,0.5102090835571289,8.446840286254883,0,0.02663058042526245,7.3929667472839355,4,0
43270,-1692.389892578125,-80.71226501464844,0.12759985029697418,3.1425399780273438,3.014940023422241,38.8187141418457,-0.00001055002212524414,0.007506918627768755,0,2.257511615753174,0.2737809121608734,0.652536928653717,8.446840286254883,0,0.014340037479996681,7.415369510650635,4,0
43281,-1693.283203125,-80.67670440673828,0.12759985029697418,3.1134262084960938,2.985826253890991,38.8187141418457,-0.00001055002212524414,0.007506918627768755,0,2.417794942855835,0.3777901530265808,0.8449371457099915,8.446840286254883,0,0.014340037479996681,7.415369510650635,4,0
43338,-1697.9239501953125,-81.34965515136719,0.12759985029697418,-13.988166809082031,-14.115766525268555,37.957359313964844,-0.00001055002212524414,0.007506918627768755,0,-2.8714396953582764,0.1372884213924408,2.2890312671661377,8.446840286254883,0,0.014340037479996681,7.415369510650635,4,0
43391,-1702.2142333984375,-82.08696746826172,0.12759985029697418,-12.763882637023926,-12.89148235321045,37.852603912353516,-0.0000400543212890625,-0.027734318748116493,0,2.539386510848999,-0.17412811517715454,-2.296447515487671,8.446840286254883,0,0.011235223151743412,7.415369510650635,4,0
43401,-1703.03857421875,-81.93487548828125,0.12759985029697418,19.275856018066406,19.148256301879883,37.852603912353516,-0.0000400543212890625,-0.027734318748116493,0,2.46014404296875,0.10769679397344589,-2.0690505504608154,8.446840286254883,0,0.011235223151743412,7.415369510650635,4,0
43412,-1703.9725341796875,-81.64688110351562,0.12759985029697418,28.556299209594727,28.428699493408203,37.703765869140625,-0.0000400543212890625,-0.027734318748116493,0,2.5067062377929688,0.43394380807876587,-1.8076279163360596,8.446840286254883,0,0.011235223151743412,7.415369510650635,4,0
43459,-1707.73974609375,-80.94857788085938,0.12759985029697418,15.197397232055664,15.06979751586914,37.954750061035156,-0.0000400543212890625,-0.027734318748116493,0,-2.235675811767578,0.7011088728904724,0.3101295828819275,8.446840286254883,0,0.011235223151743412,7.415369510650635,4,0
43517,-1708.3763427734375,-81.0785140991211,0.12759985029697418,-16.007726669311523,-16.135326385498047,37.211021423339844,-0.0000768899917602539,0.025649087503552437,0,-2.0911741256713867,0.45415252447128296,0.5620339512825012,8.446840286254883,0,0.02297816053032875,7.36608362197876,4,0
43527,-1709.1904296875,-81.19271087646484,0.12759985029697418,-10.12891674041748,-10.256516456604004,37.211021423339844,-0.0000768899917602539,0.025649087503552437,0,-2.226459264755249,0.2133217602968216,0.5264936089515686,8.446840286254883,0,0.02297816053032875,7.36608362197876,4,0
43538,-1710.015625,-81.28057098388672,0.12759985029697418,-7.632110595703125,-7.759710311889648,36.932098388671875,-0.0000768899917602539,0.025649087503552437,0,-2.3098182678222656,-0.006756321527063847,0.5333266258239746,8.446840286254883,0,0.02297816053032875,7.36608362197876,4,0
43590,-1714.2901611328125,-81.45542907714844,0.12759985029697418,-2.7224535942077637,-2.850053548812866,36.687747955322266,-0.0000768899917602539,0.025649087503552437,0,-2.4618113040924072,-0.7648268938064575,0.8644776344299316,8.446840286254883,0,0.02297816053032875,7.36608362197876,4,0
43644,-1718.5987548828125,-81.52763366699219,0.12759985029697418,-0.8673114776611328,-0.9949113130569458,36.53764724731445,-0.00029540061950683594,-0.002208636375144124,0,-1.884792447090149,-0.3428083062171936,1.1166900396347046,8.446840286254883,0,0.004105768166482449,7.395206928253174,4,0
43652,-1719.4298095703125,-81.54946899414062,0.12759985029697418,-1.6396865844726562,-1.7672864198684692,36.53764724731445,-0.00029540061950683594,-0.002208636375144124,0,-1.8329241275787354,-0.1578068882226944,1.1418688297271729,8.446840286254883,0,0.004105768166482449,7.395206928253174,4,0
43664,-1720.259521484375,-81.56803894042969,0.12759985029697418,-1.475987434387207,-1.60358726978302,36.32191467285156,-0.00029540061950683594,-0.002208636375144124,0,-1.79914391040802,0.0055702379904687405,1.1699756383895874,8.446840286254883,0,0.004105768166482449,7.395206928253174,4,0
43717,-1724.6435546875,-81.54254150390625,0.12759985029697418,0.9421510696411133,0.8145512342453003,36.0141487121582,-0.00029540061950683594,-0.002208636375144124,0,-1.6879963874816895,0.47885069251060486,1.3310551643371582,8.446840286254883,0,0.004105768166482449,7.395206928253174,4,0
43772,-1729.146484375,-81.2525405883789,0.12759985029697418,5.226971626281738,5.099371910095215,35.053192138671875,-0.0003197789192199707,0.011567490175366402,0,-1.9973703622817993,0.36620721220970154,1.3396695852279663,8.446840286254883,0,0.008887046948075294,7.361602783203125,4,0
43782,-1729.964599609375,-81.28483581542969,0.12759985029697418,-2.886732578277588,-3.0143325328826904,35.053192138671875,-0.0003197789192199707,0.011567490175366402,0,-2.1949892044067383,0.37577956914901733,1.3826113939285278,8.446840286254883,0,0.008887046948075294,7.361602783203125,4,0
43792,-1730.7911376953125,-81.31666564941406,0.12759985029697418,-2.5750484466552734,-2.702648401260376,34.800086975097656,-0.0003197789192199707,0.011567490175366402,0,-2.414050579071045,0.36855003237724304,1.4495295286178589,8.446840286254883,0,0.008887046948075294,7.361602783203125,4,0
43803,-1731.66943359375,-81.33576202392578,0.12759985029697418,-1.0287971496582031,-1.1563969850540161,34.800086975097656,-0.0003197789192199707,0.011567490175366402,0,-2.634261131286621,0.35079121589660645,1.5408427715301514,8.446840286254883,0,0.008887046948075294,7.361602783203125,4,0
43851,-1735.5682373046875,-81.25277709960938,0.12759985029697418,1.8579988479614258,1.7303990125656128,34.4536018371582,-0.0003197789192199707,0.011567490175366402,0,3.0521862506866455,0.3951462209224701,1.983070731163025,8.446840286254883,0,0.008887046948075294,7.361602783203125,4,0
43906,-1740.042724609375,-80.9621810913086,0.12759985029697418,4.409730911254883,4.282131195068359,34.09968566894531,-0.0001335740089416504,0.01411559246480465,0,-2.8354434967041016,0.2761910855770111,-2.831388235092163,8.446840286254883,0,-0.01744186133146286,7.36608362197876,4,0
43916,-1740.8565673828125,-81.00630950927734,0.12759985029697418,-5.770783424377441,-5.898383140563965,34.014442443847656,-0.0001335740089416504,0.01411559246480465,0,-2.789335250854492,0.15485863387584686,-2.4937314987182617,8.446840286254883,0,-0.01744186133146286,7.36608362197876,4,0
43927,-1741.74609375,-81.08499908447266,0.12759985029697418,-7.401091575622559,-7.528691291809082,34.014442443847656,-0.0001335740089416504,0.01411559246480465,0,-2.7909457683563232,0.02515542507171631,-2.13118839263916,8.446840286254883,0,-0.01744186133146286,7.36608362197876,4,0
43982,-1746.1337890625,-81.21273040771484,0.12759985029697418,-1.4904308319091797,-1.6180306673049927,33.47306823730469,-0.0001335740089416504,0.01411559246480465,0,3.03888201713562,-0.19277115166187286,-0.24267332255840302,8.446840286254883,0,-0.01744186133146286,7.36608362197876,4,0
44030,-1750.103759765625,-81.13678741455078,0.12759985029697418,1.7508583068847656,1.6232584714889526,33.253849029541016,-0.0001335740089416504,0.01411559246480465,0,3.100762367248535,0.03610227257013321,1.4587652683258057,8.446840286254883,0,-0.01744186133146286,7.36608362197876,4,0
44088,-1754.6978759765625,-81.38250732421875,0.12759985029697418,-3.9397940635681152,-4.067393779754639,33.071964263916016,-0.00008249282836914062,-0.010635238140821457,0,2.994147300720215,0.021575620397925377,-2.8414437770843506,8.446840286254883,0,-0.020392682403326035,7.435532093048096,4,0
44140,-1759.0164794921875,-81.59519958496094,0.12759985029697418,-3.969099998474121,-4.0966997146606445,32.768836975097656,-0.00008249282836914062,-0.010635238140821457,0,-3.0394413471221924,0.2712770104408264,-0.9692935347557068,8.446840286254883,0,-0.020392682403326035,7.435532093048096,4,0
44195,-1763.447998046875,-81.60647583007812,0.12759985029697418,0.167083740234375,0.03948388993740082,32.527687072753906,-0.00002378225326538086,-0.02023903839290142,0,2.8349084854125977,0.13129666447639465,0.9821958541870117,8.446840286254883,0,-0.04029501602053642,7.348160743713379,4,0
44246,-1767.720703125,-81.8990478515625,0.12759985029697418,-6.033397197723389,-6.160996913909912,31.643516540527344,-0.00002378225326538086,-0.02023903839290142,0,-2.8955307006835938,0.36643511056900024,2.3382492065429688,8.446840286254883,0,-0.04029501602053642,7.348160743713379,4,0
44305,-1772.408447265625,-81.84520721435547,0.12759985029697418,1.6492509841918945,1.5216511487960815,31.1409912109375,-0.0000864863395690918,-0.010575619526207447,0,3.0292465686798096,-0.14503973722457886,-2.9883992671966553,8.446840286254883,0,-0.016307074576616287,7.384005546569824,4,0
44360,-1777.00537109375,-81.84021759033203,0.12759985029697418,0.291259765625,0.16365991532802582,31.026508331298828,-0.0000864863395690918,-0.010575619526207447,0,-3.1015725135803223,-0.41929998993873596,-2.200467824935913,8.446840286254883,0,-0.016307074576616287,7.384005546569824,4,0
44417,-1781.6026611328125,-81.81842803955078,0.12759985029697418,0.5433206558227539,0.4157208204269409,31.033802032470703,-0.00009632110595703125,-0.026370853185653687,0,-2.716249704360962,-0.7201343774795532,-2.3727235794067383,8.446840286254883,0,-0.021422715857625008,7.444493770599365,4,0
44470,-1786.041748046875,-82.0051498413086,0.12759985029697418,-3.1654610633850098,-3.2930610179901123,30.545198440551758,-0.00009632110595703125,-0.026370853185653687,0,-2.405444860458374,-0.33708885312080383,-2.9372572898864746,8.446840286254883,0,-0.021422715857625008,7.444493770599365,4,0
44524,-1790.4449462890625,-81.78622436523438,0.12759985029697418,4.735892295837402,4.608292579650879,29.928266525268555,-0.0001023411750793457,-0.008154179900884628,0,-2.435396909713745,0.15304356813430786,2.723149061203003,8.446840286254883,0,-0.057733677327632904,7.431051731109619,4,0
44582,-1795.145751953125,-81.47940063476562,0.12759985029697418,5.279623031616211,5.1520233154296875,29.416501998901367,-0.0001023411750793457,-0.008154179900884628,0,-2.735870122909546,0.5096668004989624,1.8365453481674194,8.446840286254883,0,-0.057733677327632904,7.431051731109619,4,0
44633,-1799.34716796875,-81.20613098144531,0.12759985029697418,5.415871620178223,5.288271903991699,29.056150436401367,-0.0001100301742553711,0.0032005012035369873,0,3.090561628341675,0.4939126968383789,0.903629720211029,8.446840286254883,0,-0.011940425261855125,7.377285003662109,4,0
44643,-1800.163818359375,-81.22574615478516,0.12759985029697418,-2.159297466278076,-2.2868974208831787,28.698474884033203,-0.0001100301742553711,0.0032005012035369873,0,3.0100622177124023,0.4872859716415405,0.8129851818084717,8.446840286254883,0,-0.011940425261855125,7.377285003662109,4,0
44690,-1803.985107421875,-81.32332611083984,0.12759985029697418,-1.9478840827941895,-2.075484037399292,28.43511199951172,-0.0001100301742553711,0.0032005012035369873,0,2.7661983966827393,0.483506977558136,0.44820261001586914,8.446840286254883,0,-0.011940425261855125,7.377285003662109,4,0
44747,-1808.6142578125,-81.7583236694336,0.12759985029697418,-7.674206256866455,-7.8018059730529785,28.461362838745117,-0.0000635385513305664,0.002999334828928113,0,3.012237310409546,0.18244431912899017,0.14052100479602814,8.446840286254883,0,-0.05238473415374756,7.372804164886475,4,0
44757,-1809.474365234375,-81.85977172851562,0.12759985029697418,-9.34299087524414,-9.470590591430664,28.461362838745117,-0.0000635385513305664,0.002999334828928113,0,3.067760944366455,0.20686236023902893,0.020102571696043015,8.446840286254883,0,-0.05238473415374756,7.372804164886475,4,0
44808,-1809.474365234375,-81.85977172851562,0.12759985029697418,-8.827547073364258,-8.955146789550781,28.846078872680664,-0.0000635385513305664,0.002999334828928113,0,3.0762557983398438,0.21304577589035034,-0.005656971596181393,8.446840286254883,0,-0.05238473415374756,7.372804164886475,4,0
44862,-1813.869140625,-81.7841567993164,0.12759985029697418,1.3528194427490234,1.2252196073532104,27.934785842895508,-0.00014775991439819336,-0.0010835861321538687,0,2.8108088970184326,0.24065908789634705,-0.6858134269714355,8.446840286254883,0,-0.019249748438596725,7.437772274017334,4,0
44872,-1814.697265625,-81.84345245361328,0.12759985029697418,-6.680583953857422,-6.808183670043945,27.934785842895508,-0.00014775991439819336,-0.0010835861321538687,0,2.839832067489624,0.3687976896762848,-0.6624879837036133,8.446840286254883,0,-0.019249748438596725,7.437772274017334,4,0
44922,-1818.7984619140625,-82.20018768310547,0.12759985029697418,-7.011542320251465,-7.139142036437988,27.238117218017578,-0.00014775991439819336,-0.0010835861321538687,0,2.8219244480133057,0.30930718779563904,-0.38065776228904724,8.446840286254883,0,-0.019249748438596725,7.437772274017334,4,0
44977,-1823.2452392578125,-82.24639892578125,0.12759985029697418,-0.5965700149536133,-0.7241698503494263,27.012128829956055,-0.00007319450378417969,-0.003400715533643961,0,3.0682942867279053,0.48628953099250793,0.18492086231708527,8.446840286254883,0,-0.054880693554878235,7.415369510650635,4,0
44986,-1824.0863037109375,-82.25296783447266,0.12759985029697418,-0.2518014907836914,-0.3794013261795044,26.752931594848633,-0.00007319450378417969,-0.003400715533643961,0,3.032884359359741,0.40046900510787964,0.28438830375671387,8.446840286254883,0,-0.054880693554878235,7.415369510650635,4,0
45040,-1828.5230712890625,-82.22483825683594,0.12759985029697418,0.7141799926757812,0.5865801572799683,26.729755401611328,-0.00007319450378417969,-0.003400715533643961,0,2.9073116779327393,0.21327915787696838,0.831480085849762,8.446840286254883,0,-0.054880693554878235,7.415369510650635,4,0
45099,-1833.2708740234375,-82.08146667480469,0.12759985029697418,2.537220001220703,2.4096200466156006,26.630598068237305,-0.00011283159255981445,-0.02287653461098671,0,2.9858646392822266,0.3690516948699951,1.6348785161972046,8.446840286254883,0,-0.04603544622659683,7.417609691619873,4,0
45109,-1834.1090087890625,-82.10759735107422,0.12759985029697418,-2.5531387329101562,-2.680738687515259,26.494661331176758,-0.00011283159255981445,-0.02287653461098671,0,3.088738441467285,0.30183690786361694,1.814818024635315,8.446840286254883,0,-0.04603544622659683,7.417609691619873,4,0
45160,-1838.388427734375,-82.18001556396484,0.12759985029697418,-1.1135883331298828,-1.2411881685256958,26.4857234954834,-0.00011283159255981445,-0.02287653461098671,0,-3.0583901405334473,-0.13414515554904938,2.6084084510803223,8.446840286254883,0,-0.04603544622659683,7.417609691619873,4,0
45221,-1843.2911376953125,-82.03312683105469,0.12759985029697418,2.9832448959350586,2.855644941329956,25.576234817504883,-0.0000635981559753418,-0.02435920014977455,0,3.086099147796631,-0.6476144790649414,2.9505629539489746,8.446840286254883,0,-0.042878296226263046,7.40864896774292,4,0
45230,-1844.1298828125,-82.01374816894531,0.12759985029697418,1.8543701171875,1.726770281791687,25.576234817504883,-0.0000635981559753418,-0.02435920014977455,0,3.1152777671813965,-0.6586098074913025,2.8803977966308594,8.446840286254883,0,-0.042878296226263046,7.40864896774292,4,0
45290,-1844.8470458984375,-82.00006103515625,0.12759985029697418,1.5178375244140625,1.3902376890182495,24.831985473632812,-0.0000635981559753418,-0.02435920014977455,0,-3.124351978302002,-0.649937629699707,2.7827134132385254,8.446840286254883,0,-0.042878296226263046,7.40864896774292,4,0
45347,-1845.6334228515625,-82.02099609375,0.12759985029697418,-2.3536105155944824,-2.481210470199585,24.169553756713867,-0.000045418739318847656,-0.010836392641067505,0,-3.0910680294036865,-0.4957267940044403,2.6474385261535645,8.446840286254883,0,-0.027238881215453148,7.381765365600586,4,0
45356,-1850.35546875,-81.98177337646484,0.12759985029697418,2.956308364868164,2.8287084102630615,24.169553756713867,-0.000045418739318847656,-0.010836392641067505,0,3.1355714797973633,0.059405144304037094,1.9580464363098145,8.446840286254883,0,-0.027238881215453148,7.381765365600586,4,0
45367,-1851.2425537109375,-81.9509506225586,0.12759985029697418,3.012333869934082,2.8847339153289795,23.933168411254883,-0.000045418739318847656,-0.010836392641067505,0,3.1201171875,0.04428330063819885,1.9205635786056519,8.446840286254883,0,-0.027238881215453148,7.381765365600586,4,0
45412,-1854.8800048828125,-81.84017944335938,0.12759985029697418,2.6214818954467773,2.493881940841675,23.745206832885742,-0.000045418739318847656,-0.010836392641067505,0,3.086548089981079,-0.03239389881491661,1.8294912576675415,8.446840286254883,0,-0.027238881215453148,7.381765365600586,4,0
45468,-1859.389404296875,-81.75997924804688,0.12759985029697418,1.5620670318603516,1.4344671964645386,23.691726684570312,-0.00005626678466796875,-0.015887897461652756,0,3.1062731742858887,0.054605040699243546,2.1347320079803467,8.446840286254883,0,-0.04533785581588745,7.361602783203125,4,0
45477,-1860.225341796875,-81.79569244384766,0.12759985029697418,-3.517180919647217,-3.6447808742523193,23.691726684570312,-0.00005626678466796875,-0.015887897461652756,0,-3.0937156677246094,-0.04380720853805542,2.191439628601074,8.446840286254883,0,-0.04533785581588745,7.361602783203125,4,0
45489,-1861.135986328125,-81.83805084228516,0.12759985029697418,-3.6832637786865234,-3.810863733291626,23.712879180908203,-0.00005626678466796875,-0.015887897461652756,0,-3.018566846847534,-0.15862931311130524,2.2403464317321777,8.446840286254883,0,-0.04533785581588745,7.361602783203125,4,0
45539,-1865.2720947265625,-82.00643157958984,0.12759985029697418,-3.1884307861328125,-3.316030740737915,23.698963165283203,-0.00005626678466796875,-0.015887897461652756,0,-2.828191041946411,-0.4517532289028168,2.36798357963562,8.446840286254883,0,-0.04533785581588745,7.361602783203125,4,0
45594,-1869.736083984375,-82.04662322998047,0.12759985029697418,-0.5218820571899414,-0.6494818925857544,23.014179229736328,0.000046312808990478516,0.00884802732616663,0,-2.7746214866638184,-0.6102122664451599,2.137707233428955,8.446840286254883,0,-0.020363222807645798,7.384005546569824,4,0
45603,-1870.575927734375,-82.02986145019531,0.12759985029697418,1.5395021438598633,1.4119023084640503,23.014179229736328,0.000046312808990478516,0.00884802732616663,0,-2.7137651443481445,-0.5562630295753479,1.9942708015441895,8.446840286254883,0,-0.020363222807645798,7.384005546569824,4,0
45613,-1871.406005859375,-82.02251434326172,0.12759985029697418,0.2833414077758789,0.15574155747890472,22.595430374145508,0.000046312808990478516,0.00884802732616663,0,-2.665407180786133,-0.47393643856048584,1.8411096334457397,8.446840286254883,0,-0.020363222807645798,7.384005546569824,4,0
45664,-1875.578125,-82.05036163330078,0.12759985029697418,-0.43575000762939453,-0.5633498430252075,22.217191696166992,0.000046312808990478516,0.00884802732616663,0,-2.702404022216797,-0.02337932586669922,1.0721502304077148,8.446840286254883,0,-0.020363222807645798,7.384005546569824,4,0
45720,-1880.13671875,-81.9939193725586,0.12759985029697418,1.4116973876953125,1.2840975522994995,21.338966369628906,-0.000004827976226806641,0.004623541608452797,0,-2.9958415031433105,0.1610092669725418,0.045658309012651443,8.446840286254883,0,-0.0025155115872621536,7.426570892333984,4,0
45730,-1880.9610595703125,-82.00326538085938,0.12759985029697418,-1.0663299560546875,-1.1939297914505005,21.338966369628906,-0.000004827976226806641,0.004623541608452797,0,-3.0978760719299316,0.18876270949840546,-0.02834976464509964,8.446840286254883,0,-0.0025155115872621536,7.426570892333984,4,0
45740,-1881.7945556640625,-82.01801300048828,0.12759985029697418,-1.4399280548095703,-1.5675278902053833,21.15341567993164,-0.000004827976226806641,0.004623541608452797,0,3.0958919525146484,0.1869945079088211,-0.08870961517095566,8.446840286254883,0,-0.0025155115872621536,7.426570892333984,4,0
45799,-1886.586669921875,-82.0888900756836,0.12759985029697418,-1.004037857055664,-1.131637692451477,20.860553741455078,-0.000004827976226806641,0.004623541608452797,0,2.822356700897217,0.1603977531194687,-0.36736828088760376,8.446840286254883,0,-0.0025155115872621536,7.426570892333984,4,0
45857,-1887.2314453125,-82.12535095214844,0.12759985029697418,-4.80853796005249,-4.936137676239014,21.067251205444336,0.00006771087646484375,0.008989591151475906,0,2.8936214447021484,0.11481167376041412,-0.3906722962856293,8.446840286254883,0,-0.031159089878201485,7.453454971313477,4,0
45867,-1888.0574951171875,-82.1811294555664,0.12759985029697418,-4.80144739151001,-4.929047107696533,21.15447235107422,0.00006771087646484375,0.008989591151475906,0,3.1337685585021973,0.07248980551958084,-0.47704586386680603,8.446840286254883,0,-0.031159089878201485,7.453454971313477,4,0
45877,-1888.892333984375,-82.22095489501953,0.12759985029697418,-3.054694652557373,-3.1822946071624756,21.15447235107422,0.00006771087646484375,0.008989591151475906,0,-2.938985586166382,0.09749965369701385,-0.5975051522254944,8.446840286254883,0,-0.031159089878201485,7.453454971313477,4,0
45888,-1889.7724609375,-82.24124145507812,0.12759985029697418,-0.811375617980957,-0.93897545337677,21.15447235107422,0.00006771087646484375,0.008989591151475906,0,-2.769901752471924,0.189703568816185,-0.7416378259658813,8.446840286254883,0,-0.031159089878201485,7.453454971313477,4,0
45933,-1893.443603515625,-82.17559814453125,0.12759985029697418,1.5975923538208008,1.4699925184249878,20.694290161132812,0.00006771087646484375,0.008989591151475906,0,-2.426741361618042,0.5171971321105957,-1.2996306419372559,8.446840286254883,0,-0.031159089878201485,7.453454971313477,4,0
45990,-1898.1268310546875,-81.67687225341797,0.12759985029697418,8.979581832885742,8.851982116699219,19.620941162109375,-0.00007808208465576172,-0.011112077161669731,0,-2.6584672927856445,0.6896196603775024,-1.7800153493881226,8.446840286254883,0,-0.04190608114004135,7.417609691619873,4,0
46000,-1898.947998046875,-81.64857482910156,0.12759985029697418,2.206256866455078,2.0786569118499756,19.620941162109375,-0.00007808208465576172,-0.011112077161669731,0,-2.6445391178131104,0.6374995708465576,-1.7519785165786743,8.446840286254883,0,-0.04190608114004135,7.417609691619873,4,0
46011,-1899.7752685546875,-81.63612365722656,0.12759985029697418,0.5030202865600586,0.3754204511642456,19.620941162109375,-0.00007808208465576172,-0.011112077161669731,0,-2.632180690765381,0.5937288999557495,-1.7113198041915894,8.446840286254883,0,-0.04190608114004135,7.417609691619873,4,0
46071,-1900.6719970703125,-81.63951873779297,0.12759985029697418,-0.7321958541870117,-0.8597956895828247,18.93621826171875,-0.00007808208465576172,-0.011112077161669731,0,-2.6352121829986572,0.5244796872138977,-1.6584867238998413,8.446840286254883,0,-0.04190608114004135,7.417609691619873,4,0
46123,-1900.6719970703125,-81.63951873779297,0.12759985029697418,-3.478403091430664,-3.6060030460357666,18.423194885253906,-0.00007808208465576172,-0.011112077161669731,0,-2.6736435890197754,0.46734216809272766,-1.6493943929672241,8.446840286254883,0,-0.04190608114004135,7.417609691619873,4,0
46179,-1905.312255859375,-81.90511322021484,0.12759985029697418,-4.567156791687012,-4.694756507873535,18.416603088378906,0.00005519390106201172,0.028830494731664658,0,-2.5740792751312256,0.13570307195186615,-1.272145390510559,8.446840286254883,0,-0.02029331959784031,7.435532093048096,4,0
46231,-1909.5328369140625,-82.09005737304688,0.12759985029697418,-3.234584331512451,-3.3621842861175537,18.34902000427246,0.00005519390106201172,0.028830494731664658,0,3.066628932952881,-0.12314928323030472,-0.8078375458717346,8.446840286254883,0,-0.02029331959784031,7.435532093048096,4,0
46287,-1914.0413818359375,-82.15802001953125,0.12759985029697418,-1.0256776809692383,-1.1532775163650513,17.949644088745117,0.00007843971252441406,-0.004227735102176666,0,2.862433671951294,-0.3424092233181,-0.20267826318740845,8.446840286254883,0,-0.023418404161930084,7.375044822692871,4,0
46340,-1918.4404296875,-82.29876708984375,0.12759985029697418,-2.4098739624023438,-2.5374739170074463,17.37969398498535,0.00007843971252441406,-0.004227735102176666,0,2.797220230102539,-0.7156198620796204,0.13106365501880646,8.446840286254883,0,-0.023418404161930084,7.375044822692871,4,0
46395,-1922.937744140625,-82.39230346679688,0.12759985029697418,-1.5019092559814453,-1.6295090913772583,17.166868209838867,0.0000813603401184082,-0.01313862856477499,0,2.9288809299468994,-1.0088545083999634,-0.035574354231357574,8.446840286254883,0,-0.034860916435718536,7.3638434410095215,4,0
46448,-1927.39306640625,-82.54649353027344,0.12759985029697418,-2.7869162559509277,-2.9145162105560303,16.489151000976562,0.0000813603401184082,-0.01313862856477499,0,-2.726980686187744,-1.0178085565567017,-1.023569107055664,8.446840286254883,0,-0.034860916435718536,7.3638434410095215,4,0
46504,-1932.01220703125,-82.88004302978516,0.12759985029697418,-5.501023292541504,-5.628623008728027,15.666438102722168,0.00005930662155151367,-0.01792936585843563,0,-2.333897113800049,-0.1451650708913803,-2.049161195755005,8.446840286254883,0,-0.03651348873972893,7.361602783203125,4,0
46559,-1936.6097412109375,-82.74944305419922,0.12759985029697418,3.227715492248535,3.1001155376434326,14.955050468444824,0.00005930662155151367,-0.01792936585843563,0,-2.903153896331787,0.2989746630191803,3.0281832218170166,8.446840286254883,0,-0.03651348873972893,7.361602783203125,4,0
46614,-1941.09033203125,-82.58499908447266,0.12759985029697418,3.037930488586426,2.9103305339813232,14.948426246643066,-0.00002181529998779297,-0.005688067525625229,0,-2.9621028900146484,0.09861838817596436,1.902403473854065,8.446840286254883,0,-0.031048500910401344,7.410889148712158,4,0
46623,-1941.9205322265625,-82.57704162597656,0.12759985029697418,0.8610477447509766,0.7334479093551636,15.159196853637695,-0.00002181529998779297,-0.005688067525625229,0,-2.942399024963379,0.12220900505781174,1.6464197635650635,8.446840286254883,0,-0.031048500910401344,7.410889148712158,4,0
46671,-1945.783935546875,-82.52439880371094,0.12759985029697418,1.252462387084961,1.124862551689148,14.919756889343262,-0.00002181529998779297,-0.005688067525625229,0,-2.985480308532715,0.35946357250213623,0.3906146287918091,8.446840286254883,0,-0.031048500910401344,7.410889148712158,4,0
46728,-1950.503173828125,-81.96529388427734,0.12759985029697418,9.477933883666992,9.350334167480469,13.98855209350586,-0.0000813603401184082,-0.012937476858496666,0,2.8535659313201904,0.22391289472579956,-0.857975959777832,8.446840286254883,0,-0.017335964366793633,7.395206928253174,4,0
46738,-1951.3900146484375,-81.94058990478516,0.12759985029697418,0.667877197265625,0.540277361869812,13.98855209350586,-0.0000813603401184082,-0.012937476858496666,0,2.891880512237549,0.14875338971614838,-0.7719334363937378,8.446840286254883,0,-0.017335964366793633,7.395206928253174,4,0
46787,-1955.373046875,-82.20502471923828,0.12759985029697418,-5.321312427520752,-5.448912143707275,13.498265266418457,-0.0000813603401184082,-0.012937476858496666,0,2.9703569412231445,-0.22884175181388855,-0.30103766918182373,8.446840286254883,0,-0.017335964366793633,7.395206928253174,4,0
46841,-1959.7196044921875,-82.29424285888672,0.12759985029697418,-1.1897602081298828,-1.3173600435256958,13.409040451049805,0.00015854835510253906,0.001673118444159627,0,2.345597743988037,-0.24773016571998596,0.6607784628868103,8.446840286254883,0,-0.05126538500189781,7.4131293296813965,4,0
46851,-1960.614501953125,-82.18534088134766,0.12759985029697418,10.572721481323242,10.445121765136719,13.409040451049805,0.00015854835510253906,0.001673118444159627,0,2.2767879962921143,-0.15405485033988953,0.8242291212081909,8.446840286254883,0,-0.05126538500189781,7.4131293296813965,4,0
46899,-1964.5584716796875,-81.6639175415039,0.12759985029697418,10.97327995300293,10.845680236816406,12.813855171203613,0.00015854835510253906,0.001673118444159627,0,2.2199060916900635,0.37542039155960083,1.5182850360870361,8.446840286254883,0,-0.05126538500189781,7.4131293296813965,4,0
46953,-1968.943603515625,-81.52088165283203,0.12759985029697418,1.659825325012207,1.532225489616394,12.51249885559082,0.00012189149856567383,-0.004346941597759724,0,-2.7400989532470703,0.7118395566940308,-2.6078875064849854,8.446840286254883,0,-0.02758697420358658,7.352642059326172,4,0
46962,-1969.764892578125,-81.56034851074219,0.12759985029697418,-4.931288719177246,-5.0588884353637695,12.466557502746582,0.00012189149856567383,-0.004346941597759724,0,-2.790841579437256,0.5908358097076416,-2.2259414196014404,8.446840286254883,0,-0.02758697420358658,7.352642059326172,4,0
47017,-1974.1397705078125,-81.58650970458984,0.12759985029697418,0.13115310668945312,0.003553256392478943,12.452308654785156,0.00012189149856567383,-0.004346941597759724,0,2.9808735847473145,-0.14420753717422485,-0.5866756439208984,8.446840286254883,0,-0.02758697420358658,7.352642059326172,4,0
47070,-1978.43798828125,-81.65642547607422,0.12759985029697418,-1.094639778137207,-1.22223961353302,12.518143653869629,0.00017517805099487305,-0.00012245477410033345,0,3.0506982803344727,0.44049835205078125,0.8347373604774475,8.446840286254883,0,-0.016945987939834595,7.440013408660889,4,0
47080,-1979.2716064453125,-81.75596618652344,0.12759985029697418,-9.990699768066406,-10.11829948425293,12.518143653869629,0.00017517805099487305,-0.00012245477410033345,0,-3.0595412254333496,0.38328513503074646,1.0565797090530396,8.446840286254883,0,-0.016945987939834595,7.440013408660889,4,0
47134,-1983.7491455078125,-82.11907196044922,0.12759985029697418,-5.994933128356934,-6.122532844543457,11.731239318847656,0.00017517805099487305,-0.00012245477410033345,0,-2.648925304412842,0.13123376667499542,1.7048799991607666,8.446840286254883,0,-0.016945987939834595,7.440013408660889,4,0
47191,-1988.306884765625,-82.16299438476562,0.12759985029697418,0.31710338592529297,0.1895035356283188,11.078387260437012,0.0001946091651916504,0.000667305663228035,0,-2.518674373626709,-0.6499316692352295,1.4981609582901,8.446840286254883,0,-0.004426221363246441,7.424330711364746,4,0
47200,-1989.1463623046875,-82.22814178466797,0.12759985029697418,-6.018510818481445,-6.146110534667969,11.078387260437012,0.0001946091651916504,0.000667305663228035,0,-2.466973066329956,-0.5025608539581299,1.3340250253677368,8.446840286254883,0,-0.004426221363246441,7.424330711364746,4,0
47257,-1989.7354736328125,-82.2716064453125,0.12759985029697418,-5.77963399887085,-5.907233715057373,10.470355987548828,0.0001946091651916504,0.000667305663228035,0,-2.449148654937744,-0.36239147186279297,1.1872423887252808,8.446840286254883,0,-0.004426221363246441,7.424330711364746,4,0
47267,-1990.5498046875,-82.32174682617188,0.12759985029697418,-4.847562789916992,-4.975162506103516,10.470355987548828,-0.000003933906555175781,-0.010128584690392017,0,-2.431004047393799,-0.2848866581916809,0.9797104001045227,8.446840286254883,0,-0.004426221363246441,7.431051731109619,4,0
47317,-1994.634765625,-82.36286926269531,0.12759985029697418,-0.7013235092163086,-0.8289233446121216,10.0602388381958,-0.000003933906555175781,-0.010128584690392017,0,-2.5184414386749268,0.0465969555079937,-0.0029710489325225353,8.446840286254883,0,0.011424793861806393,7.431051731109619,4,0
47327,-1995.463623046875,-82.40355682373047,0.12759985029697418,-4.330145359039307,-4.45774507522583,10.0602388381958,-0.000003933906555175781,-0.010128584690392017,0,-2.476649522781372,0.11448048055171967,-0.18915291130542755,8.446840286254883,0,0.011424793861806393,7.431051731109619,4,0
47336,-1996.2298583984375,-82.4495620727539,0.12759985029697418,-4.444194793701172,-4.571794509887695,10.0602388381958,-0.000003933906555175781,-0.010128584690392017,0,-2.4806180000305176,0.17636296153068542,-0.3808625638484955,8.446840286254883,0,0.011424793861806393,7.431051731109619,4,0
47384,-1996.3841552734375,-82.45789337158203,0.12759985029697418,-4.324727535247803,-4.452327251434326,9.663106918334961,-0.000003933906555175781,-0.010128584690392017,0,-2.5028812885284424,0.1718248724937439,-0.42973169684410095,8.446840286254883,0,0.011424793861806393,7.431051731109619,4,0
47439,-2004.727294921875,-82.17967224121094,0.12759985029697418,5.419460296630859,5.291860580444336,9.054154396057129,0.00009101629257202148,0.043783824890851974,0,-3.1200594902038574,0.11305417120456696,-3.1385374069213867,8.446840286254883,0,0.00445890799164772,7.352642059326172,4,0
47450,-2005.5548095703125,-82.15209197998047,0.12759985029697418,1.8029909133911133,1.6753910779953003,9.054154396057129,0.00009101629257202148,0.043783824890851974,0,-3.0877273082733154,0.05859391391277313,3.1013519763946533,8.446840286254883,0,0.00445890799164772,7.352642059326172,4,0
47460,-2006.484375,-82.14949798583984,0.12759985029697418,-0.3256549835205078,-0.4532548189163208,9.054154396057129,0.00009101629257202148,0.043783824890851974,0,-3.079751968383789,0.03650648146867752,3.0979440212249756,8.446840286254883,0,0.00445890799164772,7.352642059326172,4,0
47512,-2006.484375,-82.14949798583984,0.12759985029697418,-0.4436187744140625,-0.5712186098098755,8.71662712097168,0.00009101629257202148,0.043783824890851974,0,-3.0885071754455566,0.04218646138906479,3.103060007095337,8.446840286254883,0,0.00445890799164772,7.352642059326172,4,0
47570,-2011.1041259765625,-82.12947082519531,0.12759985029697418,0.7921352386474609,0.664535403251648,8.915018081665039,0.00018352270126342773,-0.01272883266210556,0,-3.005664587020874,-0.5746810436248779,3.1088342666625977,8.446840286254883,0,-0.003944391384720802,7.435532093048096,4,0
47578,-2011.943359375,-82.12602996826172,0.12759985029697418,-0.23958396911621094,-0.3671838045120239,8.915018081665039,0.00018352270126342773,-0.01272883266210556,0,-2.8046348094940186,-0.6287593245506287,2.9679834842681885,8.446840286254883,0,-0.003944391384720802,7.435532093048096,4,0
47590,-2012.7767333984375,-82.14559936523438,0.12759985029697418,-2.8541464805603027,-2.9817464351654053,8.72553539276123,0.00018352270126342773,-0.01272883266210556,0,-2.597426652908325,-0.6083435416221619,2.801521062850952,8.446840286254883,0,-0.003944391384720802,7.435532093048096,4,0
47643,-2017.2684326171875,-82.46589660644531,0.12759985029697418,-5.920908451080322,-6.048508167266846,8.490063667297363,0.00018352270126342773,-0.01272883266210556,0,-2.1890411376953125,0.20197439193725586,2.1172375679016113,8.446840286254883,0,-0.003944391384720802,7.435532093048096,4,0
47695,-2021.537841796875,-82.23039245605469,0.12759985029697418,5.68245792388916,5.554858207702637,7.621507167816162,0.00005036592483520508,0.0037145994137972593,0,-3.0347421169281006,0.8570233583450317,1.0107214450836182,8.446840286254883,0,0.0018996316939592361,7.384005546569824,4,0
47705,-2022.368896484375,-82.23743438720703,0.12759985029697418,-0.8590021133422852,-0.9866019487380981,7.621507167816162,0.00005036592483520508,0.0037145994137972593,0,3.0361874103546143,0.8373132348060608,0.8799554109573364,8.446840286254883,0,0.0018996316939592361,7.384005546569824,4,0
47716,-2023.2008056640625,-82.25236511230469,0.12759985029697418,-1.6571359634399414,-1.7847357988357544,7.4026360511779785,0.00005036592483520508,0.0037145994137972593,0,2.8923022747039795,0.8016465902328491,0.7974137663841248,8.446840286254883,0,0.0018996316939592361,7.384005546569824,4,0
47776,-2023.9229736328125,-82.27013397216797,0.12759985029697418,-1.9780030250549316,-2.105602979660034,7.268065929412842,0.00005036592483520508,0.0037145994137972593,0,2.7939963340759277,0.7614147663116455,0.7558218240737915,8.446840286254883,0,0.0018996316939592361,7.384005546569824,4,0
47830,-2028.365234375,-82.54119873046875,0.12759985029697418,-5.021729469299316,-5.14932918548584,6.969254970550537,0.0000489354133605957,0.0019413591362535954,0,-3.139468193054199,0.37058907747268677,1.1156907081604004,8.446840286254883,0,0.01614931784570217,7.433291912078857,4,0
47841,-2029.2738037109375,-82.61674499511719,0.12759985029697418,-6.839433670043945,-6.967033386230469,6.604091167449951,0.0000489354133605957,0.0019413591362535954,0,-3.103404998779297,0.28320953249931335,1.1637269258499146,8.446840286254883,0,0.01614931784570217,7.433291912078857,4,0
47850,-2030.0902099609375,-82.68730926513672,0.12759985029697418,-7.10741662979126,-7.235016345977783,6.604091167449951,0.0000489354133605957,0.0019413591362535954,0,-3.078514575958252,0.2063903659582138,1.1962319612503052,8.446840286254883,0,0.01614931784570217,7.433291912078857,4,0
47906,-2034.6480712890625,-83.03691101074219,0.12759985029697418,-6.059089660644531,-6.186689376831055,6.284186840057373,0.0000489354133605957,0.0019413591362535954,0,-2.9869637489318848,-0.20149411261081696,1.289252758026123,8.446840286254883,0,0.01614931784570217,7.433291912078857,4,0
47961,-2039.155029296875,-83.02369689941406,0.12759985029697418,0.6745405197143555,0.5469406843185425,6.166424751281738,0.0000438690185546875,-0.023830201476812363,0,-3.108306407928467,-0.6938239336013794,0.9189872145652771,8.446840286254883,0,0.008023970760405064,7.372804164886475,4,0
47970,-2040.0035400390625,-83.03675079345703,0.12759985029697418,-1.6374740600585938,-1.7650738954544067,6.036628246307373,0.0000438690185546875,-0.023830201476812363,0,-2.9725406169891357,-0.699471652507782,0.7218088507652283,8.446840286254883,0,0.008023970760405064,7.372804164886475,4,0
47981,-2040.847412109375,-83.06214141845703,0.12759985029697418,-2.926875114440918,-3.0544750690460205,6.036628246307373,0.0000438690185546875,-0.023830201476812363,0,-2.8489482402801514,-0.6606066823005676,0.510245680809021,8.446840286254883,0,0.008023970760405064,7.372804164886475,4,0
48036,-2041.738037109375,-83.10408782958984,0.12759985029697418,-4.301111698150635,-4.428711414337158,5.487982749938965,0.0000438690185546875,-0.023830201476812363,0,-2.715791702270508,-0.5668869018554688,0.286967933177948,8.446840286254883,0,0.008023970760405064,7.372804164886475,4,0
48036,-2045.5128173828125,-83.35409545898438,0.12759985029697418,-5.384770393371582,-5.5123701095581055,5.487982749938965,0.0000438690185546875,-0.023830201476812363,0,-2.4399359226226807,0.0353270024061203,-0.44038352370262146,8.446840286254883,0,0.008023970760405064,7.372804164886475,4,0
48088,-2045.5128173828125,-83.35409545898438,0.12759985029697418,-1.9447922706604004,-2.072392225265503,5.313091278076172,0.0000438690185546875,-0.023830201476812363,0,-2.4669370651245117,0.08651822060346603,-0.46097806096076965,8.446840286254883,0,0.008023970760405064,7.372804164886475,4,0
48144,-2050.079345703125,-83.41024017333984,0.12759985029697418,-0.6393842697143555,-0.7669841051101685,4.66448974609375,0.00003159046173095703,-0.012624511495232582,0,-2.585627317428589,0.26315444707870483,-1.1892852783203125,8.446840286254883,0,0.017431164160370827,7.426570892333984,4,0
48192,-2054.251953125,-83.43647003173828,0.12759985029697418,-0.25207042694091797,-0.37967026233673096,4.322534561157227,0.00003159046173095703,-0.012624511495232582,0,-3.004514455795288,0.04075625538825989,-1.7595415115356445,8.446840286254883,0,0.017431164160370827,7.426570892333984,4,0
48249,-2058.9072265625,-83.4305648803711,0.12759985029697418,0.2840900421142578,0.15649019181728363,3.913736343383789,0.00007724761962890625,-0.004458683542907238,0,-2.803666591644287,0.22737081348896027,-2.6111013889312744,8.446840286254883,0,0.02993534691631794,7.444493770599365,4,0
48304,-2059.287841796875,-83.40663146972656,0.12759985029697418,5.670511245727539,5.542911529541016,3.6705756187438965,0.00007724761962890625,-0.004458683542907238,0,-2.8241629600524902,0.2612452805042267,-2.7038469314575195,8.446840286254883,0,0.02993534691631794,7.444493770599365,4,0
48356,-2063.597412109375,-83.21617889404297,0.12759985029697418,3.6521997451782227,3.52459979057312,3.3429925441741943,0.000020384788513183594,-0.008988640271127224,0,-2.8473598957061768,0.11789655685424805,-2.931734561920166,8.446840286254883,0,0.02062857896089554,7.399687767028809,4,0
48411,-2068.2001953125,-83.11474609375,0.12759985029697418,2.0347633361816406,1.9071635007858276,2.8835954666137695,0.000020384788513183594,-0.008988640271127224,0,-3.023651123046875,-0.14283297955989838,-3.0253403186798096,8.446840286254883,0,0.02062857896089554,7.399687767028809,4,0