time_ms,altitude_m,velocity_ms,accel_bias_ms2,raw_accel_ms2,vertical_accel_ms2,raw_baro_m,motor_pos,motor_vel,motor_cmd_pos,roll_rad,pitch_rad,yaw_rad,Cd,desired_Cd,motor_current,battery_voltage,state,axis_error
0,0.05554715916514397,2.536635398864746,0.12885159254074097,61.837440490722656,61.708587646484375,0.15591098368167877,0.00019019842147827148,0.0490058995783329,0,0.0216305423527956,-0.015249869786202908,-0.06981087476015091,0.492000013589859,0.492000013589859,-0.20214225351810455,6.761204242706299,2,0
11,0.08527613431215286,3.1493098735809326,0.12885159254074097,54.765594482421875,54.636741638183594,0.3698962926864624,0.00025641918182373047,0.04478142410516739,0,0.019438734278082848,-0.013394678011536598,-0.09666572511196136,0.492000013589859,0.492000013589859,-0.20214225351810455,6.660391330718994,2,0
20,0.11941983550786972,3.666651487350464,0.12885159254074097,51.369361877441406,51.240509033203125,0.3698962926864624,0.00019401311874389648,-0.008333767764270306,0,0.016024254262447357,-0.013158321380615234,-0.1221868246793747,0.492000013589859,0.492000013589859,-0.20312564074993134,6.702956676483154,2,0
30,0.15891239047050476,4.224717617034912,0.12885159254074097,56.00498962402344,55.876136779785156,0.3698962926864624,0.00015562772750854492,-0.027489209547638893,0,0.014668639749288559,-0.012881715781986713,-0.14903908967971802,0.492000013589859,0.492000013589859,-0.20312564074993134,6.774645805358887,2,0
78,0.41585856676101685,6.881405353546143,0.12885159254074097,57.6031494140625,57.47429656982422,0.9108230471611023,0.00015562772750854492,-0.027489209547638893,0,0.014912843704223633,-0.012804624624550343,-0.15985971689224243,0.492000013589859,0.492000013589859,-0.20312564074993134,6.774645805358887,2,0
89,0.5020354390144348,7.651275634765625,0.12885159254074097,61.696197509765625,61.567344665527344,0.9108230471611023,0.00009721517562866211,0.022034797817468643,0,0.005228117574006319,-0.01714387536048889,-0.1311211884021759,0.492000013589859,0.492000013589859,-0.19110652804374695,6.765684604644775,2,0
99,0.581749439239502,8.277302742004395,0.12885159254074097,68.28363037109375,68.15477752685547,1.3081905841827393,0.00007915496826171875,0.029455574229359627,0,0.0034822355955839157,-0.017484556883573532,-0.10573115199804306,0.492000013589859,0.492000013589859,-0.19110652804374695,6.765684604644775,2,0
110,0.6752405762672424,8.99506664276123,0.12885159254074097,67.48206329345703,67.35321044921875,1.3081905841827393,0.00005245208740234375,0.018808690831065178,0,0.004124168306589127,-0.0170658640563488,-0.08822239935398102,0.492000013589859,0.492000013589859,-0.19108057022094727,6.7388014793396,2,0
120,0.769396960735321,9.688912391662598,0.12885159254074097,69.95695495605469,69.8281021118164,1.3081905841827393,0.000016033649444580078,-0.0026564334984868765,0,0.005406175274401903,-0.01636778935790062,-0.07751357555389404,0.492000013589859,0.492000013589859,-0.19108057022094727,6.711917400360107,2,0
165,1.2809878587722778,12.881937980651855,0.12885159254074097,70.56532287597656,70.43647003173828,2.3504347801208496,0.000016033649444580078,-0.0026564334984868765,0,0.005289237480610609,-0.016317587345838547,-0.07613080739974976,0.492000013589859,0.492000013589859,-0.18315677344799042,6.711917400360107,2,0
175,1.4115054607391357,13.604142189025879,0.12885159254074097,74.08349609375,73.95464324951172,2.3504347801208496,0.00005269050598144531,0.014912040904164314,0,0.0028090588748455048,-0.01505057979375124,-0.11040809750556946,0.492000013589859,0.492000013589859,-0.17789648473262787,6.7388014793396,2,0
185,1.5520141124725342,14.359822273254395,0.12885159254074097,76.51702880859375,76.38817596435547,2.3504347801208496,0.00001519918441772461,-0.004288105294108391,0,-0.0009353187633678317,-0.013072687201201916,-0.15097355842590332,0.492000013589859,0.492000013589859,-0.17789648473262787,6.7186384201049805,2,0
195,1.6997984647750854,15.118256568908691,0.12885159254074097,75.45184326171875,75.32299041748047,3.1065359115600586,0.000015854835510253906,-0.019084958359599113,0,-0.007993190549314022,-0.009251375682651997,-0.19145245850086212,0.492000013589859,0.492000013589859,-0.18917818367481232,6.732080459594727,2,0
205,1.8548744916915894,15.868762969970703,0.12885159254074097,75.2123794555664,75.08352661132812,3.1065359115600586,0.00006240606307983398,0.01252785511314869,0,-0.017184792086482048,-0.004408519249409437,-0.23186729848384857,0.492000013589859,0.492000013589859,-0.18917818367481232,6.7253594398498535,2,0
215,2.0182204246520996,16.623924255371094,0.12885159254074097,75.06928253173828,74.9404296875,3.1065359115600586,0.000008225440979003906,-0.0015090405941009521,0,-0.02933575212955475,0.0015770553145557642,-0.2722629904747009,0.492000013589859,0.492000013589859,-0.18892362713813782,6.68727445602417,2,0
225,2.19136643409729,17.38964080810547,0.12885159254074097,75.30664825439453,75.17779541015625,4.016098499298096,0.00005269050598144531,0.0017021604580804706,0,-0.04394865036010742,0.008227350190281868,-0.3124849498271942,0.492000013589859,0.492000013589859,-0.18892362713813782,6.691755294799805,2,0
272,3.082967758178711,20.893768310546875,0.12885159254074097,75.35862731933594,75.22977447509766,5.086453437805176,0.00005269050598144531,0.0017021604580804706,0,-0.047238342463970184,0.009653766639530659,-0.3205357491970062,0.492000013589859,0.492000013589859,-0.18892362713813782,6.691755294799805,2,0
283,3.313321113586426,21.7147159576416,0.12885159254074097,75.5459213256836,75.41706848144531,5.086453437805176,0.000028192996978759766,0.003162474138662219,0,-0.07659516483545303,0.020779848098754883,-0.3605923056602478,0.492000013589859,0.492000013589859,-0.18892362713813782,6.734321117401123,2,0
292,3.5330517292022705,22.45995330810547,0.12885159254074097,74.72232818603516,74.59347534179688,6.464776992797852,0.000014603137969970703,-0.00344619108363986,0,-0.10887409001588821,0.031344760209321976,-0.40119367837905884,0.492000013589859,0.492000013589859,-0.19923053681850433,6.750002861022949,2,0
302,3.7618253231048584,23.2077579498291,0.12885159254074097,74.73759460449219,74.6087417602539,6.464776992797852,0.000011801719665527344,0.0045780823566019535,0,-0.14373740553855896,0.04109125956892967,-0.4426310956478119,0.492000013589859,0.492000013589859,-0.19825994968414307,6.689514636993408,2,0
312,3.998340129852295,23.95269775390625,0.12885159254074097,74.12529754638672,73.99644470214844,6.464776992797852,0.000015437602996826172,0.002275853417813778,0,-0.18082670867443085,0.049631424248218536,-0.48508208990097046,0.492000013589859,0.492000013589859,-0.19825994968414307,6.691755294799805,2,0
323,4.243638515472412,24.69189453125,0.12885159254074097,72.98306274414062,72.85420989990234,8.430022239685059,0.00004285573959350586,0.007744580041617155,0,-0.2199457436800003,0.056847602128982544,-0.5286083817481995,0.492000013589859,0.492000013589859,-0.18309521675109863,6.736561298370361,2,0
333,4.502624988555908,25.433629989624023,0.12885159254074097,71.21389770507812,71.08504486083984,8.430022239685059,-0.00001049041748046875,-0.017907770350575447,0,-0.2607438862323761,0.06255131959915161,-0.5728849172592163,0.492000013589859,0.492000013589859,-0.18309521675109863,6.7253594398498535,2,0
376,5.655787467956543,28.457508087158203,0.12885159254074097,70.78680419921875,70.65795135498047,10.798391342163086,0.00004851818084716797,0.02364411950111389,0,-0.26909106969833374,0.0635102167725563,-0.5818344354629517,0.492000013589859,0.492000013589859,-0.18309521675109863,6.7253594398498535,2,0
387,5.945776462554932,29.138839721679688,0.12885159254074097,66.90656280517578,66.7777099609375,13.812865257263184,0.00004851818084716797,0.02364411950111389,0,-0.31268182396888733,0.0712837427854538,-0.6210992932319641,0.492000013589859,0.492000013589859,-0.18309521675109863,6.7253594398498535,2,0
396,6.261106967926025,29.8424129486084,0.12885159254074097,65.14665985107422,65.01780700683594,13.812865257263184,0.000024020671844482422,0.004272612277418375,0,-0.35578417778015137,0.0803692415356636,-0.654607355594635,0.492000013589859,0.492000013589859,-0.19611601531505585,6.734321117401123,2,0
406,6.56318473815918,30.478548049926758,0.12885159254074097,62.6763916015625,62.54753875732422,13.812865257263184,0.000013828277587890625,0.007327349856495857,0,-0.3977128565311432,0.09200717508792877,-0.6805902123451233,0.492000013589859,0.492000013589859,-0.19611601531505585,6.734321117401123,2,0
417,6.872565746307373,31.091266632080078,0.12885159254074097,59.87372589111328,59.744873046875,17.116256713867188,0.00004100799560546875,0.009741339832544327,0,-0.4381779432296753,0.10776856541633606,-0.6976452469825745,0.492000013589859,0.492000013589859,-0.1862984001636505,6.691755294799805,2,0
427,7.187195301055908,31.67365074157715,0.12885159254074097,57.213165283203125,57.084312438964844,17.116256713867188,-0.000024139881134033203,-0.01469656452536583,0,-0.47636404633522034,0.13014745712280273,-0.703062891960144,0.492000013589859,0.492000013589859,-0.1862984001636505,6.685034275054932,2,0
437,7.509710788726807,32.22868728637695,0.12885159254074097,53.420738220214844,53.29188537597656,17.116256713867188,0.000027060508728027344,0.004227912053465843,0,-0.5114481449127197,0.16150714457035065,-0.6954297423362732,0.492000013589859,0.492000013589859,-0.21506601572036743,6.772405624389648,2,0
478,8.859338760375977,34.35716247558594,0.12885159254074097,52.63450622558594,52.505653381347656,22.808080673217773,0.000027060508728027344,0.004227912053465843,0,-0.5179398655891418,0.16907599568367004,-0.6921244859695435,0.492000013589859,0.492000013589859,-0.21506601572036743,6.772405624389648,2,0
489,9.207571983337402,34.79203414916992,0.12885159254074097,41.65088653564453,41.52203369140625,22.808080673217773,0.000027060508728027344,0.004227912053465843,0,-0.5108821392059326,0.2784300446510315,-0.5558569431304932,0.492000013589859,0.492000013589859,-0.21506601572036743,6.772405624389648,2,0
498,9.585649490356445,35.2230339050293,0.12885159254074097,38.86671447753906,38.73786163330078,22.808080673217773,0.000009298324584960938,-0.0002796909830067307,0,-0.46687477827072144,0.4062911570072174,-0.36758336424827576,0.492000013589859,0.492000013589859,-0.21689413487911224,6.750002861022949,2,0
508,9.939799308776855,35.60508346557617,0.12885159254074097,39.405372619628906,39.276519775390625,28.724523544311523,-0.00005525350570678711,0.003564808750525117,0,-0.3683064877986908,0.5363664031028748,-0.11890172213315964,0.492000013589859,0.492000013589859,-0.21689413487911224,6.745522499084473,2,0
518,10.299814224243164,36.02284622192383,0.12885159254074097,42.31874084472656,42.18988800048828,28.724523544311523,-0.00003069639205932617,0.024083709344267845,0,-0.21838350594043732,0.6381842494010925,0.16920487582683563,0.492000013589859,0.492000013589859,-0.20437708497047424,6.709677219390869,2,0
528,10.662911415100098,36.43495178222656,0.12885159254074097,40.855987548828125,40.727134704589844,28.724523544311523,0.00004649162292480469,0.0460033193230629,0,-0.04633167386054993,0.695655345916748,0.4599209725856781,0.492000013589859,0.492000013589859,-0.20437708497047424,6.7186384201049805,2,0
538,11.033417701721191,36.837303161621094,0.12885159254074097,37.393760681152344,37.26490783691406,28.793506622314453,-0.00004678964614868164,0.007446566596627235,0,0.12413616478443146,0.7140806913375854,0.7365127801895142,0.492000013589859,0.492000013589859,-0.20699945092201233,6.6693525314331055,2,0
585,12.760518074035645,38.51941680908203,0.12885159254074097,36.825775146484375,36.696922302246094,28.554346084594727,-0.00004678964614868164,0.007446566596627235,0,0.15721777081489563,0.7136895060539246,0.7900466918945312,0.492000013589859,0.492000013589859,-0.20699945092201233,6.6693525314331055,2,0
595,13.150681495666504,39.01907730102539,0.12885159254074097,50.803627014160156,50.674774169921875,28.554346084594727,-0.00004678964614868164,0.007446566596627235,0,0.39246493577957153,0.6863033175468445,1.171339750289917,0.492000013589859,0.492000013589859,-0.20699945092201233,6.6693525314331055,2,0
605,13.584796905517578,39.56322479248047,0.12885159254074097,48.28753662109375,48.15868377685547,33.60443115234375,-0.00004678964614868164,0.007446566596627235,0,0.605239748954773,0.5997219085693359,1.5306082963943481,0.492000013589859,0.492000013589859,-0.20699945092201233,6.678313255310059,2,0
615,13.967904090881348,39.98709487915039,0.12885159254074097,40.06127166748047,39.93241882324219,33.60443115234375,0.00001329183578491211,-0.019256314262747765,0,0.7709466218948364,0.46624332666397095,1.84195077419281,0.492000013589859,0.492000013589859,-0.19795098900794983,6.750002861022949,2,0
625,14.371872901916504,40.372230529785156,0.12885159254074097,36.08769226074219,35.958839416503906,33.60443115234375,0.000011920928955078125,-0.01753523014485836,0,0.8839245438575745,0.3111773133277893,2.0973081588745117,0.492000013589859,0.492000013589859,-0.19795098900794983,6.660391330718994,2,0
635,14.778361320495605,40.67290496826172,0.12885159254074097,26.002668380737305,25.873817443847656,32.46080780029297,0.000009655952453613281,-0.0020976290106773376,0,0.9567052721977234,0.15601833164691925,2.308898687362671,0.492000013589859,0.492000013589859,-0.21157194674015045,6.667111873626709,2,0
645,15.191919326782227,40.923336029052734,0.12885159254074097,22.217599868774414,22.088748931884766,32.46080780029297,0.000011801719665527344,-0.005621752701699734,0,1.0019694566726685,0.012103492394089699,2.489760160446167,0.492000013589859,0.492000013589859,-0.21157194674015045,6.702956676483154,2,0
692,17.10002899169922,41.86518859863281,0.12885159254074097,20.561262130737305,20.432411193847656,30.815439224243164,0.000011801719665527344,-0.005621752701699734,0,1.0086504220962524,-0.01471185963600874,2.5231542587280273,0.492000013589859,0.492000013589859,-0.21157194674015045,6.702956676483154,2,0
702,17.523351669311523,42.0163688659668,0.12885159254074097,12.446266174316406,12.317414283752441,31.685640335083008,0.000011801719665527344,-0.005621752701699734,0,1.044278860092163,-0.08339585363864899,2.6484878063201904,0.492000013589859,0.492000013589859,-0.21157194674015045,6.702956676483154,2,0
712,17.984249114990234,42.128395080566406,0.12885159254074097,8.734415054321289,8.605563163757324,31.685640335083008,0.000011801719665527344,-0.005621752701699734,0,1.0707093477249146,-0.15000712871551514,2.77071475982666,0.492000013589859,0.492000013589859,-0.21157194674015045,6.702956676483154,2,0
722,18.40273666381836,42.17573165893555,0.12885159254074097,3.151334762573242,3.0224831104278564,31.685640335083008,0.00008690357208251953,0.016059434041380882,0,1.0876734256744385,-0.21329845488071442,2.8919882774353027,0.492000013589859,0.492000013589859,-0.2141353189945221,6.664871692657471,2,0
732,18.8264102935791,42.19166946411133,0.12885159254074097,0.320526123046875,0.19167453050613403,36.45283508300781,0.00007605552673339844,-0.0007192748016677797,0,1.0942996740341187,-0.27385446429252625,3.014854907989502,0.492000013589859,0.492000013589859,-0.2141353189945221,6.77016544342041,2,0
742,19.249967575073242,42.170379638671875,0.12885159254074097,-2.6289219856262207,-2.7577736377716064,36.45283508300781,0.00013786554336547852,0.020246658474206924,0,1.0892726182937622,-0.33206436038017273,-3.1414036750793457,0.492000013589859,0,-0.2072797566652298,6.7522430419921875,3,0
752,19.682147979736328,42.1182861328125,0.12885159254074097,-5.4109368324279785,-5.539788246154785,36.45283508300781,0.00006878376007080078,-0.0014941375702619553,0,1.0721765756607056,-0.3847242593765259,-3.010161876678467,0.492000013589859,0,-0.2072797566652298,6.680553913116455,3,0
796,21.48455047607422,41.917667388916016,0.12885159254074097,-4.547976493835449,-4.676827907562256,50.248233795166016,0.00008118152618408203,-0.008341222070157528,0,1.0672653913497925,-0.39442145824432373,-2.9833321571350098,0.492000013589859,0,-0.2072797566652298,6.680553913116455,3,0
806,21.907060623168945,41.824058532714844,0.12885159254074097,-10.536828994750977,-10.665680885314941,50.248233795166016,0.00008118152618408203,-0.008341222070157528,0,0.9999822378158569,-0.48569294810295105,-2.797079563140869,0.4570593535900116,0,-0.2072797566652298,6.680553913116455,3,0
816,22.364370346069336,41.70619201660156,0.12885159254074097,-4.722702980041504,-4.8515543937683105,50.248233795166016,0.00008118152618408203,-0.008341222070157528,0,0.8933412432670593,-0.5963941812515259,-2.556759834289551,0.4751369059085846,0,-0.2072797566652298,6.680553913116455,3,0
875,22.655607223510742,41.69658660888672,0.12885159254074097,-11.168072700500488,-11.296924591064453,66.47753143310547,0.00008118152618408203,-0.008341222070157528,0,0.7639597058296204,-0.6922617554664612,-2.30656361579895,0.4648483991622925,0,-0.2072797566652298,6.680553913116455,3,0
928,22.788818359375,41.62138748168945,0.12885159254074097,-18.043922424316406,-18.172773361206055,56.4066162109375,0.00008118152618408203,-0.008341222070157528,0,0.7034586071968079,-0.7643853425979614,-2.1621809005737305,0.7217316627502441,0,-0.2072797566652298,6.680553913116455,3,0
981,24.893638610839844,41.65642166137695,0.12885159254074097,1.2991724014282227,1.170320749282837,45.54445266723633,0.00012671947479248047,-0.018123840913176537,0,0.6694539189338684,-0.7325936555862427,-2.0858237743377686,0.7217316627502441,0,-0.19347815215587616,6.736561298370361,3,0
1029,26.999937057495117,42.883270263671875,0.12885159254074097,24.938180923461914,24.809329986572266,49.186485290527344,0.0001666545867919922,-0.01216337364166975,0,0.5885031819343567,-0.7233622074127197,-1.9647166728973389,0.7217316627502441,0.7217316627502441,-0.21467092633247375,6.696235656738281,3,0
1038,27.422698974609375,43.2246208190918,0.12885159254074097,38.06388854980469,37.935035705566406,64.92127227783203,0.00018554925918579102,-0.015620441175997257,0,0.4274926781654358,-0.7408278584480286,-1.6971787214279175,0.7217316627502441,0.7217316627502441,-0.19857154786586761,6.734321117401123,3,0
1048,27.858081817626953,43.61486053466797,0.12885159254074097,37.903350830078125,37.774497985839844,64.92127227783203,0.00029850006103515625,0.022757500410079956,0,0.2438618689775467,-0.7386202812194824,-1.3983455896377563,0.7217316627502441,0.7217316627502441,-0.19857154786586761,6.714158058166504,3,0
1058,28.29738426208496,43.99366760253906,0.12885159254074097,37.843238830566406,37.714385986328125,64.92127227783203,0.0003171563148498535,0.0034530458506196737,0,0.04312507063150406,-0.7016505599021912,-1.0700008869171143,0.7217316627502441,0.7217316627502441,-0.19152647256851196,6.745522499084473,3,0
1068,28.741573333740234,44.37570571899414,0.12885159254074097,37.19490051269531,37.06604766845703,64.92127227783203,0.00023955106735229492,-0.01226768083870411,0,-0.14892828464508057,-0.6136017441749573,-0.7321568727493286,0.7217316627502441,0.7217316627502441,-0.19152647256851196,6.696235656738281,3,0
1078,29.188356399536133,44.7745475769043,0.12885159254074097,46.40290069580078,46.2740478515625,77.9439926147461,0.0002643465995788574,0.016834286972880363,0,-0.2966426610946655,-0.4704802334308624,-0.41250079870224,0.7217316627502441,0.7217316627502441,-0.19913825392723083,6.696235656738281,3,0
1088,29.642181396484375,45.27613830566406,0.12885159254074097,53.557159423828125,53.428306579589844,77.9439926147461,0.00018745660781860352,-0.05096599832177162,0,-0.38802170753479004,-0.28268373012542725,-0.09902732819318771,0.7217316627502441,0.7217316627502441,-0.19913825392723083,6.72760009765625,3,0
1135,31.804481506347656,47.670082092285156,0.12885159254074097,51.58052062988281,51.45166778564453,68.16588592529297,0.00018745660781860352,-0.05096599832177162,0,-0.39797234535217285,-0.24212992191314697,-0.038211651146411896,0.7217316627502441,0.7217316627502441,-0.19913825392723083,6.72760009765625,3,0
1145,32.27723693847656,48.11582565307617,0.12885159254074097,46.89607238769531,46.76721954345703,68.16588592529297,0.00021147727966308594,0.020626630634069443,0,-0.3810175061225891,-0.1343916356563568,0.035598646849393845,0.7217316627502441,0.7217316627502441,-0.20466433465480804,6.682794094085693,3,0
1155,32.761810302734375,48.61241912841797,0.12885159254074097,50.991920471191406,50.863067626953125,68.16588592529297,0.00025963783264160156,-0.0007043816731311381,0,-0.3568282127380371,-0.027991341426968575,0.085420623421669,0.7217316627502441,0.7217316627502441,-0.20466433465480804,6.763444423675537,3,0
1165,33.25192642211914,49.14112854003906,0.12885159254074097,53.75653839111328,53.627685546875,63.16529846191406,0.0003071427345275879,0.008541789837181568,0,-0.32929709553718567,0.08869601786136627,0.1432529240846634,0.7217316627502441,0.7217316627502441,-0.20253270864486694,6.716398239135742,3,0
1175,33.749000549316406,49.681182861328125,0.12885159254074097,53.36658477783203,53.23773193359375,63.16529846191406,0.00030165910720825195,0.007200684864073992,0,-0.29029127955436707,0.2191585898399353,0.23095999658107758,0.7217316627502441,0.7217316627502441,-0.20253270864486694,6.734321117401123,3,0
1185,34.250946044921875,50.20341873168945,0.12885159254074097,50.8995361328125,50.77068328857422,63.16529846191406,0.0002570152282714844,-0.014435801655054092,0,-0.22447215020656586,0.35805368423461914,0.36490315198898315,0.7217316627502441,0.7217316627502441,-0.1990276724100113,6.68727445602417,3,0
1195,34.75889587402344,50.69581604003906,0.12885159254074097,47.91099548339844,47.782142639160156,65.1485366821289,0.00022846460342407227,-0.019427692517638206,0,-0.1093495637178421,0.49198994040489197,0.5639623999595642,0.7217316627502441,0.7217316627502441,-0.1990276724100113,6.68727445602417,3,0
1241,37.11114501953125,52.82251739501953,0.12885159254074097,46.92509460449219,46.796241760253906,77.42821502685547,0.00022846460342407227,-0.019427692517638206,0,-0.07897511124610901,0.5160411596298218,0.6118717789649963,0.7217316627502441,0.7217316627502441,-0.1990276724100113,6.68727445602417,3,0
1250,37.64293670654297,52.96343994140625,0.12885159254074097,5.289499282836914,5.160647869110107,77.42821502685547,0.00022846460342407227,-0.019427692517638206,0,0.1002214103937149,0.5854494571685791,0.8557823300361633,0.7217316627502441,0.7217316627502441,-0.1990276724100113,6.68727445602417,3,0
1260,38.16835403442383,52.966712951660156,0.12885159254074097,-2.193401336669922,-2.3222529888153076,87.91802978515625,0.0002913475036621094,0.033531028777360916,0,0.25381243228912354,0.62186199426651,1.0479224920272827,0.7217316627502441,0,-0.18463632464408875,6.736561298370361,3,0
1270,38.699241638183594,52.90005111694336,0.12885159254074097,-7.38500452041626,-7.513855934143066,87.91802978515625,0.00012624263763427734,-0.027377471327781677,0,0.3588924705982208,0.6497101187705994,1.167479395866394,0.7217316627502441,0,-0.18463632464408875,6.709677219390869,3,0
1280,39.2390251159668,52.79127502441406,0.12885159254074097,-14.516035079956055,-14.64488697052002,87.91802978515625,0.0002644658088684082,0.027130980044603348,0,0.3981524109840393,0.6942318677902222,1.1987212896347046,0.6973084807395935,0,-0.18780285120010376,6.711917400360107,3,0
1290,39.768165588378906,52.635868072509766,0.12885159254074097,-14.658496856689453,-14.787348747253418,90.36457824707031,0.00026166439056396484,-0.0015612062998116016,0,0.3570999503135681,0.7613428831100464,1.135381817817688,0.685217022895813,0,-0.18780285120010376,6.682794094085693,3,0
1301,40.300594329833984,52.48973846435547,0.12885159254074097,-15.802486419677734,-15.9313383102417,90.36457824707031,0.00018775463104248047,-0.01619414985179901,0,0.23554502427577972,0.8343890309333801,0.9889408349990845,0.6509860157966614,0,-0.18779955804347992,6.707437038421631,3,0
1346,42.62135696411133,51.82585525512695,0.12885159254074097,-14.791513442993164,-14.920365333557129,79.03124237060547,0.00018775463104248047,-0.01619414985179901,0,0.2042245864868164,0.8473321795463562,0.9539316296577454,0.6483519673347473,0,-0.18779955804347992,6.707437038421631,3,0
1355,43.14134216308594,51.41887283325195,0.12885159254074097,-39.314613342285156,-39.44346618652344,73.44087982177734,0.00018775463104248047,-0.01619414985179901,0,0.26725831627845764,0.8399784564971924,1.1263819932937622,1.3191230297088623,0,-0.18779955804347992,6.707437038421631,3,0
1365,43.6505012512207,51.03599548339844,0.12885159254074097,-38.988216400146484,-39.117069244384766,73.44087982177734,0.0003198981285095215,0.004361999221146107,0,0.3557029366493225,0.814026415348053,1.339600920677185,1.8003818988800049,0,-0.1862085908651352,6.723118782043457,3,0
1375,44.161495208740234,50.650001525878906,0.12885159254074097,-36.39263916015625,-36.52149200439453,73.44087982177734,0.00031191110610961914,-0.001762373372912407,0,0.4551648497581482,0.7664132714271545,1.5773022174835205,2.1787338256835938,0,-0.1862085908651352,6.653670310974121,3,0
1385,44.66828155517578,50.29563903808594,0.12885159254074097,-34.773536682128906,-34.90238952636719,71.49874877929688,0.0002626180648803711,-0.018205804750323296,0,0.5533674359321594,0.6940397024154663,1.8275121450424194,2.3976433277130127,0,-0.1718229055404663,6.7388014793396,3,0
1395,45.16996765136719,49.95600128173828,0.12885159254074097,-32.59992980957031,-32.728782653808594,71.49874877929688,0.00025093555450439453,-0.0059421490877866745,0,0.6380088329315186,0.5977743268013,2.0782172679901123,2.5373377799987793,0,-0.1718229055404663,6.745522499084473,3,0
1405,45.67844009399414,49.62828063964844,0.12885159254074097,-31.578617095947266,-31.707468032836914,71.49874877929688,0.00029468536376953125,0.01208080630749464,0,0.7025089263916016,0.4801008403301239,2.324193239212036,2.602785587310791,0,-0.19254623353481293,6.691755294799805,3,0
1452,47.94098663330078,48.184120178222656,0.12885159254074097,-31.087467193603516,-31.216318130493164,74.23323059082031,0.00029468536376953125,0.01208080630749464,0,0.7124763131141663,0.45439469814300537,2.372492551803589,2.6175405979156494,0,-0.19254623353481293,6.691755294799805,3,0
1463,48.424251556396484,47.875328063964844,0.12885159254074097,-30.154983520507812,-30.28383445739746,74.23323059082031,0.00029468536376953125,0.01208080630749464,0,0.7919077277183533,0.2876259386539459,2.6518325805664062,2.6691575050354004,0,-0.19254623353481293,6.691755294799805,3,0
1473,48.93851852416992,47.56574630737305,0.12885159254074097,-28.165353775024414,-28.294204711914062,74.23323059082031,0.00032252073287963867,0.003602038137614727,0,0.8299412131309509,0.09053123742341995,2.9236176013946533,2.6544909477233887,0,-0.19254623353481293,6.691755294799805,3,0
1483,49.41580581665039,47.28353500366211,0.12885159254074097,-28.689455032348633,-28.81830596923828,80.10954284667969,0.0003037452697753906,0.0068877446465194225,0,0.823097288608551,-0.12447656691074371,-3.0803141593933105,2.6310646533966064,0,-0.1884259283542633,6.673832893371582,3,0
1493,49.887508392333984,46.947608947753906,0.12885159254074097,-37.77997589111328,-37.90882873535156,80.10954284667969,0.0002333521842956543,-0.01574712246656418,0,0.7644426226615906,-0.3308335542678833,-2.7836508750915527,2.8044943809509277,0,-0.17479640245437622,6.7186384201049805,3,0
1503,50.35631561279297,46.5617561340332,0.12885159254074097,-38.15548324584961,-38.28433609008789,80.10954284667969,0.0002887248992919922,0.01095576025545597,0,0.6454821228981018,-0.5106613039970398,-2.447779417037964,3.104384183883667,0,-0.17479640245437622,6.700716018676758,3,0
1513,50.830928802490234,46.201358795166016,0.12885159254074097,-35.46732711791992,-35.5961799621582,78.63822937011719,0.00023347139358520508,-0.0023360769264400005,0,0.46207699179649353,-0.6477494239807129,-2.056924343109131,3.2413012981414795,0,-0.15605586767196655,6.736561298370361,3,0
1556,52.751930236816406,44.64754867553711,0.12885159254074097,-36.61296844482422,-36.7418212890625,74.93826293945312,0.00019443035125732422,-0.01592593640089035,0,0.41778528690338135,-0.6683366894721985,-1.9716408252716064,3.2915477752685547,0,-0.15605586767196655,6.736561298370361,3,0
1566,53.199893951416016,44.30329132080078,0.12885159254074097,-34.571075439453125,-34.699928283691406,74.93826293945312,0.00019443035125732422,-0.01592593640089035,0,0.18601836264133453,-0.7798207998275757,-1.5278501510620117,3.4255495071411133,0,-0.15605586767196655,6.736561298370361,3,0
1577,53.68366622924805,43.87590026855469,0.12885159254074097,-41.45459747314453,-41.58345031738281,76.0737075805664,0.00019443035125732422,-0.01592593640089035,0,-0.1124197319149971,-0.8135222792625427,-1.0274947881698608,3.725187063217163,0,-0.15605586767196655,6.736561298370361,3,0
1586,54.13095474243164,43.422603607177734,0.12885159254074097,-44.298248291015625,-44.427101135253906,76.0737075805664,0.00012344121932983398,0.014219114556908607,0,-0.40544965863227844,-0.756591796875,-0.5355768203735352,4.171095848083496,0,-0.16472475230693817,6.711917400360107,3,0
1596,54.56393814086914,42.97589111328125,0.12885159254074097,-44.5765380859375,-44.70539093017578,76.0737075805664,0.00011098384857177734,0.031325649470090866,0,-0.6301800608634949,-0.6243038177490234,-0.10969284921884537,4.5552592277526855,0,-0.16472475230693817,6.723118782043457,3,0
1606,54.992610931396484,42.50133514404297,0.12885159254074097,-49.522071838378906,-49.65092468261719,78.31355285644531,0.0001150369644165039,0.0010986452689394355,0,-0.7754510045051575,-0.44247138500213623,0.24461980164051056,4.993863582611084,0,-0.151851087808609,6.68727445602417,3,0
1617,55.42591857910156,42.0054931640625,0.12885159254074097,-45.67186737060547,-45.80072021484375,78.31355285644531,0.00010472536087036133,0.003914964850991964,0,-0.854659914970398,-0.23191756010055542,0.5484951138496399,5.396385192871094,0,-0.151851087808609,6.68727445602417,3,0
1667,57.453887939453125,39.86392593383789,0.12885159254074097,-43.08265686035156,-43.211509704589844,80.52691650390625,0.00007426738739013672,0.004838835913687944,0,-0.8715934157371521,-0.14293475449085236,0.6612840294837952,5.487631797790527,0,-0.16458362340927124,6.680553913116455,3,0
1677,57.852638244628906,39.43782424926758,0.12885159254074097,-43.090110778808594,-43.218963623046875,80.52691650390625,0.00007426738739013672,0.004838835913687944,0,-0.914385199546814,-0.010908911935985088,0.8178228139877319,5.724964618682861,0,-0.16458362340927124,6.680553913116455,3,0
1687,58.28391647338867,38.96445083618164,0.12885159254074097,-44.01268005371094,-44.14153289794922,80.52691650390625,0.00007426738739013672,0.004838835913687944,0,-0.9369857311248779,0.11945617198944092,0.9604576230049133,5.975895881652832,0,-0.16458362340927124,6.680553913116455,3,0
1698,58.69384765625,38.4946403503418,0.12885159254074097,-44.955963134765625,-45.084815979003906,81.82096862792969,0.00018781423568725586,0.020365839824080467,0,-0.9393593072891235,0.26193344593048096,1.1075406074523926,6.271444797515869,0,-0.1672818809747696,6.696235656738281,3,0
1708,59.0771369934082,38.04281997680664,0.12885159254074097,-44.91522979736328,-45.04408264160156,81.82096862792969,0.00016313791275024414,0.007312422152608633,0,-0.9116660952568054,0.4335823953151703,1.2840051651000977,6.57065486907959,0,-0.1672818809747696,6.700716018676758,3,0
1718,59.47054672241211,37.55143737792969,0.12885159254074097,-46.83671569824219,-46.96556854248047,81.82096862792969,0.00009417533874511719,-0.01838463358581066,0,-0.8251392841339111,0.6390112638473511,1.523410677909851,6.9595417976379395,0,-0.14370174705982208,6.711917400360107,3,0
1762,61.037227630615234,35.606624603271484,0.12885159254074097,-45.278846740722656,-45.40769958496094,81.14189147949219,0.00009417533874511719,-0.01838463358581066,0,-0.7969748973846436,0.6811630129814148,1.5816305875778198,7.052779674530029,0,-0.14370174705982208,6.711917400360107,3,0
1772,61.39562225341797,35.428672790527344,0.12885159254074097,-19.03640365600586,-19.165254592895508,81.14189147949219,0.00009417533874511719,-0.01838463358581066,0,-0.643089771270752,0.869175136089325,1.8592251539230347,5.901914596557617,0,-0.14370174705982208,6.711917400360107,3,0
1782,61.78333282470703,35.22782897949219,0.12885159254074097,-16.92906951904297,-17.057920455932617,81.14189147949219,0.00009417533874511719,-0.01838463358581066,0,-0.3996325433254242,1.007333755493164,2.210301399230957,5.047625541687012,0,-0.14370174705982208,6.711917400360107,3,0
1837,63.67259979248047,34.3277702331543,0.12885159254074097,-16.410219192504883,-16.53907012939453,79.0005111694336,0.00009417533874511719,-0.01838463358581066,0,-0.048305392265319824,1.0821011066436768,2.6607415676116943,4.305020809173584,0,-0.14370174705982208,6.711917400360107,3,0
1884,65.26713562011719,33.627220153808594,0.12885159254074097,-14.803897857666016,-14.93274974822998,81.1926498413086,0.00007873773574829102,-0.00016796264389995486,0,0.17903243005275726,1.099929928779602,2.9299068450927734,3.8876872062683105,0,-0.1706695705652237,6.743281841278076,3,0
1893,65.59563446044922,33.489097595214844,0.12885159254074097,-14.089361190795898,-14.218213081359863,81.1926498413086,0.00010657310485839844,0.018413783982396126,0,0.5315914154052734,1.0742052793502808,-2.9568283557891846,3.280198574066162,0,-0.17681509256362915,6.745522499084473,3,0
1903,65.93159484863281,33.33833312988281,0.12885159254074097,-15.692562103271484,-15.82141399383545,81.1926498413086,0.00008803606033325195,0.00034612539457157254,0,0.8091989159584045,0.993680477142334,-2.637944459915161,2.871180772781372,0,-0.17681509256362915,6.763444423675537,3,0
1913,66.2647933959961,33.17478942871094,0.12885159254074097,-16.551225662231445,-16.680076599121094,81.1926498413086,0.00007230043411254883,0.004309829790145159,0,1.0001994371414185,0.8794955611228943,-2.407090663909912,2.6418612003326416,0,-0.16225726902484894,6.667111873626709,3,0
1923,66.596435546875,32.99866485595703,0.12885159254074097,-17.90625,-18.03510093688965,82.548095703125,0.00011026859283447266,0.004101214464753866,0,1.1271268129348755,0.7473934888839722,-2.2406206130981445,2.5512571334838867,0,-0.16225726902484894,6.72760009765625,3,0
1933,66.92623901367188,32.81069564819336,0.12885159254074097,-18.868534088134766,-18.997385025024414,82.548095703125,0.00009244680404663086,0.003311453154310584,0,1.21189546585083,0.6057857275009155,-2.115312337875366,2.5638957023620605,0,-0.15076875686645508,6.664871692657471,3,0
1944,67.26451110839844,32.60476303100586,0.12885159254074097,-20.255619049072266,-20.384469985961914,82.548095703125,0.00011235475540161133,0.006261881906539202,0,1.2689416408538818,0.4580979645252228,-2.0157558917999268,2.6610164642333984,0,-0.15076875686645508,6.716398239135742,3,0
1990,68.71824645996094,31.681476593017578,0.12885159254074097,-20.28565788269043,-20.414508819580078,84.71406555175781,0.00011235475540161133,0.006261881906539202,0,1.2778443098068237,0.42794790863990784,-1.9979958534240723,2.694025993347168,0,-0.15076875686645508,6.716398239135742,3,0
1999,69.02989959716797,31.529138565063477,0.12885159254074097,-15.237974166870117,-15.366826057434082,84.71406555175781,0.00012093782424926758,0.007282611448317766,0,1.3117085695266724,0.25503450632095337,-1.9179812669754028,2.485830783843994,0,-0.14628475904464722,6.700716018676758,3,0
2009,69.3462905883789,31.37107276916504,0.12885159254074097,-15.319293022155762,-15.448144912719727,84.71406555175781,0.00012826919555664062,0.020954426378011703,0,1.3314799070358276,0.07800126820802689,-1.847051739692688,2.3484480381011963,0,-0.14628475904464722,6.646949768066406,3,0
2019,69.65987396240234,31.21240234375,0.12885159254074097,-16.503192901611328,-16.632043838500977,83.63446044921875,0.0000407099723815918,-0.01150775607675314,0,1.340023159980774,-0.09963542222976685,-1.780015468597412,2.258005380630493,0,-0.17939038574695587,6.716398239135742,3,0
2029,69.97178649902344,31.04544448852539,0.12885159254074097,-16.367338180541992,-16.49618911743164,83.63446044921875,0.00006300210952758789,0.006999485660344362,0,1.3382785320281982,-0.2756372392177582,-1.711164951324463,2.250077486038208,0,-0.17939038574695587,6.646949768066406,3,0
2039,70.28206634521484,30.878150939941406,0.12885159254074097,-17.454208374023438,-17.583059310913086,83.63446044921875,0.00008434057235717773,-0.002760774688795209,0,1.3258482217788696,-0.4499266743659973,-1.6367629766464233,2.255178451538086,0,-0.14722134172916412,6.736561298370361,3,0
2049,70.5940170288086,30.693016052246094,0.12885159254074097,-17.793209075927734,-17.922060012817383,83.3427963256836,0.0000731348991394043,-0.009779222309589386,0,1.2990045547485352,-0.6226557493209839,-1.5522667169570923,2.38151478767395,0,-0.14722134172916412,6.709677219390869,3,0
2095,71.97727966308594,29.87428092956543,0.12885159254074097,-17.79558753967285,-17.9244384765625,83.47917938232422,0.0000731348991394043,-0.009779222309589386,0,1.29142427444458,-0.6568304896354675,-1.53353750705719,2.4053585529327393,0,-0.14722134172916412,6.709677219390869,3,0
2107,72.33332824707031,29.666107177734375,0.12885159254074097,-17.807945251464844,-17.936796188354492,84.12517547607422,0.00008040666580200195,0.0006962909246794879,0,1.252994179725647,-0.8457674980163574,-1.4277011156082153,2.4870128631591797,0,-0.15115807950496674,6.702956676483154,3,0
2117,72.62934112548828,29.482545852661133,0.12885159254074097,-18.499679565429688,-18.628530502319336,84.12517547607422,0.0000718235969543457,-0.0077973706647753716,0,1.1917868852615356,-0.9971082806587219,-1.3147958517074585,2.619793176651001,0,-0.15115807950496674,6.682794094085693,3,0
2127,72.92401123046875,29.29227066040039,0.12885159254074097,-19.049015045166016,-19.177865982055664,84.12517547607422,0.00005131959915161133,-0.010636042803525925,0,1.0788031816482544,-1.140264868736267,-1.1533299684524536,2.784313917160034,0,-0.18677623569965363,6.750002861022949,3,0
2137,73.21669006347656,29.09764862060547,0.12885159254074097,-19.27906608581543,-19.407917022705078,84.93403625488281,0.00010073184967041016,0.001009216415695846,0,0.8531904816627502,-1.2676118612289429,-0.8817837238311768,2.957073450088501,0,-0.18677623569965363,6.702956676483154,3,0
2147,73.50820922851562,28.900205612182617,0.12885159254074097,-19.543567657470703,-19.67241859436035,84.93403625488281,0.00008749961853027344,0.005978750064969063,0,0.3789047300815582,-1.355666160583496,-0.3635410666465759,3.1217148303985596,0,-0.17691002786159515,6.700716018676758,3,0
2157,73.80083465576172,28.69748306274414,0.12885159254074097,-19.75411605834961,-19.882966995239258,84.93403625488281,0.00009381771087646484,-0.0006746189319528639,0,-0.31522083282470703,-1.35560142993927,0.3728119730949402,3.2852323055267334,0,-0.17691002786159515,6.72760009765625,3,0
2202,75.04981994628906,27.817564010620117,0.12885159254074097,-19.778820037841797,-19.907670974731445,86.9688949584961,0.00009381771087646484,-0.0006746189319528639,0,-0.4347897171974182,-1.3436154127120972,0.5006710290908813,3.326075553894043,0,-0.17691002786159515,6.72760009765625,3,0
2212,75.32868957519531,27.6013126373291,0.12885159254074097,-21.170284271240234,-21.299135208129883,86.9688949584961,0.00009381771087646484,-0.0006746189319528639,0,-0.8223573565483093,-1.2538902759552002,0.9241292476654053,3.6564738750457764,0,-0.17691002786159515,6.72760009765625,3,0
2222,75.62025451660156,27.378602981567383,0.12885159254074097,-20.834453582763672,-20.96330451965332,86.9688949584961,0.0001131296157836914,0.014703379943966866,0,-1.0081301927566528,-1.1396653652191162,1.1454033851623535,3.882941246032715,0,-0.13463900983333588,6.723118782043457,3,0
2232,75.89451599121094,27.17104148864746,0.12885159254074097,-20.097187042236328,-20.226037979125977,87.80443572998047,0.0000776052474975586,-0.002030624309554696,0,-1.1025925874710083,-1.0189253091812134,1.2754805088043213,4.039577484130859,0,-0.13463900983333588,6.765684604644775,3,0
2242,76.16508483886719,26.9741268157959,0.12885159254074097,-19.33741569519043,-19.466266632080078,87.80443572998047,0.00008004903793334961,0.010262833908200264,0,-1.1528949737548828,-0.8980610966682434,1.3618075847625732,4.085426330566406,0,-0.1440075784921646,6.702956676483154,3,0
2252,76.43550109863281,26.784791946411133,0.12885159254074097,-18.281436920166016,-18.410287857055664,87.80443572998047,0.00007408857345581055,0.0011954763904213905,0,-1.1799015998840332,-0.778805136680603,1.4257773160934448,4.048104763031006,0,-0.1440075784921646,6.68727445602417,3,0
2262,76.7072525024414,26.606094360351562,0.12885159254074097,-16.915180206298828,-17.044031143188477,88.54045104980469,0.00001728534698486328,-0.010390175506472588,0,-1.1924803256988525,-0.662689208984375,1.476571798324585,3.9024598598480225,0,-0.14325354993343353,6.729840278625488,3,0
2307,77.87992858886719,25.86022186279297,0.12885159254074097,-16.55660629272461,-16.685457229614258,89.08785247802734,0.00001728534698486328,-0.010390175506472588,0,-1.1937867403030396,-0.6398615837097168,1.4856845140457153,3.868957757949829,0,-0.14325354993343353,6.729840278625488,3,0
2318,78.13964080810547,25.716548919677734,0.12885159254074097,-14.222952842712402,-14.351804733276367,89.08785247802734,0.00001728534698486328,-0.010390175506472588,0,-1.1890562772750854,-0.5448448061943054,1.5189625024795532,3.469939947128296,0,-0.14325354993343353,6.729840278625488,3,0
2328,78.41019439697266,25.570613861083984,0.12885159254074097,-12.816583633422852,-12.945435523986816,89.53612518310547,0.00004976987838745117,0.002901658182963729,0,-1.1802092790603638,-0.4529934823513031,1.5496244430541992,3.1109538078308105,0,-0.1555333286523819,6.734321117401123,3,0
2338,78.66576385498047,25.444671630859375,0.12885159254074097,-12.457366943359375,-12.58621883392334,89.53612518310547,0.00007224082946777344,0.00322203291580081,0,-1.1682239770889282,-0.36381763219833374,1.5788260698318481,2.709628105163574,0,-0.1555333286523819,6.736561298370361,3,0
2348,78.92037200927734,25.326814651489258,0.12885159254074097,-11.00865364074707,-11.137505531311035,89.53612518310547,0.000035643577575683594,-0.014838175848126411,0,-1.1537052392959595,-0.27697598934173584,1.6073838472366333,2.306882619857788,0,-0.16380774974822998,6.720878601074219,3,0
2358,79.17489624023438,25.216211318969727,0.12885159254074097,-10.556032180786133,-10.684884071350098,90.14299774169922,0.00007265806198120117,-0.00285019027069211,0,-1.1371017694473267,-0.19207164645195007,1.6359063386917114,1.914579153060913,0,-0.16380774974822998,6.750002861022949,3,0
2368,79.42886352539062,25.114397048950195,0.12885159254074097,-9.657641410827637,-9.786493301391602,90.14299774169922,0.00007337331771850586,-0.00002641696664795745,0,-1.118464469909668,-0.1088983416557312,1.6648460626602173,1.5898388624191284,0,-0.15781423449516296,6.732080459594727,3,0
2413,80.5404281616211,24.682470321655273,0.12885159254074097,-9.546077728271484,-9.67492961883545,90.83338165283203,0.00007337331771850586,-0.00002641696664795745,0,-1.1145095825195312,-0.09244745969772339,1.6707286834716797,1.5898388624191284,0,-0.15781423449516296,6.732080459594727,3,0
2423,80.78826904296875,24.59543800354004,0.12885159254074097,-8.367626190185547,-8.496478080749512,91.6834487915039,0.00007337331771850586,-0.00002641696664795745,0,-1.0960649251937866,-0.009954340755939484,1.7004655599594116,1.5898388624191284,0,-0.15781423449516296,6.732080459594727,3,0
2433,81.0570068359375,24.507205963134766,0.12885159254074097,-7.81595516204834,-7.9448065757751465,91.6834487915039,0.00007337331771850586,-0.00002641696664795745,0,-1.075818419456482,0.07267710566520691,1.731955647468567,1.5898388624191284,0,-0.15781423449516296,6.732080459594727,3,0
2443,81.2997817993164,24.430700302124023,0.12885159254074097,-7.317346572875977,-7.446197986602783,91.6834487915039,0.0000947117805480957,0.006351284682750702,0,-1.053378939628601,0.1555323749780655,1.7656865119934082,1.5898388624191284,0,-0.17153720557689667,6.702956676483154,3,0
2453,82.29740142822266,25.10799789428711,0.0788515955209732,-7.141886234283447,-7.220737934112549,92.37796020507812,0.00009173154830932617,-0.0012706584529951215,0,-1.0283321142196655,0.23844660818576813,1.8020695447921753,1.5898388624191284,0,-0.17153720557689667,6.680553913116455,3,0
2464,82.54925537109375,25.03790855407715,0.0788515955209732,-6.600919723510742,-6.679771423339844,92.37796020507812,0.00007295608520507812,-0.0005479538813233376,0,-1.0000388622283936,0.3212922513484955,1.84171462059021,1.5898388624191284,0,-0.14493033289909363,6.667111873626709,3,0
2473,82.80189514160156,24.97039031982422,0.0788515955209732,-6.486638069152832,-6.565489768981934,92.37796020507812,0.00006669759750366211,-0.015098940581083298,0,-0.9677785634994507,0.4035782814025879,1.885263204574585,1.5898388624191284,0,-0.14493033289909363,6.732080459594727,3,0
2519,84.6624755859375,25.42545509338379,0.028851596638560295,-6.513363361358643,-6.592215061187744,93.8233871459961,0.00006669759750366211,-0.015098940581083298,0,-0.9607744216918945,0.41996005177497864,1.894534945487976,1.5898388624191284,0,-0.14493033289909363,6.732080459594727,3,0
2528,84.91886138916016,25.358442306518555,0.028851596638560295,-6.558209419250488,-6.587060928344727,93.8233871459961,0.00006669759750366211,-0.015098940581083298,0,-0.9239152073860168,0.5027008652687073,1.9440103769302368,1.5898388624191284,0,-0.14493033289909363,6.732080459594727,3,0
2539,85.1973648071289,25.28474235534668,0.028851596638560295,-6.547041893005371,-6.575893402099609,93.8233871459961,0.00006669759750366211,-0.015098940581083298,0,-0.8806208968162537,0.5837372541427612,1.999445915222168,1.5898388624191284,0,-0.14493033289909363,6.732080459594727,3,0
2549,86.20256805419922,25.969425201416016,-0.021148402243852615,-6.626148700714111,-6.6050004959106445,94.41597747802734,0.00009018182754516602,0.00606070552021265,0,-0.8294813632965088,0.6624341607093811,2.0622215270996094,1.5898388624191284,0,-0.15506601333618164,6.7186384201049805,3,0
2559,86.46319580078125,25.90279197692871,-0.021148402243852615,-6.634406089782715,-6.613257884979248,94.41597747802734,0.00013148784637451172,0.021528111770749092,0,-0.7687327861785889,0.737949788570404,2.134126663208008,1.5898388624191284,0,-0.15506601333618164,6.741041660308838,3,0
2569,86.72250366210938,25.836305618286133,-0.021148402243852615,-6.663503646850586,-6.642355442047119,94.41597747802734,0.0001398921012878418,0.01658092625439167,0,-0.6961442828178406,0.8093634247779846,2.2174582481384277,1.5898388624191284,0,-0.1486174464225769,6.732080459594727,3,0
2617,88.69300842285156,26.264263153076172,-0.07114840298891068,-6.801536560058594,-6.780388355255127,95.56417846679688,0.0001398921012878418,0.01658092625439167,0,-0.6459077596664429,0.8497357964515686,2.273963212966919,1.5898388624191284,0,-0.1486174464225769,6.732080459594727,3,0
2670,90.8180923461914,26.634321212768555,-0.12114840745925903,-7.278960704803467,-7.207812309265137,96.86939239501953,0.0001526474952697754,0.022161411121487617,0,-0.5510132908821106,0.9102985858917236,2.3791584968566895,1.5898388624191284,0,-0.1435079425573349,6.689514636993408,3,0
2681,91.08609771728516,26.557296752929688,-0.12114840745925903,-7.69842529296875,-7.577276706695557,96.86939239501953,0.0001526474952697754,0.022161411121487617,0,-0.4395923316478729,0.9617655873298645,2.502711057662964,1.5898388624191284,0,-0.1435079425573349,6.689514636993408,3,0
2691,91.37773895263672,26.471471786499023,-0.12114840745925903,-8.147119522094727,-8.025971412658691,96.86939239501953,0.0001526474952697754,0.022161411121487617,0,-0.3093341290950775,1.0037988424301147,2.645566701889038,1.5898388624191284,0,-0.1435079425573349,6.689514636993408,3,0
2701,92.3785171508789,27.146509170532227,-0.1711484044790268,-8.011727333068848,-7.890578746795654,97.53012084960938,0.0001526474952697754,0.022161411121487617,0,-0.19227059185504913,1.029099702835083,2.773019790649414,1.5898388624191284,0,-0.1435079425573349,6.689514636993408,3,0
2750,94.42837524414062,27.291898727416992,-0.22114840149879456,-8.266707420349121,-8.095559120178223,98.18083190917969,0.00007772445678710938,-0.008646737784147263,0,-0.09821390360593796,1.0425289869308472,2.8750855922698975,1.5898388624191284,0,-0.13985441625118256,6.72760009765625,3,0
2759,94.70326232910156,27.211196899414062,-0.22114840149879456,-8.203588485717773,-7.982439994812012,98.18083190917969,0.00007772445678710938,-0.008646737784147263,0,0.06491575390100479,1.0530352592468262,3.0547711849212646,1.5898388624191284,0,-0.13985441625118256,6.72760009765625,3,0
2769,95.75008392333984,27.284029006958008,-0.2711484134197235,-8.4810791015625,-8.209930419921875,98.75122833251953,0.00007772445678710938,-0.008646737784147263,0,0.22951579093933105,1.048795223236084,-3.046736478805542,1.5898388624191284,0,-0.13985441625118256,6.72760009765625,3,0
2827,98.76555633544922,26.933279037475586,-0.3711484372615814,-8.692837715148926,-8.371688842773438,99.96031951904297,0.00007772445678710938,-0.008646737784147263,0,0.3866128921508789,1.030258297920227,-2.8719427585601807,1.5898388624191284,0,-0.13985441625118256,6.72760009765625,3,0
2876,100.20962524414062,26.5246639251709,-0.3912718594074249,-8.69824504852295,-8.327096939086914,100.40770721435547,0.00006127357482910156,-0.006977809593081474,0,0.47215208411216736,1.014074683189392,-2.7750110626220703,1.5898388624191284,0,-0.12043580412864685,6.702956676483154,3,0
2885,100.47055053710938,26.43821907043457,-0.3912718594074249,-9.206075668334961,-8.814804077148438,100.40770721435547,0.00007194280624389648,-0.013385304249823093,0,0.5979932546615601,0.9812631011009216,-2.6307499408721924,1.5898388624191284,0,-0.1394316405057907,6.682794094085693,3,0
2895,100.82103729248047,26.35826301574707,-0.4095996618270874,-9.58914852142334,-9.179549217224121,100.9195327758789,0.0000889897346496582,0.004578046500682831,0,0.7072604298591614,0.9401857852935791,-2.5031840801239014,1.5898388624191284,0,-0.1394316405057907,6.754483222961426,3,0
2906,101.08557891845703,26.26498031616211,-0.4095996618270874,-9.752873420715332,-9.343274116516113,100.9195327758789,0.0000654458999633789,-0.00510771106928587,0,0.8005793690681458,0.8925820589065552,-2.3916029930114746,1.5898388624191284,0,-0.14320558309555054,6.714158058166504,3,0
2915,101.34830474853516,26.169946670532227,-0.4095996618270874,-10.02107048034668,-9.611471176147461,100.9195327758789,0.00007283687591552734,-0.0007640223484486341,0,0.8795729875564575,0.8399576544761658,-2.2942843437194824,1.5898388624191284,0,-0.14320558309555054,6.682794094085693,3,0
2926,101.62794494628906,26.074298858642578,-0.41386666893959045,-10.31502628326416,-9.901159286499023,101.54069519042969,0.00007891654968261719,0.00007789218216203153,0,0.9461885690689087,0.783587634563446,-2.209240674972534,1.3021442890167236,0,-0.13603931665420532,6.707437038421631,3,0
2936,101.89691162109375,25.9704532623291,-0.41386666893959045,-10.730422019958496,-10.31655502319336,101.54069519042969,0.00008273124694824219,0.009517778642475605,0,1.002363920211792,0.7244371175765991,-2.1344759464263916,1.0347691774368286,0,-0.13603931665420532,6.693995475769043,3,0
2981,102.88494873046875,25.458507537841797,-0.36747515201568604,-10.831932067871094,-10.418065071105957,102.16985321044922,0.00008273124694824219,0.009517778642475605,0,1.0124917030334473,0.7123457193374634,-2.1205992698669434,0.99785315990448,0,-0.13603931665420532,6.693995475769043,3,0
2990,103.13033294677734,25.35097312927246,-0.3655438721179962,-11.237088203430176,-10.871543884277344,102.89481353759766,0.0000750422477722168,0.0037808334454894066,0,1.056544542312622,0.6524813175201416,-2.0577030181884766,0.8657482862472534,0,-0.12028481811285019,6.689514636993408,3,0
3000,103.38428497314453,25.2421932220459,-0.3655438721179962,-11.174595832824707,-10.809051513671875,102.89481353759766,0.00007349252700805664,0.0017542747082188725,0,1.0937188863754272,0.5910729765892029,-2.001098155975342,0.7838996052742004,0,-0.12028481811285019,6.693995475769043,3,0
3010,103.63658142089844,25.130889892578125,-0.3655438721179962,-11.6054048538208,-11.239860534667969,102.89481353759766,0.000038683414459228516,-0.012781808152794838,0,1.1250648498535156,0.528474748134613,-1.949607253074646,0.7538342475891113,0,-0.14626184105873108,6.655910491943359,3,0
3020,103.8458251953125,24.99893569946289,-0.3502563536167145,-11.547857284545898,-11.197601318359375,103.41586303710938,0.00007402896881103516,0.014077536761760712,0,1.1514674425125122,0.4650249183177948,-1.9022575616836548,0.7402308583259583,0,-0.14626184105873108,6.7388014793396,3,0
3030,104.0958480834961,24.884017944335938,-0.3502563536167145,-11.923134803771973,-11.57287883758545,103.41586303710938,0.00007349252700805664,0.00048022810369729996,0,1.1735193729400635,0.40111008286476135,-1.8583914041519165,0.7634754776954651,0,-0.12051801383495331,6.678313255310059,3,0
3040,104.35118865966797,24.76630973815918,-0.3502563536167145,-11.810738563537598,-11.460482597351074,103.41586303710938,0.000019252300262451172,-0.012215562164783478,0,1.1917619705200195,0.33675524592399597,-1.817337989807129,0.7786536812782288,0,-0.12051801383495331,6.709677219390869,3,0
3088,105.36749267578125,24.133100509643555,-0.3002563416957855,-11.835561752319336,-11.485305786132812,104.45901489257812,0.00003337860107421875,-0.013705676421523094,0,1.1949917078018188,0.3238447904586792,-1.8094079494476318,0.7850091457366943,0,-0.12051801383495331,6.709677219390869,3,0
3097,105.6114273071289,24.018360137939453,-0.3002563416957855,-11.783476829528809,-11.483220100402832,104.45901489257812,0.00003337860107421875,-0.013705676421523094,0,1.2086741924285889,0.26174330711364746,-1.7720564603805542,0.7945285439491272,0,-0.12051801383495331,6.709677219390869,3,0
3107,105.84745788574219,23.90541648864746,-0.3002563416957855,-11.61834716796875,-11.318090438842773,104.45901489257812,0.0001487135887145996,0.02534281462430954,0,1.219688892364502,0.19976946711540222,-1.7363431453704834,0.819675624370575,0,-0.1331520676612854,6.680553913116455,3,0
3117,105.9763412475586,23.701465606689453,-0.25025632977485657,-11.882713317871094,-11.63245677947998,104.94346618652344,0.00011110305786132812,0.01578371599316597,0,1.2283059358596802,0.1380130499601364,-1.701890230178833,0.842497706413269,0,-0.1331520676612854,6.689514636993408,3,0
3127,106.21324157714844,23.585012435913086,-0.25025632977485657,-11.787818908691406,-11.537562370300293,104.94346618652344,0.000048220157623291016,-0.012394381687045097,0,1.2347052097320557,0.0766478180885315,-1.6684037446975708,0.8826345801353455,0,-0.13705453276634216,6.709677219390869,3,0
3137,106.44920349121094,23.469587326049805,-0.25025632977485657,-11.774699211120605,-11.524442672729492,104.94346618652344,0.00008016824722290039,-0.0037666060961782932,0,1.2390533685684204,0.01572030410170555,-1.635658860206604,0.9018620848655701,0,-0.13705453276634216,6.734321117401123,3,0
3147,106.56531524658203,23.239070892333984,-0.2002563327550888,-11.855104446411133,-11.654848098754883,105.39105224609375,0.00008028745651245117,-0.005532394163310528,0,1.241411805152893,-0.04462066665291786,-1.6034135818481445,0.947773277759552,0,-0.1262291669845581,6.700716018676758,3,0
3190,107.35362243652344,22.5405216217041,-0.15025633573532104,-11.789660453796387,-11.589404106140137,105.7956314086914,0.00008028745651245117,-0.005532394163310528,0,1.2416549921035767,-0.05663082003593445,-1.5969913005828857,0.9555177092552185,0,-0.1262291669845581,6.700716018676758,3,0
3201,107.5801010131836,22.424108505249023,-0.15025633573532104,-11.721941947937012,-11.571685791015625,105.7956314086914,0.00008028745651245117,-0.005532394163310528,0,1.2423936128616333,-0.11315831542015076,-1.5664674043655396,0.9858314990997314,0,-0.1262291669845581,6.700716018676758,3,0
3210,107.68241882324219,22.146623611450195,-0.10025633126497269,-11.712481498718262,-11.612225532531738,106.2713394165039,0.00006967782974243164,0.008884469978511333,0,1.2415549755096436,-0.16896098852157593,-1.5360898971557617,1.01829195022583,0,-0.12783899903297424,6.646949768066406,3,0
3220,107.90360260009766,22.02947998046875,-0.10025633126497269,-11.804008483886719,-11.703752517700195,106.2713394165039,0.0000768899917602539,-0.011902650818228722,0,1.2391711473464966,-0.22393397986888885,-1.50569486618042,1.0639480352401733,0,-0.12783899903297424,6.711917400360107,3,0
3230,108.12399291992188,21.912673950195312,-0.10025633126497269,-11.790168762207031,-11.689912796020508,106.2713394165039,0.0001017451286315918,0.015142960473895073,0,1.2352330684661865,-0.27804136276245117,-1.4751310348510742,1.0942927598953247,0,-0.12481307238340378,6.673832893371582,3,0
3241,108.20616912841797,21.6236629486084,-0.05025633051991463,-11.728365898132324,-11.678109169006348,106.75564575195312,0.00006842613220214844,0.005703075788915157,0,1.2296544313430786,-0.33140161633491516,-1.4441936016082764,1.136264681816101,0,-0.12481307238340378,6.705196857452393,3,0
3251,108.42372131347656,21.506650924682617,-0.05025633051991463,-11.598567962646484,-11.548311233520508,106.75564575195312,0.0000540614128112793,-0.007834631949663162,0,1.2224088907241821,-0.38387632369995117,-1.4128071069717407,1.1529467105865479,0,-0.11301262676715851,6.68727445602417,3,0
3295,109.12796020507812,20.698394775390625,-0.0002563297748565674,-11.57673168182373,-11.526474952697754,107.21453094482422,0.00007385015487670898,-0.0002648425579536706,0,1.220759391784668,-0.3942714035511017,-1.4064664840698242,1.1583747863769531,0,-0.11301262676715851,6.68727445602417,3,0
3304,109.20256042480469,20.392189025878906,0.04974367097020149,-11.529890060424805,-11.579633712768555,107.74250793457031,0.00007385015487670898,-0.0002648425579536706,0,1.2123147249221802,-0.4427824318408966,-1.3763736486434937,1.1937450170516968,0,-0.11301262676715851,6.68727445602417,3,0
3315,109.42371368408203,20.267133712768555,0.04974367097020149,-11.370867729187012,-11.420611381530762,107.74250793457031,0.000058531761169433594,-0.019159525632858276,0,1.2021901607513428,-0.4902791678905487,-1.3455610275268555,1.2137411832809448,0,-0.11301262676715851,6.700716018676758,3,0
3325,109.62545013427734,20.15390396118164,0.04974367097020149,-11.209994316101074,-11.259737968444824,107.74250793457031,0.00007265806198120117,-0.001978486543521285,0,1.1903613805770874,-0.5367846488952637,-1.31406569480896,1.20636785030365,0,-0.13149738311767578,6.682794094085693,3,0
3335,109.69469451904297,19.846101760864258,0.09974367171525955,-11.141738891601562,-11.241482734680176,108.25354766845703,0.000026226043701171875,-0.025492515414953232,0,1.176788091659546,-0.5823811292648315,-1.2817927598953247,1.1917096376419067,0,-0.13149738311767578,6.723118782043457,3,0
3345,109.89385223388672,19.732925415039062,0.09974367171525955,-11.154975891113281,-11.254719734191895,108.25354766845703,0.0000775456428527832,0.0070143695920705795,0,1.1614010334014893,-0.6271190047264099,-1.2486218214035034,1.1837743520736694,0,-0.1082485020160675,6.667111873626709,3,0
3355,110.0946044921875,19.61860466003418,0.09974367171525955,-11.077295303344727,-11.17703914642334,108.25354766845703,0.00007587671279907227,0.008511933498084545,0,1.1439719200134277,-0.6709665656089783,-1.2144047021865845,1.172942876815796,0,-0.1082485020160675,6.716398239135742,3,0
3401,110.79052734375,18.827245712280273,0.1497436761856079,-11.042614936828613,-11.142358779907227,109.24260711669922,0.00007587671279907227,0.008511933498084545,0,1.140229344367981,-0.67961186170578,-1.2074097394943237,1.1735047101974487,0,-0.1388736367225647,6.716398239135742,3,0
3411,110.9802017211914,18.713497161865234,0.1497436761856079,-11.087458610534668,-11.237202644348145,109.24260711669922,0.00007587671279907227,0.008511933498084545,0,1.1212730407714844,-0.72031170129776,-1.1746273040771484,1.2009896039962769,0,-0.1388736367225647,6.716398239135742,3,0
3423,111.02751922607422,18.33634376525879,0.19974367320537567,-10.901394844055176,-11.051138877868652,109.61109161376953,0.00007587671279907227,0.008511933498084545,0,1.0999090671539307,-0.7601048350334167,-1.1402802467346191,1.1976968050003052,0,-0.1388736367225647,6.716398239135742,3,0
3431,111.20836639404297,18.2265625,0.19974367320537567,-10.93256950378418,-11.132312774658203,109.61109161376953,0.00008046627044677734,0.011067482642829418,0,1.0760279893875122,-0.7988719940185547,-1.1040987968444824,1.202012300491333,0,-0.1274501085281372,6.711917400360107,3,0
3442,111.39058685302734,18.11568260192871,0.19974367320537567,-10.802825927734375,-11.002569198608398,109.61109161376953,0.00008046627044677734,0.011067482642829418,0,1.0493673086166382,-0.8364794850349426,-1.0658503770828247,1.1990004777908325,0,-0.1274501085281372,6.693995475769043,3,0
3452,111.57241821289062,18.004924774169922,0.19974367320537567,-10.765432357788086,-10.96517562866211,109.61109161376953,0.00012362003326416016,0.014248880557715893,0,1.0195993185043335,-0.8728780150413513,-1.025155782699585,1.1877549886703491,0,-0.084305539727211,6.691755294799805,3,0
3462,111.59293365478516,17.62563705444336,0.24974367022514343,-10.697049140930176,-10.946792602539062,109.99626922607422,0.00008022785186767578,0.004682338330894709,0,0.98647141456604,-0.9079641103744507,-0.9818108081817627,1.1774646043777466,0,-0.084305539727211,6.696235656738281,3,0
3505,112.12716674804688,16.80803108215332,0.2997436821460724,-10.6529541015625,-10.902697563171387,110.33529663085938,0.00008022785186767578,0.004682338330894709,0,0.9794084429740906,-0.9148144125938416,-0.9727916717529297,1.179551362991333,0,-0.084305539727211,6.696235656738281,3,0
3516,112.1320571899414,16.43106460571289,0.34974369406700134,-10.328526496887207,-10.628270149230957,110.63664245605469,0.00008022785186767578,0.004682338330894709,0,0.9429291486740112,-0.9468390345573425,-0.9287431240081787,1.1274621486663818,0,-0.084305539727211,6.696235656738281,3,0
3526,112.31251525878906,16.31385040283203,0.34974369406700134,-10.251646995544434,-10.601390838623047,110.63664245605469,0.00008022785186767578,0.004682338330894709,0,0.9026930332183838,-0.977349579334259,-0.8814060091972351,1.0916900634765625,0,-0.084305539727211,6.696235656738281,3,0
3536,112.47381591796875,16.209775924682617,0.34974369406700134,-10.08679485321045,-10.436538696289062,110.63664245605469,0.00008088350296020508,-0.015255416743457317,0,0.8583902716636658,-1.0062553882598877,-0.8304383754730225,1.0283750295639038,0,-0.13107311725616455,6.696235656738281,3,0
3546,112.63604736328125,16.105974197387695,0.34974369406700134,-9.949174880981445,-10.298918724060059,110.63664245605469,0.00007194280624389648,-0.0024702204391360283,0,0.809891402721405,-1.033402919769287,-0.775661289691925,0.9400055408477783,0,-0.13107311725616455,6.756723880767822,3,0
3556,112.63082885742188,15.732718467712402,0.3997437059879303,-9.814769744873047,-10.214513778686523,111.0152816772461,0.00011968612670898438,0.01569429412484169,0,0.757081925868988,-1.0587282180786133,-0.7169781923294067,0.8658174872398376,0,-0.13129517436027527,6.709677219390869,3,0
3566,112.7890853881836,15.629849433898926,0.3997437059879303,-9.71446418762207,-10.114208221435547,111.0152816772461,0.00008308887481689453,-0.006933120079338551,0,0.6996989250183105,-1.0821506977081299,-0.6540787816047668,0.7809116840362549,0,-0.13129517436027527,6.754483222961426,3,0
3611,113.30060577392578,14.884897232055664,0.44974371790885925,-9.693471908569336,-10.093215942382812,111.82927703857422,0.00008308887481689453,-0.006933120079338551,0,0.6876633167266846,-1.0866093635559082,-0.6409684419631958,0.7621887922286987,0,-0.13129517436027527,6.754483222961426,3,0
3622,113.45012664794922,14.783581733703613,0.44974371790885925,-9.572845458984375,-10.022588729858398,111.82927703857422,0.00008308887481689453,-0.006933120079338551,0,0.6287282705307007,-1.107384443283081,-0.5777270197868347,0.6683875322341919,0,-0.13129517436027527,6.754483222961426,3,0
3632,113.61225891113281,14.673148155212402,0.44974371790885925,-9.598231315612793,-10.047974586486816,111.82927703857422,0.00008308887481689453,-0.006933120079338551,0,0.5656517744064331,-1.1262046098709106,-0.5105786323547363,0.5917796492576599,0,-0.13129517436027527,6.754483222961426,3,0
3686,114.2262954711914,13.92642593383789,0.4997437298297882,-9.50039291381836,-10.000136375427246,112.470947265625,0.00008308887481689453,-0.006933120079338551,0,0.4983629584312439,-1.1429649591445923,-0.43947499990463257,0.521536111831665,0,-0.13129517436027527,6.754483222961426,3,0
3736,114.69944763183594,13.100836753845215,0.5497437119483948,-9.419084548950195,-9.918828010559082,113.22614288330078,0.00011426210403442383,0.008131952956318855,0,0.4582348167896271,-1.15201735496521,-0.39764103293418884,0.4774286150932312,0,-0.123233363032341,6.685034275054932,3,0
3747,114.85464477539062,12.982766151428223,0.5497437119483948,-9.349024772644043,-9.898768424987793,113.22614288330078,0.00007516145706176758,-0.010948983021080494,0,0.3788283169269562,-1.1679335832595825,-0.3159726560115814,0.4066891670227051,0,-0.10851968824863434,6.705196857452393,3,0
3757,114.98430633544922,12.88376522064209,0.5497437119483948,-9.324198722839355,-9.873942375183105,113.22614288330078,0.00010967254638671875,0.013034438714385033,0,0.3092230260372162,-1.1790850162506104,-0.24463744461536407,0.34359079599380493,0,-0.10851968824863434,6.707437038421631,3,0
3767,114.92594146728516,12.499573707580566,0.5997437238693237,-9.267224311828613,-9.816967964172363,113.57600402832031,0.00007319450378417969,-0.004332865588366985,0,0.23697100579738617,-1.1882790327072144,-0.17072045803070068,0.28653213381767273,0,-0.13385142385959625,6.64470911026001,3,0
3777,115.05085754394531,12.401355743408203,0.5997437238693237,-9.14255142211914,-9.742295265197754,113.57600402832031,0.00013130903244018555,0.016893839463591576,0,0.16214227676391602,-1.1955289840698242,-0.0942925289273262,0.25880229473114014,0,-0.13385142385959625,6.667111873626709,3,0
3787,115.17472076416016,12.30419635772705,0.5997437238693237,-9.065272331237793,-9.665016174316406,113.57600402832031,0.00008249282836914062,-0.006284915842115879,0,0.08558140695095062,-1.2009296417236328,-0.016165193170309067,0.25880229473114014,0,-0.11534123122692108,6.72760009765625,3,0
3797,115.29817199707031,12.20510482788086,0.5997437238693237,-9.343978881835938,-9.94372272491455,113.57600402832031,0.00010353326797485352,-0.00339409033767879,0,0.008043492212891579,-1.204514980316162,0.06292328238487244,0.2511258125305176,0,-0.11534123122692108,6.707437038421631,3,0
3841,115.58788299560547,11.457208633422852,0.6497437357902527,-9.35241413116455,-9.952157974243164,114.12601470947266,0.00010353326797485352,-0.00339409033767879,0,-0.007546090055257082,-1.204993724822998,0.07881510257720947,0.25598669052124023,0,-0.11534123122692108,6.707437038421631,3,0
3849,115.7008056640625,11.357871055603027,0.6497437357902527,-9.444620132446289,-10.094364166259766,114.12601470947266,0.00011664628982543945,0.01443515531718731,0,-0.08141474425792694,-1.206787109375,0.1537134349346161,0.32530906796455383,0,-0.11836125701665878,6.7253594398498535,3,0
3859,115.8140640258789,11.256591796875,0.6497437357902527,-9.47630500793457,-10.126049041748047,114.12601470947266,0.0001266002655029297,0.00341574614867568,0,-0.1547146588563919,-1.2067298889160156,0.22792838513851166,0.4222770631313324,0,-0.11836125701665878,6.667111873626709,3,0
3870,115.74581146240234,10.897058486938477,0.6997437477111816,-9.363906860351562,-10.063650131225586,114.38458251953125,0.0000787973403930664,-0.009443957358598709,0,-0.22650721669197083,-1.2049012184143066,0.30053621530532837,0.5000088810920715,0,-0.11307702958583832,6.691755294799805,3,0
3880,115.8547592163086,10.795838356018066,0.6997437477111816,-9.41671085357666,-10.116455078125,114.38458251953125,0.00013524293899536133,0.01885334961116314,0,-0.29637330770492554,-1.2014507055282593,0.37113046646118164,0.5517148375511169,0,-0.11307702958583832,6.702956676483154,3,0
3890,115.96223449707031,10.694150924682617,0.6997437477111816,-9.432811737060547,-10.13255500793457,114.38458251953125,0.00008255243301391602,-0.004712837748229504,0,-0.3639713525772095,-1.1964778900146484,0.43938300013542175,0.6485979557037354,0,-0.11510071903467178,6.720878601074219,3,0
3900,115.91166687011719,10.365132331848145,0.7497437596321106,-9.487285614013672,-10.237029075622559,114.65411376953125,0.00011515617370605469,0.012557609006762505,0,-0.4287623465061188,-1.190163016319275,0.5048022866249084,0.7550923824310303,0,-0.11510071903467178,6.707437038421631,3,0
3947,116.21923828125,9.6487398147583,0.7997437715530396,-9.498465538024902,-10.248208999633789,114.99132537841797,0.00005608797073364258,-0.013064938597381115,0,-0.44138461351394653,-1.1887476444244385,0.5175468921661377,0.7918618321418762,0,-0.11510071903467178,6.707437038421631,3,0
3957,116.20475769042969,9.390470504760742,0.8497437834739685,-9.611456871032715,-10.461200714111328,115.28575134277344,0.00005608797073364258,-0.013064938597381115,0,-0.4997139275074005,-1.1818565130233765,0.5762616991996765,1.0629194974899292,0,-0.11510071903467178,6.707437038421631,3,0
3967,116.29634857177734,9.287812232971191,0.8497437834739685,-9.622684478759766,-10.472428321838379,115.28575134277344,0.00007295608520507812,-0.018161140382289886,0,-0.555374801158905,-1.1739015579223633,0.632276177406311,1.3630330562591553,0,-0.11394753307104111,6.729840278625488,3,0
3977,116.38912200927734,9.182223320007324,0.8497437834739685,-9.653676986694336,-10.50342082977295,115.28575134277344,0.00007295608520507812,-0.018161140382289886,0,-0.6081616878509521,-1.1650161743164062,0.6853715181350708,1.6428422927856445,0,-0.11394753307104111,6.6984758377075195,3,0
3987,116.37796783447266,8.938304901123047,0.8980421423912048,-9.637776374816895,-10.487520217895508,115.5250473022461,0.00011026859283447266,0.007409254088997841,0,-0.6579399704933167,-1.1553016901016235,0.7354238629341125,1.8690193891525269,0,-0.0954713523387909,6.6693525314331055,3,0
3997,116.46710968017578,8.832175254821777,0.8980421423912048,-9.670709609985352,-10.568751335144043,115.5250473022461,0.00007408857345581055,-0.016969047486782074,0,-0.7048965692520142,-1.1448181867599487,0.7826111316680908,2.142277717590332,0,-0.0954713523387909,6.7388014793396,3,0
4007,116.55620574951172,8.72449779510498,0.8980421423912048,-9.713957786560059,-10.61199951171875,115.5250473022461,0.0001220703125,0.009428361430764198,0,-0.749100923538208,-1.133680820465088,0.826948881149292,2.4017205238342285,0,-0.10563913732767105,6.72760009765625,3,0
4055,116.85343170166016,8.096556663513184,0.9425089359283447,-9.756428718566895,-10.654470443725586,116.08068084716797,0.0001220703125,0.009428361430764198,0,-0.7576271295547485,-1.1313716173171997,0.8354937434196472,2.4848477840423584,0,-0.10563913732767105,6.72760009765625,3,0
4064,116.93449401855469,7.9872846603393555,0.9425089359283447,-9.93022632598877,-10.872735023498535,116.08068084716797,0.0001220703125,0.009428361430764198,0,-0.7963778376579285,-1.1203954219818115,0.8741490840911865,3.0662081241607666,0,-0.10563913732767105,6.72760009765625,3,0
4074,117.01343536376953,7.878989219665527,0.9425089359283447,-9.893646240234375,-10.83615493774414,116.08068084716797,0.0000870823860168457,-0.0009801016421988606,0,-0.8328021168708801,-1.1089366674423218,0.9105114340782166,3.5909006595611572,0,-0.08465268462896347,6.685034275054932,3,0
4084,117.02031707763672,7.677298069000244,0.9739628434181213,-9.92786693572998,-10.901829719543457,116.40252685546875,0.00006562471389770508,-0.005361043848097324,0,-0.8671645522117615,-1.097095012664795,0.9448325037956238,4.0618486404418945,0,-0.08465268462896347,6.745522499084473,3,0
4094,117.09668731689453,7.566936492919922,0.9739628434181213,-10.071520805358887,-11.045483589172363,116.40252685546875,0.00006973743438720703,-0.007052326574921608,0,-0.8995437622070312,-1.0849181413650513,0.9771084189414978,4.629363059997559,0,-0.09472155570983887,6.709677219390869,3,0
4104,117.17196655273438,7.456220626831055,0.9739628434181213,-10.074053764343262,-11.048016548156738,116.40252685546875,0.00007259845733642578,0.0003759023093152791,0,-0.9297419786453247,-1.0727105140686035,1.0070172548294067,5.1492509841918945,0,-0.09472155570983887,6.6693525314331055,3,0
4114,117.18246459960938,7.260705947875977,1.0019705295562744,-10.085357666015625,-11.08732795715332,116.61665344238281,0.00010544061660766602,-0.006545687094330788,0,-0.958096981048584,-1.0604277849197388,1.0349866151809692,5.625975131988525,0,-0.12550681829452515,6.700716018676758,3,0
4160,117.43523406982422,6.674274921417236,1.0294557809829712,-10.106429100036621,-11.108399391174316,116.88220977783203,0.00010544061660766602,-0.006545687094330788,0,-0.9635687470436096,-1.0579499006271362,1.0403765439987183,5.803840637207031,0,-0.12550681829452515,6.700716018676758,3,0
4171,117.50187683105469,6.559451580047607,1.0294557809829712,-10.369102478027344,-11.398558616638184,116.88220977783203,0.00010544061660766602,-0.006545687094330788,0,-0.9867491126060486,-1.0460401773452759,1.0635980367660522,5.803840637207031,0,-0.12550681829452515,6.700716018676758,3,0
4180,117.52481842041016,6.3864312171936035,1.0480631589889526,-10.119379043579102,-11.167442321777344,117.08251953125,0.00013214349746704102,0.018644729629158974,0,-1.008225679397583,-1.0338290929794312,1.0851054191589355,5.803840637207031,0,-0.12550681829452515,6.736561298370361,3,0
4190,117.58812713623047,6.274875640869141,1.0480631589889526,-10.096092224121094,-11.144155502319336,117.08251953125,0.00011777877807617188,0.019695257768034935,0,-1.0283936262130737,-1.0214450359344482,1.1052950620651245,5.803840637207031,0,-0.10947316884994507,6.705196857452393,3,0
4200,117.65046691894531,6.163567066192627,1.0480631589889526,-10.033219337463379,-11.081282615661621,117.08251953125,0.00007599592208862305,-0.005033220164477825,0,-1.047340989112854,-1.008947730064392,1.124287486076355,5.803840637207031,0,-0.10947316884994507,6.7522430419921875,3,0
4210,117.67726135253906,6.010394096374512,1.0620479583740234,-10.042440414428711,-11.104488372802734,117.33317565917969,0.00012046098709106445,0.027190541848540306,0,-1.0652121305465698,-0.9963757395744324,1.1422168016433716,5.803840637207031,0,-0.10107734799385071,6.723118782043457,3,0
4221,117.73889923095703,5.895493507385254,1.0620479583740234,-10.036873817443848,-11.098921775817871,117.33317565917969,0.00009167194366455078,0.0030432099010795355,0,-1.082033634185791,-0.9838227033615112,1.1590678691864014,5.803840637207031,0,-0.10107734799385071,6.693995475769043,3,0
4270,117.97561645507812,5.311132431030273,1.0766364336013794,-10.044942855834961,-11.106990814208984,117.64734649658203,0.00007194280624389648,-0.003394092433154583,0,-1.0884774923324585,-0.9788031578063965,1.1655216217041016,5.803840637207031,0,-0.07169109582901001,6.693995475769043,3,0
4280,118.02867126464844,5.199058532714844,1.0766364336013794,-10.037042617797852,-11.113678932189941,117.64734649658203,0.00007194280624389648,-0.003394092433154583,0,-1.1028003692626953,-0.9666268229484558,1.1797655820846558,5.803840637207031,0,-0.07169109582901001,6.693995475769043,3,0
4292,118.08551025390625,5.076470375061035,1.0766364336013794,-9.988090515136719,-11.064726829528809,117.64734649658203,0.00007194280624389648,-0.003394092433154583,0,-1.1162835359573364,-0.9544637799263,1.1931284666061401,5.803840637207031,0,-0.07169109582901001,6.693995475769043,3,0
4301,118.10384368896484,4.931342601776123,1.0886995792388916,-9.95801830291748,-11.03465461730957,117.81863403320312,0.00010251998901367188,0.00934639573097229,0,-1.12903892993927,-0.9422932267189026,1.2057267427444458,5.803840637207031,0,-0.09141620248556137,6.667111873626709,3,0
4310,118.15277099609375,4.820672512054443,1.0886995792388916,-9.930656433105469,-11.019355773925781,117.81863403320312,0.00010251998901367188,0.00934639573097229,0,-1.1411017179489136,-0.9301337003707886,1.2176138162612915,5.803840637207031,0,-0.09141620248556137,6.667111873626709,3,0
4320,118.20066833496094,4.710184574127197,1.0886995792388916,-9.876587867736816,-10.965287208557129,117.81863403320312,0.00007516145706176758,-0.009123596362769604,0,-1.152544379234314,-0.9179689884185791,1.228880763053894,5.803840637207031,0,-0.11689440906047821,6.747762680053711,3,0
4372,118.4029312133789,4.122866153717041,1.0975887775421143,-9.896745681762695,-10.985445022583008,118.19813537597656,0.00011110305786132812,-0.00784209743142128,0,-1.1591416597366333,-0.910662829875946,1.2353672981262207,5.803840637207031,0,-0.11689440906047821,6.747762680053711,3,0
4428,118.59342193603516,3.4877047538757324,1.1055848598480225,-9.874253273010254,-10.971841812133789,118.40716552734375,0.00007110834121704102,-0.007707984186708927,0,-1.1695137023925781,-0.8988212943077087,1.244985818862915,5.803840637207031,0,-0.10382537543773651,6.667111873626709,3,0
4438,118.62801361083984,3.376650094985962,1.1055848598480225,-9.973779678344727,-11.079364776611328,118.40716552734375,0.00007110834121704102,-0.007707984186708927,0,-1.178943157196045,-0.887183427810669,1.2532060146331787,5.803840637207031,0,-0.10382537543773651,6.667111873626709,3,0
4448,118.66450500488281,3.2550840377807617,1.1055848598480225,-9.839702606201172,-10.945287704467773,118.40716552734375,0.00007110834121704102,-0.007707984186708927,0,-1.1879836320877075,-0.8754416704177856,1.2609561681747437,5.803840637207031,0,-0.10382537543773651,6.667111873626709,3,0
4459,118.68547058105469,3.1182122230529785,1.1107150316238403,-9.895711898803711,-11.006426811218262,118.55266571044922,0.00010478496551513672,0.01699814200401306,0,-1.1966862678527832,-0.8635209798812866,1.268326997756958,5.803840637207031,0,-0.1013597920536995,6.6984758377075195,3,0
4506,118.8075942993164,2.5985515117645264,1.1144726276397705,-9.852068901062012,-10.962783813476562,118.71286010742188,0.00010478496551513672,0.01699814200401306,0,-1.198378562927246,-0.861122190952301,1.2697495222091675,5.803840637207031,0,-0.1013597920536995,6.6984758377075195,3,0
4517,118.8332290649414,2.4882380962371826,1.1144726276397705,-9.81409740447998,-10.928569793701172,118.71286010742188,0.00010478496551513672,0.01699814200401306,0,-1.2069329023361206,-0.8481714129447937,1.2768884897232056,5.803840637207031,0,-0.1013597920536995,6.6984758377075195,3,0
4527,118.85676574707031,2.3642425537109375,1.1155648231506348,-9.910178184509277,-11.02574348449707,118.8125,0.00010478496551513672,0.01699814200401306,0,-1.2152172327041626,-0.8352177143096924,1.2836675643920898,5.803840637207031,0,-0.1013597920536995,6.6984758377075195,3,0
4537,118.88126373291016,2.2464993000030518,1.1155648231506348,-9.985146522521973,-11.100711822509766,118.8125,0.00009763240814208984,0.010069102048873901,0,-1.2231779098510742,-0.8223170042037964,1.290032148361206,5.803840637207031,0,-0.11303485184907913,6.7388014793396,3,0
4547,118.90321350097656,2.1357364654541016,1.1155648231506348,-9.930745124816895,-11.046310424804688,118.8125,0.00013321638107299805,0.01658836007118225,0,-1.2307777404785156,-0.8094993233680725,1.295962929725647,5.803840637207031,0,-0.11303485184907913,6.664871692657471,3,0
4595,118.98429870605469,1.617132544517517,1.1175910234451294,-9.953278541564941,-11.068843841552734,118.9306411743164,0.00013321638107299805,0.01658836007118225,0,-1.2322670221328735,-0.8069435954093933,1.2971084117889404,5.803840637207031,0,-0.11303485184907913,6.664871692657471,3,0
4643,119.0538330078125,1.0644539594650269,1.1164060831069946,-10.166938781738281,-11.284529685974121,119.08580780029297,0.0000845789909362793,-0.00010093840683111921,0,-1.2361643314361572,-0.7996435165405273,1.2997593879699707,5.803840637207031,0,-0.10453785955905914,6.680553913116455,3,0
4655,119.07891082763672,0.9464472532272339,1.111973762512207,-10.0454683303833,-11.157442092895508,119.20124816894531,0.00007838010787963867,0.0001672794605838135,0,-1.2421623468399048,-0.785264790058136,1.3030366897583008,5.803840637207031,0,-0.0973673090338707,6.691755294799805,3,0
4665,119.08785247802734,0.8343315720558167,1.111973762512207,-10.03358268737793,-11.145556449890137,119.20124816894531,0.000072479248046875,-0.0015836087986826897,0,-1.2467767000198364,-0.7734811305999756,1.305335283279419,5.803840637207031,0,-0.0973673090338707,6.705196857452393,3,0
4675,119.09565734863281,0.7229576110839844,1.111973762512207,-9.993352890014648,-11.105326652526855,119.20124816894531,0.00009000301361083984,-0.008110317401587963,0,-1.2510223388671875,-0.7619394063949585,1.3072535991668701,5.803840637207031,0,-0.06981091946363449,6.680553913116455,3,0
4685,119.11721801757812,0.6269893646240234,1.1070473194122314,-9.93343734741211,-11.040484428405762,119.264404296875,0.0000890493392944336,0.0026036184281110764,0,-1.254949688911438,-0.7506315112113953,1.3088490962982178,5.803840637207031,0,-0.06981091946363449,6.678313255310059,3,0
4695,119.12297821044922,0.5155542492866516,1.1070473194122314,-9.947941780090332,-11.054988861083984,119.264404296875,0.00008565187454223633,0.008035091683268547,0,-1.2586365938186646,-0.7394732236862183,1.3101881742477417,5.803840637207031,0,-0.0828707218170166,6.702956676483154,3,0
4705,119.12765502929688,0.4035898447036743,1.1070473194122314,-9.826287269592285,-10.933334350585938,119.264404296875,0.00006937980651855469,-0.0026192404329776764,0,-1.2620887756347656,-0.7284151315689087,1.3113042116165161,5.803840637207031,0,-0.0828707218170166,6.714158058166504,3,0
4751,119.15332794189453,-0.06417049467563629,1.1009658575057983,-9.803465843200684,-10.910512924194336,119.3345718383789,0.00006937980651855469,-0.0026192404329776764,0,-1.262756586074829,-0.7262216806411743,1.3115001916885376,5.803840637207031,0,-0.08763294667005539,6.714158058166504,3,0
4759,119.15217590332031,-0.1704183667898178,1.1009658575057983,-9.674135208129883,-10.775100708007812,119.3345718383789,0.00007194280624389648,0.000510001671500504,0,-1.26579749584198,-0.7154963612556458,1.3121066093444824,5.803840637207031,0,-0.10154366493225098,6.7388014793396,3,0
4769,119.14991760253906,-0.27871960401535034,1.1009658575057983,-9.706891059875488,-10.807856559753418,119.3345718383789,0.00004750490188598633,-0.00014564927550964057,0,-1.2688463926315308,-0.7047624588012695,1.3126906156539917,5.803840637207031,0,-0.10154366493225098,6.667111873626709,3,0
4779,119.18528747558594,-0.349517285823822,1.0884137153625488,-9.771596908569336,-10.860010147094727,119.58425903320312,0.00003993511199951172,-0.018071746453642845,0,-1.27195143699646,-0.6940406560897827,1.3133488893508911,5.803840637207031,0,-0.09048380702733994,6.736561298370361,3,0
4789,119.18124389648438,-0.457180380821228,1.0884137153625488,-9.667658805847168,-10.756072998046875,119.58425903320312,0.0001036524772644043,0.014584148302674294,0,-1.2750811576843262,-0.6832602024078369,1.3139982223510742,5.803840637207031,0,-0.09048380702733994,6.702956676483154,3,0
4800,119.17610168457031,-0.5654217004776001,1.0884137153625488,-9.720483779907227,-10.808897018432617,119.58425903320312,0.00006771087646484375,-0.004504240117967129,0,-1.2782342433929443,-0.6723425984382629,1.3146657943725586,5.803840637207031,0,-0.10042779892683029,6.716398239135742,3,0
4810,119.20420837402344,-0.6402074098587036,1.0773341655731201,-9.646055221557617,-10.723389625549316,119.57227325439453,0.00007474422454833984,0.004056477453559637,0,-1.2812849283218384,-0.6613703370094299,1.315163016319275,5.803840637207031,0,-0.10042779892683029,6.685034275054932,3,0
4856,119.20061492919922,-1.0916812419891357,1.0655317306518555,-9.630425453186035,-10.707759857177734,119.58515930175781,0.00007432699203491211,0.002037372440099716,0,-1.2818796634674072,-0.6591736078262329,1.3152248859405518,5.803840637207031,0,-0.10042779892683029,6.685034275054932,3,0
4865,119.21424102783203,-1.171827793121338,1.0574783086776733,-9.41301155090332,-10.470489501953125,119.4980239868164,0.00007432699203491211,0.002037372440099716,0,-1.2852733135223389,-0.6479366421699524,1.3153562545776367,5.803840637207031,0,-0.10042779892683029,6.685034275054932,3,0
4875,119.20204162597656,-1.2761569023132324,1.0574783086776733,-9.470298767089844,-10.527776718139648,119.4980239868164,0.00009918212890625,0.018309444189071655,0,-1.2888509035110474,-0.6367050409317017,1.3155189752578735,5.803840637207031,0,-0.10137934237718582,6.68727445602417,4,0
4885,119.18871307373047,-1.3821721076965332,1.0574783086776733,-9.529059410095215,-10.58653736114502,119.4980239868164,0.00006139278411865234,-0.0010024607181549072,0,-1.2926025390625,-0.6254013776779175,1.3157120943069458,5.803840637207031,0,-0.10137934237718582,6.68727445602417,4,0
4895,119.20526885986328,-1.4577291011810303,1.0475469827651978,-9.467558860778809,-10.525036811828613,119.56354522705078,0.00003165006637573242,-0.01375785656273365,0,-1.296423316001892,-0.613981306552887,1.3159245252609253,5.803840637207031,0,-0.06944678723812103,6.662631511688232,4,0
4905,119.19007873535156,-1.564144492149353,1.0475469827651978,-9.584650039672852,-10.632197380065918,119.56354522705078,0.000023365020751953125,-0.019114824011921883,0,-1.3002610206604004,-0.6026214361190796,1.3160957098007202,5.803840637207031,0,-0.06944678723812103,6.68727445602417,4,0
4916,119.1734848022461,-1.672377347946167,1.0475469827651978,-9.413487434387207,-10.461034774780273,119.56354522705078,0.000055730342864990234,-0.018071740865707397,0,-1.3041083812713623,-0.5912373065948486,1.3162533044815063,5.803840637207031,0,-0.08198317140340805,6.6984758377075195,4,0
4959,119.14315795898438,-2.074216365814209,1.0311458110809326,-9.429059028625488,-10.476606369018555,119.71527099609375,0.000055730342864990234,-0.018071740865707397,0,-1.3048828840255737,-0.5889357328414917,1.3162884712219238,5.803840637207031,0,-0.08198317140340805,6.6984758377075195,4,0
4970,119.12173461914062,-2.17741060256958,1.0311458110809326,-9.208277702331543,-10.239423751831055,119.71527099609375,0.000055730342864990234,-0.018071740865707397,0,-1.308856725692749,-0.5774895548820496,1.3163927793502808,5.803840637207031,0,-0.08198317140340805,6.6984758377075195,4,0
4979,119.0979995727539,-2.286625862121582,1.0311458110809326,-9.215706825256348,-10.24685287475586,119.71527099609375,0.000045180320739746094,-0.016320854425430298,0,-1.3131545782089233,-0.5660223960876465,1.3165539503097534,5.803840637207031,0,-0.08439573645591736,6.682794094085693,4,0
4990,119.11803436279297,-2.348891258239746,1.0173150300979614,-9.342362403869629,-10.37350845336914,119.6152114868164,0.00008404254913330078,0.0028792922385036945,0,-1.3177587985992432,-0.554462730884552,1.316765308380127,5.803840637207031,0,-0.08439573645591736,6.732080459594727,4,0
4999,119.09391021728516,-2.4533073902130127,1.0173150300979614,-9.440587043762207,-10.457901954650879,119.6152114868164,0.00008147954940795898,0.0018585609504953027,0,-1.3225265741348267,-0.542971134185791,1.3169140815734863,5.803840637207031,0,-0.08465033769607544,6.678313255310059,4,0
5009,119.06876373291016,-2.558631658554077,1.0173150300979614,-9.499736785888672,-10.517051696777344,119.6152114868164,0.00007557868957519531,0.0007186233997344971,0,-1.3273333311080933,-0.5314557552337646,1.3169711828231812,5.803840637207031,0,-0.08465033769607544,6.700716018676758,4,0
5019,119.04247283935547,-2.664124011993408,1.0173150300979614,-9.445165634155273,-10.462480545043945,119.6152114868164,0.00003921985626220703,-0.002775698434561491,0,-1.3321388959884644,-0.5198221802711487,1.316903829574585,5.803840637207031,0,-0.0931016281247139,6.691755294799805,4,0
5065,118.97872924804688,-3.0735995769500732,0.9960460066795349,-9.4450044631958,-10.462319374084473,119.70501708984375,0.00009781122207641602,0.011931748129427433,0,-1.3330999612808228,-0.5174973607063293,1.316877007484436,5.803840637207031,0,-0.0931016281247139,6.691755294799805,4,0
5075,118.94721984863281,-3.1802186965942383,0.9960460066795349,-9.58979320526123,-10.58583927154541,119.70501708984375,0.00009781122207641602,0.011931748129427433,0,-1.3381712436676025,-0.5060721039772034,1.316772222518921,5.803840637207031,0,-0.0931016281247139,6.691755294799805,4,0
5086,118.96295166015625,-3.247553586959839,0.9801017045974731,-9.696980476379395,-10.677082061767578,119.54475402832031,0.0000642538070678711,0.000964485458098352,0,-1.3432453870773315,-0.494613915681839,1.3167155981063843,5.803840637207031,0,-0.09187031537294388,6.711917400360107,4,0
5096,118.92993927001953,-3.35453462600708,0.9801017045974731,-9.752667427062988,-10.732769012451172,119.54475402832031,0.0000845789909362793,0.006276750937104225,0,-1.348276972770691,-0.483176589012146,1.3165761232376099,5.803840637207031,0,-0.09187031537294388,6.72760009765625,4,0
5106,118.89566802978516,-3.462602138519287,0.9801017045974731,-9.764937400817871,-10.745038986206055,119.54475402832031,0.00007635354995727539,-0.002626693109050393,0,-1.3532445430755615,-0.4716339707374573,1.3163775205612183,5.803840637207031,0,-0.1093989908695221,6.72760009765625,4,0
5116,118.91023254394531,-3.523329019546509,0.9644533395767212,-9.713762283325195,-10.693863868713379,119.4899673461914,0.000015795230865478516,-0.022407986223697662,0,-1.3581948280334473,-0.4599553644657135,1.3162304162979126,5.803840637207031,0,-0.1093989908695221,6.709677219390869,4,0
5126,118.87418365478516,-3.631464719772339,0.9644533395767212,-9.81332015991211,-10.7777738571167,119.4899673461914,0.00007236003875732422,-0.0039752465672791,0,-1.3630818128585815,-0.44829457998275757,1.3160285949707031,5.803840637207031,0,-0.05898238718509674,6.678313255310059,4,0
5171,118.75231170654297,-4.0646514892578125,0.9488991498947144,-9.851280212402344,-10.815733909606934,119.3198013305664,0.00007236003875732422,-0.0039752465672791,0,-1.364038348197937,-0.4459875524044037,1.3159725666046143,5.803840637207031,0,-0.05898238718509674,6.678313255310059,4,0
5180,118.74779510498047,-4.13953971862793,0.9373675584793091,-9.898576736450195,-10.835944175720215,119.20707702636719,0.00007236003875732422,-0.0039752465672791,0,-1.3681728839874268,-0.43502187728881836,1.3146684169769287,5.803840637207031,0,-0.05898238718509674,6.678313255310059,4,0
5191,118.70184326171875,-4.257749080657959,0.9373675584793091,-9.845564842224121,-10.78293228149414,119.20707702636719,0.00007236003875732422,-0.0039752465672791,0,-1.3721243143081665,-0.4239966571331024,1.3130571842193604,5.803840637207031,0,-0.05898238718509674,6.678313255310059,4,0
5201,118.65914916992188,-4.364118576049805,0.9373675584793091,-9.744980812072754,-10.682348251342773,119.20707702636719,0.0001308917999267578,0.023115059360861778,0,-1.3759125471115112,-0.4130628705024719,1.3111624717712402,5.803840637207031,0,-0.07553377747535706,6.664871692657471,4,0
5211,118.65055847167969,-4.4390058517456055,0.9261101484298706,-9.791765213012695,-10.717875480651855,119.10943603515625,0.00009530782699584961,0.006053226999938488,0,-1.3795651197433472,-0.40224647521972656,1.309050440788269,5.803840637207031,0,-0.07553377747535706,6.691755294799805,4,0
5221,118.60566711425781,-4.545886993408203,0.9261101484298706,-9.749720573425293,-10.675830841064453,119.10943603515625,0.0000883936882019043,0.0020746178925037384,0,-1.3831113576889038,-0.39159122109413147,1.3067964315414429,5.803840637207031,0,-0.07442381232976913,6.691755294799805,4,0
5231,118.55860137939453,-4.65501070022583,0.9261101484298706,-9.737765312194824,-10.663875579833984,119.10943603515625,0.000018775463104248047,-0.022244077175855637,0,-1.3865784406661987,-0.38098791241645813,1.3044441938400269,5.803840637207031,0,-0.07442381232976913,6.754483222961426,4,0
5277,118.38079071044922,-5.100014686584473,0.9120240807533264,-9.76161003112793,-10.68772029876709,118.91825103759766,0.00007587671279907227,0.006202240474522114,0,-1.3872634172439575,-0.3788703382015228,1.3039628267288208,5.803840637207031,0,-0.10132158547639847,6.754483222961426,4,0
5288,118.32417297363281,-5.218026161193848,0.9120240807533264,-9.840787887573242,-10.752812385559082,118.91825103759766,0.00007587671279907227,0.006202240474522114,0,-1.3902955055236816,-0.3683246970176697,1.3014981746673584,5.803840637207031,0,-0.10132158547639847,6.754483222961426,4,0
5299,118.271484375,-5.3256940841674805,0.9120240807533264,-9.84772777557373,-10.75975227355957,118.91825103759766,0.00007587671279907227,0.006202240474522114,0,-1.393256425857544,-0.3578241467475891,1.2990045547485352,5.803840637207031,0,-0.10132158547639847,6.754483222961426,4,0
5308,118.2611083984375,-5.393554210662842,0.8986079692840576,-9.861478805541992,-10.760087013244629,118.81124877929688,0.000020682811737060547,-0.008505206555128098,0,-1.3961360454559326,-0.3473703861236572,1.2964943647384644,5.803840637207031,0,-0.08497629314661026,6.673832893371582,4,0
5318,118.20636749267578,-5.501786708831787,0.8986079692840576,-9.890843391418457,-10.789451599121094,118.81124877929688,0.0000972747802734375,0.0006217565387487411,0,-1.3989418745040894,-0.3369818925857544,1.2940155267715454,5.803840637207031,0,-0.08497629314661026,6.673832893371582,4,0
5328,118.15069580078125,-5.610130310058594,0.8986079692840576,-9.918092727661133,-10.81670093536377,118.81124877929688,0.00007826089859008789,0.003497682511806488,0,-1.4016520977020264,-0.32663094997406006,1.2915736436843872,5.803840637207031,0,-0.08643592149019241,6.6984758377075195,4,0
5338,118.1347885131836,-5.681626319885254,0.8857377171516418,-9.907609939575195,-10.793347358703613,118.66358184814453,0.00004887580871582031,-0.01787058264017105,0,-1.4042890071868896,-0.3163367807865143,1.2892228364944458,5.803840637207031,0,-0.08643592149019241,6.714158058166504,4,0
5383,117.91983032226562,-6.118551254272461,0.869771420955658,-9.872071266174316,-10.757808685302734,118.55670928955078,0.00004887580871582031,-0.01787058264017105,0,-1.4048093557357788,-0.3142719268798828,1.2887623310089111,5.803840637207031,0,-0.08643592149019241,6.714158058166504,4,0
5394,117.85127258300781,-6.237826347351074,0.869771420955658,-9.900830268859863,-10.770601272583008,118.55670928955078,0.00004887580871582031,-0.01787058264017105,0,-1.4068964719772339,-0.30395108461380005,1.2869852781295776,5.803840637207031,0,-0.08643592149019241,6.714158058166504,4,0
5404,117.83769989013672,-6.300082206726074,0.8547908663749695,-9.912753105163574,-10.76754379272461,118.50389862060547,0.00004887580871582031,-0.01787058264017105,0,-1.4089123010635376,-0.2936798334121704,1.285319447517395,5.803840637207031,0,-0.08643592149019241,6.714158058166504,4,0
5459,117.54768371582031,-6.815155982971191,0.8360509872436523,-9.847618103027344,-10.702408790588379,118.3082504272461,0.00004887580871582031,-0.01787058264017105,0,-1.410454273223877,-0.2855006754398346,1.2840709686279297,5.803840637207031,0,-0.08643592149019241,6.714158058166504,4,0
5506,117.29967498779297,-7.249618053436279,0.8067429065704346,-9.86231803894043,-10.684404373168945,117.9599838256836,0.00003892183303833008,-0.023309500887989998,0,-1.411403775215149,-0.27942976355552673,1.2835036516189575,5.803840637207031,0,-0.055560216307640076,6.702956676483154,4,0
5515,117.22896575927734,-7.211278915405273,0.8067429065704346,7.249082565307617,6.442339897155762,117.9599838256836,0.00004476308822631836,0.009584815241396427,0,-1.41036856174469,-0.27025726437568665,1.2843841314315796,5.803840637207031,0,-0.06816071271896362,6.714158058166504,4,0
5525,117.17155456542969,-7.316030502319336,0.8017801642417908,6.830869674682617,6.029089450836182,117.40843963623047,-0.000024139881134033203,0.045109182596206665,0,-1.4078761339187622,-0.2620394825935364,1.283024787902832,5.803840637207031,0,-0.06816071271896362,6.655910491943359,4,0
5535,117.0973129272461,-7.4406256675720215,0.8017801642417908,-10.238203048706055,-11.039982795715332,117.40843963623047,-0.00017243623733520508,0.014256326481699944,0,-1.4082266092300415,-0.2542564570903778,1.2840614318847656,5.803840637207031,0,-0.06460671126842499,6.6984758377075195,4,0
5545,117.02238464355469,-7.516172409057617,0.8017801642417908,-9.397176742553711,-10.198956489562988,117.40843963623047,-0.00026112794876098633,-0.02203545719385147,0,-1.4084343910217285,-0.24816671013832092,1.283943772315979,5.803840637207031,0,-0.06460671126842499,6.705196857452393,4,0
5556,116.92232513427734,-7.622950553894043,0.809341549873352,-6.215368270874023,-7.017148494720459,116.58047485351562,-0.00023561716079711914,-0.012863791547715664,0,-1.4097976684570312,-0.24376647174358368,1.284034252166748,5.803840637207031,0,-0.0756952092051506,6.6424689292907715,4,0
5566,116.84455871582031,-7.706019401550293,0.809341549873352,-9.205883026123047,-10.01522445678711,116.58047485351562,-0.00023406744003295898,-0.0037070252001285553,0,-1.4130213260650635,-0.2411763072013855,1.284156322479248,5.803840637207031,0,-0.0756952092051506,6.6984758377075195,4,0
5611,116.62416076660156,-8.035784721374512,0.7674674391746521,-9.271705627441406,-10.081047058105469,118.45895385742188,-0.00023406744003295898,-0.0037070252001285553,0,-1.4138343334197998,-0.24066109955310822,1.2843382358551025,5.803840637207031,0,-0.0756952092051506,6.693995475769043,4,0
5620,116.65907287597656,-8.029444694519043,0.7316122651100159,-10.186619758605957,-10.918231964111328,118.33699035644531,-0.00034165382385253906,-0.0001605586294317618,0,-1.4282116889953613,-0.25704580545425415,1.2873420715332031,5.803840637207031,0,-0.10142581909894943,6.67607307434082,4,0
5630,116.5780029296875,-8.14284610748291,0.7316122651100159,-12.167588233947754,-12.899200439453125,118.33699035644531,-0.00035071372985839844,-0.007514285854995251,0,-1.4437167644500732,-0.2744002342224121,1.2904523611068726,5.803840637207031,0,-0.10142581909894943,6.691755294799805,4,0
5640,116.4955825805664,-8.301386833190918,0.7316122651100159,-16.61530876159668,-17.346921920776367,118.33699035644531,-0.00041240453720092773,-0.0100623844191432,0,-1.4594566822052002,-0.29035472869873047,1.2942720651626587,5.803840637207031,0,-0.08927492052316666,6.754483222961426,4,0
5650,116.52527618408203,-8.335101127624512,0.6960283517837524,-1.518662452697754,-2.214690685272217,118.2101058959961,-0.00038164854049682617,0.0657249242067337,0,-1.4731210470199585,-0.30226606130599976,1.2986106872558594,5.803840637207031,0,-0.08927492052316666,6.664871692657471,4,0
5660,116.44149780273438,-8.433127403259277,0.6960283517837524,-13.788453102111816,-14.484481811523438,118.2101058959961,-0.0005649924278259277,-0.011701513081789017,0,-1.487301230430603,-0.30665141344070435,1.3010003566741943,5.803840637207031,0,-0.10639825463294983,6.64470911026001,4,0
5670,116.35477447509766,-8.580042839050293,0.6960283517837524,-12.785984992980957,-13.482013702392578,118.2101058959961,-0.000537872314453125,-0.0015985289355739951,0,-1.5023901462554932,-0.30341610312461853,1.3021659851074219,5.803840637207031,0,-0.10639825463294983,6.662631511688232,4,0
5717,116.06756591796875,-9.094198226928711,0.6581343412399292,-12.872879028320312,-13.568907737731934,117.74539184570312,-0.000537872314453125,-0.0015985289355739951,0,-1.505411982536316,-0.30188077688217163,1.3021595478057861,5.803840637207031,0,-0.10639825463294983,6.662631511688232,4,0
5726,115.9759750366211,-9.31512451171875,0.6581343412399292,-21.627208709716797,-22.285343170166016,117.74539184570312,-0.0007243156433105469,-0.019316010177135468,0,-1.5005625486373901,-0.2274145483970642,1.2959314584732056,5.803840637207031,0,-0.10639825463294983,6.658151149749756,4,0
5736,115.88155364990234,-9.513956069946289,0.6581343412399292,-16.828960418701172,-17.48709487915039,117.74539184570312,-0.0006678104400634766,0.0010985839180648327,0,-1.4921791553497314,-0.13884975016117096,1.289488673210144,5.803840637207031,0,-0.12174458801746368,6.696235656738281,4,0
5746,115.86759948730469,-9.616161346435547,0.6324682831764221,-17.489856719970703,-18.122325897216797,117.06958770751953,-0.0007281303405761719,-0.011284278705716133,0,-1.482958436012268,-0.04660014063119888,1.284419059753418,5.803840637207031,0,-0.12174458801746368,6.664871692657471,4,0
5757,115.77015686035156,-9.806904792785645,0.6324682831764221,-16.954641342163086,-17.58711051940918,117.06958770751953,-0.0007803440093994141,-0.04051290825009346,0,-1.4726307392120361,0.04391344264149666,1.2820788621902466,5.803840637207031,0,-0.1205548420548439,6.673832893371582,4,0
5766,115.67112731933594,-9.96498966217041,0.6324682831764221,-15.243220329284668,-15.875688552856445,117.06958770751953,-0.0007231235504150391,0.016521291807293892,0,-1.4620375633239746,0.1288084238767624,1.282867193222046,5.803840637207031,0,-0.1205548420548439,6.664871692657471,4,0
5777,115.62271118164062,-10.099858283996582,0.6155953407287598,-18.190017700195312,-18.805612564086914,116.4161605834961,-0.0007231235504150391,0.016521291807293892,0,-1.4515957832336426,0.20770476758480072,1.286134958267212,5.803840637207031,0,-0.1342739760875702,6.655910491943359,4,0
5822,115.19332885742188,-10.890768051147461,0.6027426719665527,-17.88077163696289,-18.496366500854492,115.77368927001953,-0.0007231235504150391,0.016521291807293892,0,-1.44931960105896,0.22298875451087952,1.2872774600982666,5.803840637207031,0,-0.1342739760875702,6.655910491943359,4,0
5833,115.08293914794922,-10.969058990478516,0.6027426719665527,-7.382599830627441,-7.985342502593994,115.77368927001953,-0.0007231235504150391,0.016521291807293892,0,-1.446005940437317,0.2510998547077179,1.3010737895965576,5.803840637207031,0,-0.1342739760875702,6.655910491943359,4,0
5842,114.97929382324219,-11.056339263916016,0.5986588597297668,-8.768157958984375,-9.366816520690918,115.2375259399414,-0.0007163286209106445,0.010344763286411762,0,-1.449388027191162,0.26383814215660095,1.3150010108947754,5.803840637207031,0,-0.1413833647966385,6.662631511688232,4,0
5852,114.86798095703125,-11.150653839111328,0.5986588597297668,-8.297356605529785,-8.896015167236328,115.2375259399414,-0.0006573200225830078,0.0010985898552462459,0,-1.458234429359436,0.26733657717704773,1.328136682510376,5.803840637207031,0,-0.1413833647966385,6.729840278625488,4,0
5862,114.75563049316406,-11.252569198608398,0.5986588597297668,-10.556522369384766,-11.155180931091309,115.2375259399414,-0.0005759000778198242,0.013801831752061844,0,-1.4723166227340698,0.2704590857028961,1.339409589767456,5.803840637207031,0,-0.12435274571180344,6.723118782043457,4,0
5872,114.65592193603516,-11.35532283782959,0.5943257212638855,-11.376326560974121,-11.97065258026123,114.90737915039062,-0.0007171630859375,-0.021931156516075134,0,-1.490373134613037,0.2748188078403473,1.3488209247589111,5.803840637207031,0,-0.12435274571180344,6.6984758377075195,4,0
5883,114.53569793701172,-11.473753929138184,0.5943257212638855,-10.605913162231445,-11.200239181518555,114.90737915039062,-0.0006704330444335938,0.005643442273139954,0,-1.5115848779678345,0.2778831720352173,1.3572908639907837,5.803840637207031,0,-0.14559699594974518,6.660391330718994,4,0
5928,114.07000732421875,-11.928791999816895,0.5747684836387634,-10.751473426818848,-11.345799446105957,114.96481323242188,-0.0006704330444335938,0.005643442273139954,0,-1.5161693096160889,0.27838101983070374,1.3589094877243042,5.803840637207031,0,-0.14559699594974518,6.660391330718994,4,0
5938,114.02057647705078,-11.98397445678711,0.552610456943512,-11.044452667236328,-11.597063064575195,115.1705551147461,-0.0006704330444335938,0.005643442273139954,0,-1.545495629310608,0.2947002053260803,1.3619285821914673,5.803840637207031,0,-0.14559699594974518,6.660391330718994,4,0
5949,113.8934555053711,-12.10718822479248,0.552610456943512,-10.778889656066895,-11.331500053405762,115.1705551147461,-0.0007176995277404785,-0.01787804439663887,0,-1.576038122177124,0.3111100196838379,1.3640861511230469,5.803840637207031,0,-0.17708024382591248,6.6693525314331055,4,0
5958,113.77165222167969,-12.22219181060791,0.552610456943512,-11.319625854492188,-11.872236251831055,115.1705551147461,-0.0006222724914550781,0.01861490309238434,0,-1.6083054542541504,0.3262978196144104,1.3655178546905518,5.803840637207031,0,-0.17708024382591248,6.7186384201049805,4,0
5968,113.77606201171875,-12.23734188079834,0.513195812702179,-13.820724487304688,-14.3339204788208,115.78540802001953,-0.0006260871887207031,-0.017714129760861397,0,-1.6421525478363037,0.3402501046657562,1.3662543296813965,5.803840637207031,0,-0.17556869983673096,6.716398239135742,4,0
5979,113.65225219726562,-12.39190673828125,0.513195812702179,-15.536847114562988,-16.0500431060791,115.78540802001953,-0.0005964040756225586,0.014852358028292656,0,-1.6764366626739502,0.3601214289665222,1.3644137382507324,5.803840637207031,0,-0.17556869983673096,6.651430130004883,4,0
5989,113.52205657958984,-12.568716049194336,0.513195812702179,-16.67327117919922,-17.186466217041016,115.78540802001953,-0.0005767345428466797,0.012244656682014465,0,-1.711511492729187,0.39033105969429016,1.3576277494430542,5.803840637207031,0,-0.16616979241371155,6.7253594398498535,4,0
6034,113.16645050048828,-13.169803619384766,0.46319580078125,-17.45222282409668,-17.965417861938477,116.31456756591797,-0.0006031990051269531,0.006336343940347433,0,-1.7185847759246826,0.39808329939842224,1.3553332090377808,5.803840637207031,0,-0.16616979241371155,6.7253594398498535,4,0
6044,113.0326156616211,-13.385194778442383,0.46319580078125,-21.805253982543945,-22.268449783325195,116.31456756591797,-0.0006031990051269531,0.006336343940347433,0,-1.7401020526885986,0.49347439408302307,1.3221900463104248,5.803840637207031,0,-0.16616979241371155,6.7253594398498535,4,0
6055,112.884765625,-13.612407684326172,0.46319580078125,-20.617218017578125,-21.080413818359375,116.31456756591797,-0.0006031990051269531,0.006336343940347433,0,-1.758184790611267,0.5803776383399963,1.2909085750579834,5.803840637207031,0,-0.16616979241371155,6.7253594398498535,4,0
6064,112.89881896972656,-13.670979499816895,0.4173102080821991,-16.919681549072266,-17.336992263793945,115.19584655761719,-0.000661015510559082,0.01027024444192648,0,-1.77228581905365,0.6536369323730469,1.2649824619293213,5.803840637207031,0,-0.1777464747428894,6.640228748321533,4,0
6074,112.76081085205078,-13.834403991699219,0.4173102080821991,-14.761455535888672,-15.178765296936035,115.19584655761719,-0.0006425380706787109,-0.008080532774329185,0,-1.7859175205230713,0.7197441458702087,1.241047739982605,5.803840637207031,0,-0.1777464747428894,6.741041660308838,4,0
6084,112.6209716796875,-13.983569145202637,0.4173102080821991,-14.272716522216797,-14.69002628326416,115.19584655761719,-0.0006185173988342285,-0.0019040022743865848,0,-1.803697109222412,0.7843202352523804,1.2143524885177612,5.803840637207031,0,-0.15888741612434387,6.664871692657471,4,0
6135,112.17549896240234,-14.505240440368652,0.3358929455280304,-14.834200859069824,-15.215635299682617,114.347412109375,-0.0006185173988342285,-0.0019040022743865848,0,-1.817528247833252,0.8227349519729614,1.1959731578826904,5.803840637207031,0,-0.15888741612434387,6.664871692657471,4,0
6189,111.57942962646484,-15.198639869689941,0.28589293360710144,-15.985658645629883,-16.321552276611328,114.53114318847656,-0.0005402565002441406,0.029679007828235626,0,-1.8453764915466309,0.8838316798210144,1.1620112657546997,5.803840637207031,0,-0.18406221270561218,6.6984758377075195,4,0
6199,111.4256591796875,-15.40419864654541,0.28589293360710144,-19.938291549682617,-20.224184036254883,114.53114318847656,-0.0005402565002441406,0.029679007828235626,0,-1.8520373106002808,0.9056047797203064,1.1475640535354614,5.803840637207031,0,-0.18406221270561218,6.6984758377075195,4,0
6209,111.25504302978516,-15.62814712524414,0.28589293360710144,-21.03127670288086,-21.317169189453125,114.53114318847656,-0.0005402565002441406,0.029679007828235626,0,-1.8493629693984985,0.9158671498298645,1.1418168544769287,5.803840637207031,0,-0.18406221270561218,6.6984758377075195,4,0
6220,111.29108428955078,-15.678529739379883,0.23589293658733368,-19.729049682617188,-19.964942932128906,114.41162872314453,-0.0006504058837890625,-0.006165738683193922,0,-1.8336317539215088,0.911007821559906,1.1486388444900513,5.803840637207031,0,-0.20573186874389648,6.714158058166504,4,0
6265,110.80235290527344,-16.343353271484375,0.18589293956756592,-19.24721908569336,-19.483112335205078,114.00553894042969,-0.0006504058837890625,-0.006165738683193922,0,-1.8291712999343872,0.908213198184967,1.1513566970825195,5.803840637207031,0,-0.20573186874389648,6.714158058166504,4,0
6276,110.78367614746094,-16.374086380004883,0.14193736016750336,-16.366979598999023,-16.552871704101562,112.9677505493164,-0.0006504058837890625,-0.006165738683193922,0,-1.780555248260498,0.8179860711097717,1.2035102844238281,5.803840637207031,0,-0.20573186874389648,6.714158058166504,4,0
6286,110.60343170166016,-16.557296752929688,0.14193736016750336,-17.408254623413086,-17.55019187927246,112.9677505493164,-0.0006504058837890625,-0.006165738683193922,0,-1.7353219985961914,0.7001108527183533,1.256502389907837,5.803840637207031,0,-0.20573186874389648,6.714158058166504,4,0
6296,110.43775177001953,-16.729656219482422,0.14193736016750336,-17.562686920166016,-17.70462417602539,112.9677505493164,-0.000672757625579834,0.016104038804769516,0,-1.6970491409301758,0.5650380253791809,1.3026466369628906,5.803840637207031,0,-0.22868645191192627,6.631267070770264,4,0
6306,110.26874542236328,-16.91522789001465,0.14193736016750336,-19.013580322265625,-19.155517578125,112.9677505493164,-0.0006422996520996094,0.009405966848134995,0,-1.6654431819915771,0.41906827688217163,1.3409713506698608,5.803840637207031,0,-0.22868645191192627,6.67607307434082,4,0
6316,110.1419906616211,-17.040546417236328,0.12885607779026031,-13.90138053894043,-14.03023624420166,110.93555450439453,-0.0006566643714904785,0.015224874950945377,0,-1.639005184173584,0.26445233821868896,1.3728517293930054,5.803840637207031,0,-0.21924854815006256,6.671592712402344,4,0
6326,109.96577453613281,-17.134124755859375,0.12885607779026031,-9.209366798400879,-9.33822250366211,110.93555450439453,-0.0007251501083374023,-0.013102232478559017,0,-1.6207823753356934,0.09461016207933426,1.401192545890808,5.803840637207031,0,-0.21924854815006256,6.667111873626709,4,0
6373,109.21592712402344,-17.7145938873291,0.11063774675130844,-13.519099235534668,-13.647954940795898,110.09635925292969,-0.0007251501083374023,-0.013102232478559017,0,-1.6180943250656128,0.058898113667964935,1.4066858291625977,5.803840637207031,0,-0.21924854815006256,6.667111873626709,4,0
6384,109.03677368164062,-17.904529571533203,0.11063774675130844,-19.956422805786133,-20.067060470581055,110.09635925292969,-0.0007251501083374023,-0.013102232478559017,0,-1.6029572486877441,-0.09873142093420029,1.41603684425354,5.803840637207031,0,-0.21924854815006256,6.667111873626709,4,0
6394,108.8395004272461,-18.14089584350586,0.11063774675130844,-20.1528263092041,-20.263463973999023,110.09635925292969,-0.0007251501083374023,-0.013102232478559017,0,-1.5865800380706787,-0.2388525754213333,1.4158945083618164,5.803840637207031,0,-0.21924854815006256,6.667111873626709,4,0
6449,107.88360595703125,-19.341278076171875,0.09494969248771667,-23.281370162963867,-23.39200782775879,108.60661315917969,-0.0007251501083374023,-0.013102232478559017,0,-1.570891261100769,-0.32910069823265076,1.40616774559021,5.803840637207031,0,-0.21924854815006256,6.667111873626709,4,0
6499,106.9137191772461,-20.37822914123535,0.08220868557691574,-20.919193267822266,-21.014142990112305,107.49835205078125,-0.0005480647087097168,0.034655991941690445,0,-1.5377265214920044,-0.2858031094074249,1.3691943883895874,5.803840637207031,0,-0.23290130496025085,6.664871692657471,4,0
6508,106.71366882324219,-20.323768615722656,0.08220868557691574,6.074247360229492,5.992038726806641,107.49835205078125,-0.0005809664726257324,0.018585076555609703,0,-1.4899741411209106,-0.28203409910202026,1.347935676574707,5.803840637207031,0,-0.24911877512931824,6.629026889801025,4,0
6518,106.5102310180664,-20.268766403198242,0.08220868557691574,4.488160133361816,4.405951499938965,107.49835205078125,-0.0006747841835021973,-0.015896212309598923,0,-1.4561256170272827,-0.3303474485874176,1.3325002193450928,5.803840637207031,0,-0.24911877512931824,6.702956676483154,4,0
6528,106.34188842773438,-20.18829917907715,0.07208605110645294,3.7412471771240234,3.669161081314087,106.8621597290039,-0.0006267428398132324,0.012058365158736706,0,-1.4357500076293945,-0.43311139941215515,1.3189936876296997,5.803840637207031,0,-0.2462911605834961,6.72760009765625,4,0
6538,106.13998413085938,-20.161392211914062,0.07208605110645294,1.6517257690429688,1.5796396732330322,106.8621597290039,-0.0005633831024169922,0.009748686105012894,0,-1.426779866218567,-0.5917993187904358,1.30759596824646,5.803840637207031,0,-0.2462911605834961,6.736561298370361,4,0
6548,105.93775177001953,-20.17779541015625,0.07208605110645294,-3.963955879211426,-4.036041736602783,106.8621597290039,-0.0006638765335083008,-0.02601410448551178,0,-1.4276235103607178,-0.8127351999282837,1.302059292793274,5.803840637207031,0,-0.270110160112381,6.702956676483154,4,0
6559,105.80760955810547,-20.183063507080078,0.04990286007523537,-9.223382949829102,-9.295469284057617,106.88282012939453,-0.0006157159805297852,-0.025082780048251152,0,-1.4382184743881226,-1.0842010974884033,1.3099093437194824,5.803840637207031,0,-0.270110160112381,6.702956676483154,4,0
6604,105.02662658691406,-20.561080932617188,0.011630561202764511,-10.987656593322754,-11.037559509277344,106.88860321044922,-0.0005752444267272949,0.009242044761776924,0,-1.4415607452392578,-1.1429752111434937,1.313691258430481,5.803840637207031,0,-0.270110160112381,6.702956676483154,4,0
6613,104.82241821289062,-20.72722816467285,0.011630561202764511,-18.05052947998047,-18.06216049194336,106.88860321044922,-0.0005313754081726074,-0.022735852748155594,0,-1.096923828125,-1.4647794961929321,0.997024655342102,5.803840637207031,0,-0.2613660991191864,6.689514636993408,4,0
6623,104.68476867675781,-20.812103271484375,-0.008155942894518375,-14.470523834228516,-14.46236801147461,105.73311614990234,-0.0004805922508239746,-0.016156988218426704,0,1.4079976081848145,-1.3157225847244263,-1.4890297651290894,5.803840637207031,0,-0.2613660991191864,6.714158058166504,4,0
6634,104.47538757324219,-20.934465408325195,-0.008155942894518375,-10.925040245056152,-10.916884422302246,105.73311614990234,-0.0005028247833251953,-0.010829824954271317,0,1.5121077299118042,-0.9685305953025818,-1.5835940837860107,5.803840637207031,0,-0.27396079897880554,6.673832893371582,4,0
6643,104.26519012451172,-20.965818405151367,-0.008155942894518375,1.0276098251342773,1.0357657670974731,105.73311614990234,-0.000515282154083252,-0.006940621417015791,0,1.5378479957580566,-0.6198275685310364,-1.606831431388855,5.803840637207031,0,-0.27396079897880554,6.664871692657471,4,0
6654,104.16236877441406,-20.807451248168945,-0.03778184577822685,12.43034553527832,12.438501358032227,105.69967651367188,-0.0005165338516235352,0.008459728211164474,0,1.5488715171813965,-0.27092263102531433,-1.6188580989837646,5.803840637207031,0,-0.28312909603118896,6.662631511688232,4,0
6664,103.94697570800781,-20.61983299255371,-0.03778184577822685,20.351829528808594,20.389612197875977,105.69967651367188,-0.0004296302795410156,0.02312246896326542,0,1.55767023563385,0.07804642617702484,-1.6275502443313599,5.803840637207031,0,-0.28312909603118896,6.68727445602417,4,0
6710,103.18960571289062,-19.545984268188477,-0.07864910364151001,20.976350784301758,21.01413345336914,105.27947998046875,-0.0004296302795410156,0.02312246896326542,0,1.5595169067382812,0.1478527933359146,-1.628576636314392,5.803840637207031,0,-0.28312909603118896,6.68727445602417,4,0
6719,103.06550598144531,-19.44509506225586,-0.09865139424800873,3.7465105056762695,3.8451619148254395,104.23181915283203,-0.0004296302795410156,0.02312246896326542,0,1.5585750341415405,0.34018051624298096,-1.5611281394958496,5.803840637207031,0,-0.28312909603118896,6.68727445602417,4,0
6729,102.87361907958984,-19.428865432739258,-0.09865139424800873,0.7341442108154297,0.8327956199645996,104.23181915283203,-0.00040394067764282227,-0.005726180039346218,0,1.5609004497528076,0.49475839734077454,-1.4797066450119019,5.803840637207031,0,-0.2744200527667999,6.723118782043457,4,0
6739,102.67897033691406,-19.43489646911621,-0.09865139424800873,-1.1281890869140625,-1.0295376777648926,104.23181915283203,-0.00045746564865112305,-0.03149028867483139,0,1.5670965909957886,0.6149690747261047,-1.383386254310608,5.803840637207031,0,-0.2744200527667999,6.680553913116455,4,0
6749,102.57425689697266,-19.345245361328125,-0.12320038676261902,3.8947792053222656,4.017979621887207,103.97032165527344,-0.0003693699836730957,0.005926528014242649,0,1.5802161693572998,0.7057995200157166,-1.272716999053955,5.803840637207031,0,-0.2965037226676941,6.667111873626709,4,0
6759,102.38111877441406,-19.244543075561523,-0.12320038676261902,9.178791046142578,9.30199146270752,103.97032165527344,-0.00040036439895629883,-0.01699146069586277,0,1.6093494892120361,0.7577002644538879,-1.146523356437683,5.803840637207031,0,-0.2965037226676941,6.6693525314331055,4,0
6770,102.17915344238281,-19.18933868408203,-0.12320038676261902,5.044088363647461,5.167288780212402,103.97032165527344,-0.0004323124885559082,-0.00033196600270457566,0,1.6558324098587036,0.7603883147239685,-1.006539225578308,5.803840637207031,0,-0.29040658473968506,6.651430130004883,4,0
6816,101.44867706298828,-18.89528465270996,-0.16203665733337402,3.5984182357788086,3.72161865234375,103.519287109375,-0.0004323124885559082,-0.00033196600270457566,0,1.6661080121994019,0.7558270692825317,-0.9782503843307495,5.803840637207031,0,-0.29040658473968506,6.651430130004883,4,0
6827,101.25808715820312,-18.975801467895508,-0.16203665733337402,-8.127642631530762,-7.965605735778809,103.519287109375,-0.0004323124885559082,-0.00033196600270457566,0,1.7598408460617065,0.7312456369400024,-0.855826735496521,5.803840637207031,0,-0.29040658473968506,6.651430130004883,4,0
6836,101.05814361572266,-19.106401443481445,-0.16203665733337402,-14.730802536010742,-14.568765640258789,103.519287109375,-0.0005407333374023438,-0.010949043557047844,0,1.850030541419983,0.7282145023345947,-0.7455483078956604,5.803840637207031,0,-0.3124515414237976,6.655910491943359,4,0
6846,101.00578308105469,-19.13075828552246,-0.19896386563777924,-14.18368911743164,-13.984724998474121,103.15380859375,-0.0004953742027282715,0.008377766236662865,0,1.9427207708358765,0.7607011198997498,-0.6341467499732971,5.803840637207031,0,-0.3124515414237976,6.653670310974121,4,0
6856,100.81334686279297,-19.26481056213379,-0.19896386563777924,-12.821887969970703,-12.622923851013184,103.15380859375,-0.0005459785461425781,-0.022862518206238747,0,2.0501620769500732,0.8298478126525879,-0.5057701468467712,5.803840637207031,0,-0.3149636387825012,6.6984758377075195,4,0
6866,100.61908721923828,-19.374584197998047,-0.19896386563777924,-10.092219352722168,-9.893255233764648,103.15380859375,-0.0005262494087219238,-0.016499722376465797,0,2.194283962249756,0.9271450638771057,-0.33736419677734375,5.803840637207031,0,-0.3149636387825012,6.682794094085693,4,0
6876,100.56861114501953,-19.344438552856445,-0.23720698058605194,-8.75333309173584,-8.516125679016113,102.79327392578125,-0.00044208765029907227,0.02087984047830105,0,2.4141857624053955,1.035323977470398,-0.09043705463409424,5.803840637207031,0,-0.31022265553474426,6.646949768066406,4,0
6921,99.88076782226562,-19.57891273498535,-0.28460028767585754,-8.938681602478027,-8.7014741897583,102.52961730957031,-0.00044208765029907227,0.02087984047830105,0,2.47160005569458,1.0551486015319824,-0.027615023776888847,5.803840637207031,0,-0.31022265553474426,6.646949768066406,4,0
6932,99.68334197998047,-19.582000732421875,-0.28460028767585754,-0.8961038589477539,-0.6115036010742188,102.52961730957031,-0.00044208765029907227,0.02087984047830105,0,2.7861671447753906,1.1004925966262817,0.3004928529262543,5.803840637207031,0,-0.31022265553474426,6.646949768066406,4,0
6942,99.63807678222656,-19.45585060119629,-0.32776424288749695,-2.2867002487182617,-1.9589359760284424,102.27633666992188,-0.00029665231704711914,0.01701298914849758,0,3.0933728218078613,1.0855412483215332,0.6216913461685181,5.803840637207031,0,-0.31022265553474426,6.667111873626709,4,0
6952,99.44426727294922,-19.485532760620117,-0.32776424288749695,-3.912046432495117,-3.584282159805298,102.27633666992188,-0.0002835988998413086,0.019181108102202415,0,-2.9534521102905273,1.0264450311660767,0.8729023933410645,5.803840637207031,0,-0.3128969073295593,6.651430130004883,4,0
6962,99.24859619140625,-19.53038215637207,-0.32776424288749695,-5.412768840789795,-5.085004806518555,102.27633666992188,-0.00030606985092163086,0.014956627041101456,0,-2.791006326675415,0.9429318308830261,1.0518678426742554,5.803840637207031,0,-0.3128969073295593,6.67607307434082,4,0
6972,99.236083984375,-19.431781768798828,-0.37495091557502747,-6.578891277313232,-6.203940391540527,102.16758728027344,-0.0003349781036376953,0.018905432894825935,0,-2.6805691719055176,0.8468064069747925,1.1822823286056519,5.803840637207031,0,-0.3089105784893036,6.67607307434082,4,0
6982,99.03935241699219,-19.505002975463867,-0.37495091557502747,-8.457956314086914,-8.08300495147705,102.16758728027344,-0.0003145933151245117,0.01854035072028637,0,-2.6024508476257324,0.7433444261550903,1.2860743999481201,5.803840637207031,0,-0.33052098751068115,6.6693525314331055,4,0
7027,98.41422271728516,-19.66925048828125,-0.4249509274959564,-8.710932731628418,-8.335981369018555,102.0433578491211,-0.0003145933151245117,0.01854035072028637,0,-2.5893924236297607,0.721899151802063,1.3052161931991577,5.803840637207031,0,-0.33052098751068115,6.6693525314331055,4,0
7036,98.42496490478516,-19.622684478759766,-0.4749509394168854,-13.568806648254395,-13.093855857849121,101.86237335205078,-0.0003145933151245117,0.01854035072028637,0,-2.5169944763183594,0.6161981821060181,1.4286209344863892,5.803840637207031,0,-0.33052098751068115,6.6693525314331055,4,0
7048,98.18891906738281,-19.771581649780273,-0.4749509394168854,-12.812559127807617,-12.337608337402344,101.86237335205078,-0.0003145933151245117,0.01854035072028637,0,-2.460775375366211,0.5096126794815063,1.5340256690979004,5.803840637207031,0,-0.33052098751068115,6.6693525314331055,4,0
7059,97.9729232788086,-19.907453536987305,-0.4749509394168854,-12.110779762268066,-11.635828971862793,101.86237335205078,-0.0003860592842102051,-0.006530862767249346,0,-2.40488338470459,0.3765706717967987,1.6541553735733032,5.803840637207031,0,-0.3103765845298767,6.662631511688232,4,0
7069,97.9898910522461,-19.856090545654297,-0.5249509215354919,-12.643229484558105,-12.118278503417969,101.56847381591797,-0.0004228353500366211,0.003668979275971651,0,-2.3660688400268555,0.26176002621650696,1.7514101266860962,5.803840637207031,0,-0.3103765845298767,6.707437038421631,4,0
7079,97.788818359375,-19.990970611572266,-0.5249509215354919,-15.357267379760742,-14.832316398620605,101.56847381591797,-0.0003587007522583008,0.018368976190686226,0,-2.3334784507751465,0.14615057408809662,1.842484474182129,5.803840637207031,0,-0.32843926548957825,6.667111873626709,4,0
7124,97.14418029785156,-20.439220428466797,-0.5749509334564209,-15.395828247070312,-14.870877265930176,100.9205093383789,-0.0003587007522583008,0.018368976190686226,0,-2.3274669647216797,0.12314841151237488,1.8597925901412964,5.803840637207031,0,-0.32843926548957825,6.667111873626709,4,0
7134,96.91643524169922,-20.61634063720703,-0.5749509334564209,-15.668174743652344,-15.093223571777344,100.9205093383789,-0.0003587007522583008,0.018368976190686226,0,-2.2575533390045166,0.03931914269924164,1.8995122909545898,5.803840637207031,0,-0.32843926548957825,6.667111873626709,4,0
7144,96.71189880371094,-20.761014938354492,-0.5749509334564209,-14.434553146362305,-13.859601974487305,100.9205093383789,-0.0003587007522583008,0.018368976190686226,0,-2.1853482723236084,-0.04006049782037735,1.921359658241272,5.803840637207031,0,-0.32843926548957825,6.667111873626709,4,0
7155,96.49394989013672,-20.886831283569336,-0.5749509334564209,-12.162485122680664,-11.587533950805664,100.70895385742188,-0.00038504600524902344,-0.01053183525800705,0,-2.1111340522766113,-0.11577945947647095,1.9273041486740112,5.803840637207031,0,-0.3262940049171448,6.736561298370361,4,0
7164,96.28414154052734,-21.001352310180664,-0.5749509334564209,-11.622393608093262,-11.047442436218262,100.70895385742188,-0.00034314393997192383,0.00625432375818491,0,-2.0366859436035156,-0.1918574571609497,1.9223899841308594,5.803840637207031,0,-0.3262940049171448,6.711917400360107,4,0
7175,96.07292175292969,-21.112398147583008,-0.5749509334564209,-11.86329460144043,-11.28834342956543,100.70895385742188,-0.0002702474594116211,0.03138513118028641,0,-1.9623271226882935,-0.270246297121048,1.9084049463272095,5.803840637207031,0,-0.3339605927467346,6.685034275054932,4,0
7185,95.85775756835938,-21.226255416870117,-0.5749509334564209,-11.841588020324707,-11.266636848449707,100.70895385742188,-0.00035947561264038086,-0.014309283345937729,0,-1.8870911598205566,-0.35050201416015625,1.884631872177124,5.803840637207031,0,-0.3339605927467346,6.664871692657471,4,0
7230,94.9050521850586,-21.71440315246582,-0.5749509334564209,-11.575945854187012,-11.000994682312012,100.68441772460938,-0.00035947561264038086,-0.014309283345937729,0,-1.8717776536941528,-0.3666429817676544,1.8786410093307495,5.803840637207031,0,-0.3339605927467346,6.664871692657471,4,0
7239,94.68604278564453,-21.797706604003906,-0.5749509334564209,-8.945151329040527,-8.370200157165527,100.68441772460938,-0.00035947561264038086,-0.014309283345937729,0,-1.8123024702072144,-0.4751206636428833,1.8395111560821533,5.803840637207031,0,-0.3339605927467346,6.664871692657471,4,0
7250,94.44600677490234,-21.89011001586914,-0.5749509334564209,-8.934253692626953,-8.359302520751953,100.62178802490234,-0.00035947561264038086,-0.014309283345937729,0,-1.7523796558380127,-0.5972286462783813,1.7961269617080688,5.803840637207031,0,-0.3339605927467346,6.664871692657471,4,0
7305,93.24604797363281,-22.256427764892578,-0.5749509334564209,-7.310927391052246,-6.735976219177246,100.29548645019531,-0.00035947561264038086,-0.014309283345937729,0,-1.690846562385559,-0.7390462160110474,1.7479068040847778,5.803840637207031,0,-0.3339605927467346,6.664871692657471,4,0
7355,92.1028823852539,-23.135074615478516,-0.5749509334564209,-18.033977508544922,-17.459026336669922,99.72380828857422,-0.00036782026290893555,-0.014733975753188133,0,-1.6860624551773071,-0.8862398266792297,1.7470238208770752,5.803840637207031,0,-0.35566404461860657,6.651430130004883,4,0
7367,91.82823181152344,-23.412097930908203,-0.5749509334564209,-23.095048904418945,-22.520097732543945,99.72380828857422,-0.00023877620697021484,0.03273368254303932,0,-1.5872224569320679,-1.038697600364685,1.669220209121704,5.803840637207031,0,-0.351399302482605,6.6424689292907715,4,0
7377,91.59222412109375,-23.627412796020508,-0.5749509334564209,-21.411489486694336,-20.836538314819336,99.40255737304688,-0.00027740001678466797,-0.01343756727874279,0,-1.4418290853500366,-1.1138447523117065,1.5436279773712158,5.803840637207031,0,-0.351399302482605,6.6424689292907715,4,0
7387,91.35468292236328,-23.82246971130371,-0.5749509334564209,-19.436363220214844,-18.861412048339844,99.40255737304688,-0.0002911090850830078,-0.004414914641529322,0,-1.2539830207824707,-1.13813316822052,1.3798786401748657,5.803840637207031,0,-0.3607655167579651,6.613344669342041,4,0
7397,91.11479187011719,-24.003854751586914,-0.5749509334564209,-18.109472274780273,-17.534521102905273,99.40255737304688,-0.00027364492416381836,0.004719494841992855,0,-1.0678637027740479,-1.1176570653915405,1.2242482900619507,5.803840637207031,0,-0.3607655167579651,6.682794094085693,4,0
7407,90.86116027832031,-24.180870056152344,-0.5749509334564209,-16.83453941345215,-16.25958824157715,98.9775390625,-0.0002709031105041504,0.00927179865539074,0,-0.917583167552948,-1.0626003742218018,1.1129560470581055,5.803840637207031,0,-0.35789954662323,6.678313255310059,4,0
7417,90.6168441772461,-24.337038040161133,-0.5749509334564209,-15.3037109375,-14.728759765625,98.9775390625,-0.00034689903259277344,-0.0019115241011604667,0,-0.8046905994415283,-0.9879405498504639,1.0477714538574219,5.803840637207031,0,-0.35789954662323,6.637988567352295,4,0
7463,89.50405883789062,-24.994985580444336,-0.5749509334564209,-15.159072875976562,-14.584121704101562,98.93157958984375,-0.0003679990768432617,-0.01167923491448164,0,-0.7851136326789856,-0.9719902276992798,1.0386953353881836,5.803840637207031,0,-0.3652302324771881,6.637988567352295,4,0
7472,89.2573471069336,-25.035037994384766,-0.5749509334564209,-4.213633060455322,-3.6386821269989014,98.7077407836914,-0.00033605098724365234,-0.004161592107266188,0,-0.6509456038475037,-0.9540772438049316,0.9566977024078369,5.803840637207031,0,-0.3628705143928528,6.67607307434082,4,0
7482,89.0064468383789,-25.068466186523438,-0.5749509334564209,-3.856527328491211,-3.28157639503479,98.7077407836914,-0.0003076791763305664,0.00960708037018776,0,-0.4882575273513794,-0.9558953046798706,0.8327611684799194,5.803840637207031,0,-0.3628705143928528,6.709677219390869,4,0
7492,88.75479125976562,-25.102083206176758,-0.5749509334564209,-4.103736877441406,-3.5287859439849854,98.7077407836914,-0.00032770633697509766,0.00916004553437233,0,-0.2773175835609436,-0.9672920107841492,0.642850399017334,5.803840637207031,0,-0.36798566579818726,6.711917400360107,4,0
7502,88.50200653076172,-25.145044326782227,-0.5749509334564209,-5.290989398956299,-4.716038703918457,98.37974548339844,-0.0003173947334289551,0.008638504892587662,0,-0.005683367606252432,-0.9655705690383911,0.37222036719322205,5.803840637207031,0,-0.36798566579818726,6.680553913116455,4,0
7513,88.24967193603516,-25.197526931762695,-0.5749509334564209,-6.10120153427124,-5.526250839233398,98.37974548339844,-0.00036585330963134766,-0.00038415222661569715,0,0.30872276425361633,-0.9177571535110474,0.03768663853406906,5.803840637207031,0,-0.3784763813018799,6.711917400360107,4,0
7523,87.99529266357422,-25.24770736694336,-0.5749509334564209,-5.028088092803955,-4.453137397766113,98.37974548339844,-0.0003579258918762207,-0.01374304760247469,0,0.5994475483894348,-0.7982320189476013,-0.2915840148925781,5.803840637207031,0,-0.3784763813018799,6.67607307434082,4,0
7569,86.82398223876953,-25.427722930908203,-0.5749509334564209,-4.4690165519714355,-3.8940656185150146,97.7870101928711,-0.0003579258918762207,-0.01374304760247469,0,0.6490463614463806,-0.7654722929000854,-0.35065320134162903,5.803840637207031,0,-0.3784763813018799,6.67607307434082,4,0
7579,86.56877136230469,-25.47608757019043,-0.5749509334564209,-4.33933162689209,-3.764380693435669,97.7870101928711,-0.0003579258918762207,-0.01374304760247469,0,0.8213481903076172,-0.5526043176651001,-0.5536471009254456,5.803840637207031,0,-0.3784763813018799,6.67607307434082,4,0
7591,86.2652359008789,-25.505647659301758,-0.5749509334564209,-2.848957061767578,-2.2740061283111572,97.7870101928711,-0.0002237558364868164,-0.0065457867458462715,0,0.9209598898887634,-0.291727215051651,-0.6795097589492798,5.803840637207031,0,-0.3667352795600891,6.700716018676758,4,0
7601,86.00926208496094,-25.531932830810547,-0.5749509334564209,-3.5882582664489746,-3.0133073329925537,97.49256134033203,-0.00022739171981811523,-0.016455059871077538,0,0.9589541554450989,-0.0866367295384407,-0.7303438782691956,5.803840637207031,0,-0.36508113145828247,6.6491899490356445,4,0
7611,85.75244140625,-25.567319869995117,-0.5749509334564209,-4.6009931564331055,-4.0260419845581055,97.49256134033203,-0.00021594762802124023,-0.002000932116061449,0,0.9749301671981812,0.1039496660232544,-0.7516449689865112,5.803840637207031,0,-0.36508113145828247,6.664871692657471,4,0
7621,85.49594116210938,-25.617267608642578,-0.5749509334564209,-6.122889518737793,-5.547938346862793,97.49256134033203,-0.00023889541625976562,0.0008302898495458066,0,0.977165162563324,0.2821095287799835,-0.7537878155708313,5.803840637207031,0,-0.3926656246185303,6.595422744750977,4,0
7631,85.22581481933594,-25.68498420715332,-0.5749509334564209,-7.559614658355713,-6.984663963317871,97.37552642822266,-0.0002764463424682617,-0.008453134447336197,0,0.9676344990730286,0.450819194316864,-0.744605302810669,5.803840637207031,0,-0.3926656246185303,6.664871692657471,4,0
7677,84.06422424316406,-25.997468948364258,-0.5749509334564209,-7.526640892028809,-6.951689720153809,97.46223449707031,-0.0002764463424682617,-0.008453134447336197,0,0.9642512202262878,0.4840452969074249,-0.742371678352356,5.803840637207031,0,-0.3926656246185303,6.664871692657471,4,0
7688,83.77571868896484,-26.07284164428711,-0.5749509334564209,-7.424661159515381,-6.849710464477539,97.46983337402344,-0.0002764463424682617,-0.008453134447336197,0,0.8553631901741028,0.6443179249763489,-0.7984873056411743,5.803840637207031,0,-0.3926656246185303,6.664871692657471,4,0
7698,83.49051666259766,-26.15520477294922,-0.5749509334564209,-8.815810203552246,-8.240859031677246,97.46983337402344,-0.00027877092361450195,-0.004958816803991795,0,0.6517550945281982,0.8172550797462463,-0.9536932706832886,5.803840637207031,0,-0.3973466753959656,6.664871692657471,4,0
7708,83.2278823852539,-26.250276565551758,-0.5749509334564209,-11.120676040649414,-10.545724868774414,97.46983337402344,-0.00024831295013427734,0.01936732791364193,0,0.4006184935569763,0.9213055968284607,-1.1768758296966553,5.803840637207031,0,-0.3973466753959656,6.64470911026001,4,0
7719,82.96307373046875,-26.37398910522461,-0.5749509334564209,-14.18417739868164,-13.60922622680664,97.01872253417969,-0.00023496150970458984,0.0062841079197824,0,0.09370066225528717,0.9638925194740295,-1.4668545722961426,5.803840637207031,0,-0.3930385410785675,6.602143287658691,4,0
7728,82.69805145263672,-26.530101776123047,-0.5749509334564209,-17.533979415893555,-16.959028244018555,97.01872253417969,-0.00025159120559692383,0.0042351968586444855,0,-0.19238537549972534,0.9413286447525024,-1.746112585067749,5.803840637207031,0,-0.3930385410785675,6.673832893371582,4,0
7738,82.42984008789062,-26.71676254272461,-0.5749509334564209,-20.006216049194336,-19.431264877319336,97.01872253417969,-0.00023514032363891602,0.003773261560127139,0,-0.39557957649230957,0.8794615864753723,-1.951228380203247,5.803840637207031,0,-0.4050915837287903,6.678313255310059,4,0
7785,81.17855834960938,-27.633769989013672,-0.5749509334564209,-20.49040985107422,-19.91545867919922,96.25261688232422,-0.00023514032363891602,0.003773261560127139,0,-0.42580533027648926,0.8653868436813354,-1.982678771018982,5.803840637207031,0,-0.4050915837287903,6.678313255310059,4,0
7796,80.89952087402344,-27.784883499145508,-0.5749509334564209,-14.354344367980957,-13.779393196105957,96.25261688232422,-0.00023514032363891602,0.003773261560127139,0,-0.2982718348503113,0.8778772950172424,-1.8724455833435059,5.803840637207031,0,-0.4050915837287903,6.678313255310059,4,0
7805,80.59922790527344,-27.912429809570312,-0.5749509334564209,-11.058448791503906,-10.483497619628906,96.25261688232422,-0.0002867579460144043,-0.023853495717048645,0,-0.12749525904655457,0.8832646608352661,-1.7185841798782349,5.803840637207031,0,-0.41229602694511414,6.682794094085693,4,0
7815,80.31887817382812,-28.002832412719727,-0.5749509334564209,-8.757328987121582,-8.182377815246582,95.98895263671875,-0.0002307891845703125,-0.002537383232265711,0,0.06769909709692001,0.866574764251709,-1.5396978855133057,5.803840637207031,0,-0.41229602694511414,6.662631511688232,4,0
7825,80.03699493408203,-28.074106216430664,-0.5749509334564209,-7.070041179656982,-6.495090484619141,95.98895263671875,-0.00023871660232543945,-0.003133431077003479,0,0.26013562083244324,0.820110023021698,-1.3629060983657837,5.803840637207031,0,-0.39573654532432556,6.682794094085693,4,0
7835,79.75529479980469,-28.131057739257812,-0.5749509334564209,-5.831722259521484,-5.256771087646484,95.98895263671875,-0.00022619962692260742,-0.004221215844154358,0,0.4285407066345215,0.7445471286773682,-1.2093214988708496,5.803840637207031,0,-0.39573654532432556,6.700716018676758,4,0
7889,78.26439666748047,-28.392223358154297,-0.5749509334564209,-5.515880107879639,-4.940929412841797,95.67498016357422,-0.00022619962692260742,-0.004221215844154358,0,0.5136246085166931,0.68735271692276,-1.1324937343597412,5.803840637207031,0,-0.39573654532432556,6.700716018676758,4,0
7942,76.7571029663086,-28.737924575805664,-0.5749509334564209,-7.106855392456055,-6.531904220581055,95.26884460449219,-0.0002237558364868164,-0.00951112899929285,0,0.5779962539672852,0.5644999742507935,-1.0688410997390747,5.803840637207031,0,-0.39774227142333984,6.664871692657471,4,0
7952,76.46775817871094,-28.808794021606445,-0.5749509334564209,-7.543849945068359,-6.968898773193359,95.26884460449219,-0.0002237558364868164,-0.00951112899929285,0,0.5825383067131042,0.4414045810699463,-1.034129023551941,5.803840637207031,0,-0.39774227142333984,6.664871692657471,4,0
7963,76.13468170166016,-28.888044357299805,-0.5749509334564209,-7.399230003356934,-6.824278831481934,95.26884460449219,-0.0002237558364868164,-0.00951112899929285,0,0.5767127275466919,0.31856241822242737,-0.9985263347625732,5.803840637207031,0,-0.39774227142333984,6.664871692657471,4,0
8013,74.69243621826172,-29.233959197998047,-0.5749509334564209,-7.544018745422363,-6.969067573547363,95.22502899169922,-0.00023370981216430664,-0.0038486914709210396,0,0.5686749815940857,0.24480471014976501,-0.973694920539856,5.803840637207031,0,-0.41421979665756226,6.709677219390869,4,0
8022,74.39768981933594,-29.29010009765625,-0.5749509334564209,-6.374015808105469,-5.799064636230469,95.22502899169922,-0.00023370981216430664,-0.0038486914709210396,0,0.5499016046524048,0.11102983355522156,-0.8331462740898132,5.803840637207031,0,-0.41421979665756226,6.709677219390869,4,0
8035,74.07447814941406,-29.360000610351562,-0.5749509334564209,-7.258312225341797,-6.683361053466797,94.88372039794922,-0.00023370981216430664,-0.0038486914709210396,0,0.5165414214134216,-0.02008044347167015,-0.6706885099411011,5.803840637207031,0,-0.41421979665756226,6.709677219390869,4,0
8043,73.78349304199219,-29.43080711364746,-0.5749509334564209,-7.995264530181885,-7.420313835144043,94.88372039794922,-0.0001894831657409668,0.01926301047205925,0,0.46602052450180054,-0.1430114358663559,-0.49382203817367554,5.803840637207031,0,-0.4266335666179657,6.597662925720215,4,0
8053,73.48723602294922,-29.509180068969727,-0.5749509334564209,-8.612746238708496,-8.037795066833496,94.88372039794922,-0.00029146671295166016,-0.010055026970803738,0,0.39862701296806335,-0.25340354442596436,-0.30719441175460815,5.803840637207031,0,-0.4266335666179657,6.651430130004883,4,0
8064,73.1910171508789,-29.59341812133789,-0.5749509334564209,-9.248414993286133,-8.673463821411133,94.242919921875,-0.00028121471405029297,-0.009838957339525223,0,0.3174874186515808,-0.3484276235103607,-0.11753182858228683,5.803840637207031,0,-0.41843298077583313,6.664871692657471,4,0
8074,72.88114166259766,-29.683921813964844,-0.5749509334564209,-9.149836540222168,-8.574885368347168,94.242919921875,-0.00026047229766845703,-0.003319698851555586,0,0.22980977594852448,-0.42789557576179504,0.06139882653951645,5.803840637207031,0,-0.41843298077583313,6.664871692657471,4,0
8119,71.5432357788086,-30.07072639465332,-0.5749509334564209,-9.212824821472168,-8.637873649597168,93.771240234375,-0.00026047229766845703,-0.003319698851555586,0,0.21209284663200378,-0.44222280383110046,0.09492716193199158,5.803840637207031,0,-0.41843298077583313,6.664871692657471,4,0
8129,71.24075317382812,-30.149890899658203,-0.5749509334564209,-8.43906307220459,-7.86411190032959,93.51876831054688,-0.00026047229766845703,-0.003319698851555586,0,0.21859073638916016,-0.5273033380508423,0.058406710624694824,5.803840637207031,0,-0.41843298077583313,6.664871692657471,4,0
8141,70.90829467773438,-30.23588752746582,-0.5749509334564209,-8.351643562316895,-7.7766923904418945,93.51876831054688,-0.00026047229766845703,-0.003319698851555586,0,0.2541404068470001,-0.6150640845298767,-0.013001427985727787,5.803840637207031,0,-0.41843298077583313,6.664871692657471,4,0
8150,70.59403228759766,-30.317447662353516,-0.5749509334564209,-8.584346771240234,-8.009395599365234,93.51876831054688,-0.00020354986190795898,-0.0024777858052402735,0,0.3199321925640106,-0.701465368270874,-0.11092726141214371,5.803840637207031,0,-0.4003150165081024,6.6491899490356445,4,0
8160,70.28970336914062,-30.398944854736328,-0.5749509334564209,-8.860706329345703,-8.285755157470703,93.23230743408203,-0.00022679567337036133,-0.004809818230569363,0,0.4190400242805481,-0.7825014591217041,-0.23246361315250397,5.803840637207031,0,-0.4003150165081024,6.611104488372803,4,0
8170,69.98384857177734,-30.487323760986328,-0.5749509334564209,-9.802465438842773,-9.227514266967773,93.23230743408203,-0.0001703500747680664,-0.0004363260813988745,0,0.5482643246650696,-0.8545502424240112,-0.3715249001979828,5.803840637207031,0,-0.4277699589729309,6.67607307434082,4,0
8180,69.67674255371094,-30.585660934448242,-0.5749509334564209,-10.62839126586914,-10.05344009399414,93.23230743408203,-0.00011873245239257812,0.012192407622933388,0,0.7009745240211487,-0.9164373874664307,-0.5208496451377869,5.803840637207031,0,-0.4277699589729309,6.611104488372803,4,0
8228,68.22122192382812,-31.085073471069336,-0.5749509334564209,-11.155052185058594,-10.580101013183594,93.27259063720703,-0.00011873245239257812,0.012192407622933388,0,0.7335447669029236,-0.9277046322822571,-0.5512519478797913,5.803840637207031,0,-0.4277699589729309,6.611104488372803,4,0
8238,67.9071044921875,-31.258813858032227,-0.5749509334564209,-18.16107177734375,-17.58612060546875,93.27259063720703,-0.00011873245239257812,0.012192407622933388,0,0.7166169285774231,-1.0538272857666016,-0.48018044233322144,5.803840637207031,0,-0.4277699589729309,6.611104488372803,4,0
8248,67.56251525878906,-31.459617614746094,-0.5749509334564209,-19.36675453186035,-18.79180335998535,93.27259063720703,-0.00011873245239257812,0.012192407622933388,0,0.5837106108665466,-1.1944806575775146,-0.2925099730491638,5.803840637207031,0,-0.4277699589729309,6.611104488372803,4,0
8305,65.80941009521484,-32.5806770324707,-0.5749509334564209,-21.171123504638672,-20.596172332763672,92.92808532714844,-0.00011873245239257812,0.012192407622933388,0,0.12180723994970322,-1.3173848390579224,0.22231484949588776,5.803840637207031,0,-0.4277699589729309,6.611104488372803,4,0
8353,64.16776275634766,-33.50275802612305,-0.5749509334564209,-19.27801513671875,-18.70306396484375,92.31395721435547,-0.00016623735427856445,-0.00713439891114831,0,-0.6243992447853088,-1.2893930673599243,0.9864902496337891,5.803840637207031,0,-0.4061194360256195,6.67607307434082,4,0
8365,63.77131652832031,-33.60710144042969,-0.5749509334564209,-9.507682800292969,-8.932731628417969,92.31395721435547,-0.0001717209815979004,0.005047296639531851,0,-1.203949213027954,-1.0451323986053467,1.5532954931259155,5.803840637207031,0,-0.4177892208099365,6.678313255310059,4,0
8375,63.4331169128418,-33.69474411010742,-0.5749509334564209,-9.068881034851074,-8.493929862976074,92.31395721435547,-0.0001717209815979004,0.005047296639531851,0,-1.3725101947784424,-0.8249551057815552,1.7004542350769043,5.803840637207031,0,-0.4177892208099365,6.660391330718994,4,0
8385,63.09484100341797,-33.776397705078125,-0.5749509334564209,-8.474288940429688,-7.8993377685546875,91.66584777832031,-0.0001742243766784668,-0.0019637001678347588,0,-1.4707958698272705,-0.6230173707008362,1.7667874097824097,5.803840637207031,0,-0.4266025722026825,6.700716018676758,4,0
8395,62.75588607788086,-33.85109329223633,-0.5749509334564209,-7.817320346832275,-7.242369651794434,91.66584777832031,-0.00013655424118041992,0.021043693646788597,0,-1.544552206993103,-0.44478777050971985,1.7969650030136108,5.803840637207031,0,-0.4266025722026825,6.696235656738281,4,0
8405,62.416141510009766,-33.92066192626953,-0.5749509334564209,-7.260390758514404,-6.6854400634765625,91.66584777832031,-0.00016248226165771484,-0.008006121963262558,0,-1.6094372272491455,-0.28811901807785034,1.806813359260559,5.803840637207031,0,-0.4348936378955841,6.63574743270874,4,0
8415,62.07301330566406,-33.985206604003906,-0.5749509334564209,-6.821691989898682,-6.24674129486084,91.65489196777344,-0.00011748075485229492,0.00799027644097805,0,-1.672144889831543,-0.1515224128961563,1.8030873537063599,5.803840637207031,0,-0.4348936378955841,6.615584850311279,4,0
8460,60.56365203857422,-34.25602722167969,-0.5749509334564209,-6.697086334228516,-6.122135162353516,91.4395523071289,-0.00011748075485229492,0.00799027644097805,0,-1.6847562789916992,-0.1265593022108078,1.8010708093643188,5.803840637207031,0,-0.4348936378955841,6.615584850311279,4,0
8469,60.2252197265625,-34.314571380615234,-0.5749509334564209,-6.657998085021973,-6.083046913146973,91.4395523071289,-0.00011819601058959961,-0.004467096645385027,0,-1.7530518770217896,-0.0929456576704979,1.795600175857544,5.803840637207031,0,-0.41388604044914246,6.640228748321533,4,0
8479,59.880096435546875,-34.381622314453125,-0.5749509334564209,-7.669260025024414,-7.094308853149414,91.188232421875,-0.00011432170867919922,0.02100643701851368,0,-1.8219207525253296,-0.07858924567699432,1.7957146167755127,5.803840637207031,0,-0.41388604044914246,6.664871692657471,4,0
8489,59.53531265258789,-34.459842681884766,-0.5749509334564209,-8.897462844848633,-8.322511672973633,91.188232421875,-0.0001308917999267578,-0.0036549847573041916,0,-1.8907737731933594,-0.08126644790172577,1.8052197694778442,5.803840637207031,0,-0.4221329987049103,6.678313255310059,4,0
8499,59.18933868408203,-34.55030822753906,-0.5749509334564209,-10.083518028259277,-9.508566856384277,91.188232421875,-0.00016754865646362305,-0.0064638517796993256,0,-1.9589546918869019,-0.09701811522245407,1.826579213142395,5.803840637207031,0,-0.4221329987049103,6.6693525314331055,4,0
8509,58.84236526489258,-34.651668548583984,-0.5749509334564209,-11.061662673950195,-10.486711502075195,90.73377227783203,-0.00016617774963378906,-0.006888536270707846,0,-2.0257978439331055,-0.12096302211284637,1.8607025146484375,5.803840637207031,0,-0.4186239540576935,6.667111873626709,4,0
8519,58.48727035522461,-34.764892578125,-0.5749509334564209,-11.968987464904785,-11.394036293029785,90.73377227783203,-0.00011628866195678711,0.009897621348500252,0,-2.0902249813079834,-0.14823055267333984,1.9075943231582642,5.803840637207031,0,-0.4186239540576935,6.689514636993408,4,0
8566,56.86118698120117,-35.29625701904297,-0.5749509334564209,-12.022077560424805,-11.447126388549805,90.13075256347656,-0.00011628866195678711,0.009897621348500252,0,-2.102728843688965,-0.1534346491098404,1.9181517362594604,5.803840637207031,0,-0.4186239540576935,6.689514636993408,4,0
8576,56.50605773925781,-35.44660568237305,-0.5749509334564209,-15.627216339111328,-15.052265167236328,90.13075256347656,-0.00011628866195678711,0.009897621348500252,0,-2.124149799346924,-0.15080483257770538,1.9750293493270874,5.803840637207031,0,-0.4186239540576935,6.689514636993408,4,0
8588,56.08189010620117,-35.62725067138672,-0.5749509334564209,-15.775321960449219,-15.200370788574219,90.13075256347656,-0.00010442733764648438,0.0031697452068328857,0,-2.1362452507019043,-0.13072749972343445,2.033109188079834,5.803840637207031,0,-0.42395704984664917,6.640228748321533,4,0
8598,55.72431945800781,-35.78004837036133,-0.5749509334564209,-15.898355484008789,-15.323404312133789,89.87925720214844,-0.00013303756713867188,-0.0043255421333014965,0,-2.1350159645080566,-0.09884656965732574,2.070673942565918,5.803840637207031,0,-0.4398614466190338,6.673832893371582,4,0
8608,55.36474609375,-35.933372497558594,-0.5749509334564209,-15.712396621704102,-15.137445449829102,89.87925720214844,-0.0001493692398071289,-0.012953313998878002,0,-2.124441623687744,-0.05265318602323532,2.0978128910064697,5.803840637207031,0,-0.4398614466190338,6.7186384201049805,4,0
8618,55.00263214111328,-36.08562469482422,-0.5749509334564209,-15.690664291381836,-15.115713119506836,89.87925720214844,-0.00011068582534790039,-0.008341403678059578,0,-2.1062099933624268,0.007963095791637897,2.1153481006622314,5.803840637207031,0,-0.4398614466190338,6.667111873626709,4,0
8628,54.632179260253906,-36.239524841308594,-0.5749509334564209,-15.577560424804688,-15.002609252929688,89.4632797241211,-0.00011068582534790039,0.0038551967591047287,0,-2.082099676132202,0.08412890881299973,2.1242215633392334,5.803840637207031,0,-0.42276090383529663,6.629026889801025,4,0
8673,52.996883392333984,-36.91013717651367,-0.5749509334564209,-15.57377815246582,-14.99882698059082,89.2815170288086,-0.00011068582534790039,0.0038551967591047287,0,-2.0767996311187744,0.10113924741744995,2.1251862049102783,5.803840637207031,0,-0.42276090383529663,6.629026889801025,4,0
8684,52.58698272705078,-37.053138732910156,-0.5749509334564209,-13.498437881469727,-12.923486709594727,89.2815170288086,-0.00011068582534790039,0.0038551967591047287,0,-2.055253267288208,0.24816976487636566,2.1030168533325195,5.803840637207031,0,-0.42276090383529663,6.629026889801025,4,0
8695,52.166072845458984,-37.193023681640625,-0.5749509334564209,-12.52076244354248,-11.94581127166748,89.21857452392578,-0.00008821487426757812,0.00948782917112112,0,-2.0413296222686768,0.4437299370765686,2.0692830085754395,5.803840637207031,0,-0.4320097267627716,6.6491899490356445,4,0
8705,51.79277420043945,-37.307682037353516,-0.5749509334564209,-11.17916488647461,-10.60421371459961,89.21857452392578,-0.00006645917892456055,0.01648392528295517,0,-2.0454747676849365,0.6223212480545044,2.03027081489563,5.803840637207031,0,-0.4320097267627716,6.6693525314331055,4,0
8715,51.41814422607422,-37.398338317871094,-0.5749509334564209,-8.903287887573242,-8.328336715698242,89.21857452392578,-0.00010311603546142578,0.0061052655801177025,0,-2.0748348236083984,0.8131226301193237,1.9713077545166016,5.803840637207031,0,-0.4405971169471741,6.685034275054932,4,0
8725,51.04136657714844,-37.465728759765625,-0.5749509334564209,-5.925654411315918,-5.350703239440918,89.0541763305664,-0.00011038780212402344,-0.0017625477630645037,0,-2.157594680786133,1.0132018327713013,1.8645718097686768,5.803840637207031,0,-0.4405971169471741,6.6424689292907715,4,0
8736,50.655174255371094,-37.51316452026367,-0.5749509334564209,-4.615570545196533,-4.040619850158691,89.0541763305664,-0.00011652708053588867,-0.00891510583460331,0,-2.3902506828308105,1.212486743927002,1.6132539510726929,5.803840637207031,0,-0.42749080061912537,6.629026889801025,4,0
8781,48.95470428466797,-37.679039001464844,-0.5749509334564209,-4.24232816696167,-3.667377233505249,88.89386749267578,-0.00011652708053588867,-0.00891510583460331,0,-2.4777557849884033,1.2488675117492676,1.5225567817687988,5.803840637207031,0,-0.42749080061912537,6.629026889801025,4,0
8791,48.573951721191406,-37.73527908325195,-0.5749509334564209,-4.854203701019287,-4.279253005981445,88.91773223876953,-0.00011652708053588867,-0.00891510583460331,0,2.8418638706207275,1.316646695137024,0.5528682470321655,5.803840637207031,0,-0.42749080061912537,6.629026889801025,4,0
8802,48.167232513427734,-37.76972579956055,-0.5749509334564209,-3.2434988021850586,-2.6685478687286377,88.91773223876953,-0.00010722875595092773,0.005084538832306862,0,2.168397903442383,1.1496384143829346,-0.12678466737270355,5.803840637207031,0,-0.42749080061912537,6.631267070770264,4,0
8812,47.790306091308594,-37.787940979003906,-0.5749509334564209,-2.1560215950012207,-1.5810706615447998,88.91773223876953,-0.00015044212341308594,-0.007335578091442585,0,1.9340088367462158,0.9106979370117188,-0.3678644001483917,5.803840637207031,0,-0.4373065233230591,6.640228748321533,4,0
8822,47.411109924316406,-37.80246353149414,-0.5749509334564209,-2.182656764984131,-1.60770583152771,88.5422592163086,-0.0001119375228881836,-0.0011068927124142647,0,1.831809401512146,0.6624239683151245,-0.4772944450378418,5.803840637207031,0,-0.4373065233230591,6.702956676483154,4,0
8832,47.025634765625,-37.8277587890625,-0.5749509334564209,-3.5877113342285156,-3.0127604007720947,88.5422592163086,-0.00010883808135986328,0.012646880000829697,0,1.7769602537155151,0.42015692591667175,-0.539630115032196,5.803840637207031,0,-0.44614920020103455,6.72760009765625,4,0
8842,46.635887145996094,-37.86971664428711,-0.5749509334564209,-5.3567938804626465,-4.781843185424805,88.5422592163086,-0.00014704465866088867,-0.00908646360039711,0,1.7430310249328613,0.19088096916675568,-0.5805026888847351,5.803840637207031,0,-0.44614920020103455,6.59318208694458,4,0
8888,44.90790557861328,-38.10226821899414,-0.5749509334564209,-5.687095642089844,-5.112144470214844,87.71630859375,-0.00014704465866088867,-0.00908646360039711,0,1.737677812576294,0.1467985063791275,-0.5870944857597351,5.803840637207031,0,-0.43966782093048096,6.59318208694458,4,0
8899,44.52314376831055,-38.21940994262695,-0.5749509334564209,-12.694369316101074,-12.119418144226074,87.71630859375,-0.00014704465866088867,-0.00908646360039711,0,1.712061882019043,-0.0026235543191432953,-0.6007205247879028,5.803840637207031,0,-0.43966782093048096,6.59318208694458,4,0
8909,44.10432052612305,-38.35686111450195,-0.5749509334564209,-13.599445343017578,-13.024494171142578,87.71630859375,-0.00014704465866088867,-0.00908646360039711,0,1.6860791444778442,-0.1365847885608673,-0.6074087619781494,5.803840637207031,0,-0.43966782093048096,6.59318208694458,4,0
8919,43.724002838134766,-38.493133544921875,-0.5749509334564209,-14.799724578857422,-14.224773406982422,87.50348663330078,-0.00011259317398071289,-0.0072983261197805405,0,1.6573506593704224,-0.25420188903808594,-0.6078522801399231,5.803840637207031,0,-0.4408815801143646,6.67607307434082,4,0
8929,43.336097717285156,-38.64250946044922,-0.5749509334564209,-15.837571144104004,-15.262619972229004,87.50348663330078,-0.0001589059829711914,-0.021208560094237328,0,1.6239210367202759,-0.3553529977798462,-0.6024350523948669,5.803840637207031,0,-0.4408815801143646,6.646949768066406,4,0
8939,42.94807434082031,-38.80030059814453,-0.5749509334564209,-16.580787658691406,-16.005836486816406,87.50348663330078,-0.00009524822235107422,0.013436640612781048,0,1.5841344594955444,-0.4384689927101135,-0.5916259288787842,5.803840637207031,0,-0.4246453642845154,6.700716018676758,4,0
8949,42.553993225097656,-38.967132568359375,-0.5749509334564209,-17.20221519470215,-16.62726402282715,87.28533172607422,-0.0000852346420288086,0.00506218895316124,0,1.5369681119918823,-0.5014743804931641,-0.5764620304107666,5.803840637207031,0,-0.4246453642845154,6.651430130004883,4,0
8995,40.76813888549805,-39.72212600708008,-0.5749509334564209,-17.208417892456055,-16.633466720581055,86.74508666992188,-0.0000852346420288086,0.00506218895316124,0,1.5266196727752686,-0.5115754008293152,-0.5730681419372559,5.803840637207031,0,-0.4246453642845154,6.651430130004883,4,0
9006,40.366966247558594,-39.856224060058594,-0.5749509334564209,-12.941473007202148,-12.366521835327148,86.47440338134766,-0.0000852346420288086,0.00506218895316124,0,1.4573073387145996,-0.4479941427707672,-0.587331235408783,5.803840637207031,0,-0.4246453642845154,6.651430130004883,4,0
9015,39.9290885925293,-39.96199035644531,-0.5749509334564209,-8.489059448242188,-7.9141082763671875,86.47440338134766,-0.0000852346420288086,0.00506218895316124,0,1.3926312923431396,-0.3633331060409546,-0.6223443746566772,5.803840637207031,0,-0.4246453642845154,6.651430130004883,4,0
9025,39.53076171875,-40.02911376953125,-0.5749509334564209,-6.7463788986206055,-6.1714277267456055,86.47440338134766,-0.0001684427261352539,-0.022184593603014946,0,1.333369493484497,-0.26779764890670776,-0.6775506734848022,5.803840637207031,0,-0.42810237407684326,6.700716018676758,4,0
9035,39.1283073425293,-40.07362365722656,-0.5749509334564209,-4.183348178863525,-3.6083972454071045,86.47440338134766,-0.00007218122482299805,0.013876218348741531,0,1.2784875631332397,-0.17182889580726624,-0.7489143013954163,5.803840637207031,0,-0.42810237407684326,6.637988567352295,4,0
9045,38.726356506347656,-40.097721099853516,-0.5749509334564209,-2.4923248291015625,-1.9173738956451416,86.19886016845703,-0.00011163949966430664,-0.006970508024096489,0,1.2289868593215942,-0.08799727261066437,-0.8298909068107605,5.803840637207031,0,-0.4431842565536499,6.678313255310059,4,0
9055,38.322349548339844,-40.11878204345703,-0.5749509334564209,-2.551182270050049,-1.976231336593628,86.19886016845703,-0.00005626678466796875,0.0180559940636158,0,1.1831461191177368,-0.021007753908634186,-0.9126939177513123,5.803840637207031,0,-0.4431842565536499,6.662631511688232,4,0
9101,36.520503997802734,-40.20966339111328,-0.5749509334564209,-2.6007814407348633,-2.0258305072784424,85.66047668457031,-0.00005626678466796875,0.0180559940636158,0,1.1746814250946045,-0.01029090117663145,-0.9288029670715332,5.803840637207031,0,-0.4431842565536499,6.662631511688232,4,0
9111,36.11603546142578,-40.1674690246582,-0.5749509334564209,4.206804275512695,4.781755447387695,85.66047668457031,-0.00005626678466796875,0.0180559940636158,0,1.1772512197494507,-0.12661749124526978,-0.8993930220603943,5.803840637207031,0,-0.4431842565536499,6.662631511688232,4,0
9121,35.67518997192383,-40.10788345336914,-0.5749509334564209,5.2321367263793945,5.8070878982543945,85.66047668457031,-0.00005626678466796875,0.0180559940636158,0,1.1812407970428467,-0.28323444724082947,-0.8453088998794556,5.803840637207031,0,-0.4431842565536499,6.662631511688232,4,0
9177,33.49688720703125,-39.79136657714844,-0.5749509334564209,5.239246368408203,5.814197540283203,85.09918212890625,-0.00005626678466796875,0.0180559940636158,0,1.1799981594085693,-0.4778730273246765,-0.7699561715126038,5.803840637207031,0,-0.4431842565536499,6.662631511688232,4,0
9226,31.57822608947754,-39.829246520996094,-0.5749509334564209,-1.4328422546386719,-0.857891321182251,84.89021301269531,-0.0000775456428527832,0.008370237424969673,0,1.1891624927520752,-0.625802218914032,-0.7539153099060059,5.803840637207031,0,-0.45626068115234375,6.667111873626709,4,0
9234,31.184791564941406,-39.88053894042969,-0.5749509334564209,-6.380205154418945,-5.805253982543945,84.89021301269531,-0.00009483098983764648,-0.0036624486092478037,0,1.1300197839736938,-0.8434699177742004,-0.7392823100090027,5.803840637207031,0,-0.44751331210136414,6.631267070770264,4,0
9244,30.784624099731445,-39.947654724121094,-0.5749509334564209,-7.716411590576172,-7.141460418701172,84.89021301269531,-0.000055670738220214844,0.02183343842625618,0,1.0135669708251953,-1.0558364391326904,-0.672075629234314,5.803840637207031,0,-0.44751331210136414,6.637988567352295,4,0
9254,30.3822021484375,-40.02653503417969,-0.5749509334564209,-8.852599143981934,-8.277647972106934,84.89021301269531,-0.00010651350021362305,-0.0026119183748960495,0,0.7360044717788696,-1.2516593933105469,-0.4469258785247803,5.803840637207031,0,-0.451434850692749,6.6693525314331055,4,0
9264,29.980449676513672,-40.118045806884766,-0.5749509334564209,-10.369412422180176,-9.794461250305176,84.9875259399414,-0.00007069110870361328,0.012691576033830643,0,-0.048910342156887054,-1.3692892789840698,0.2835776209831238,5.803840637207031,0,-0.451434850692749,6.667111873626709,4,0
9274,29.577299118041992,-40.22578048706055,-0.5749509334564209,-12.016948699951172,-11.441997528076172,84.9875259399414,-0.00007468461990356445,0.01603688672184944,0,-0.9509029984474182,-1.2844570875167847,1.1299822330474854,5.803840637207031,0,-0.4500277042388916,6.664871692657471,4,0
9284,29.171092987060547,-40.349205017089844,-0.5749509334564209,-13.309741020202637,-12.734789848327637,84.9875259399414,-0.00007325410842895508,0.007349509280174971,0,-1.2921600341796875,-1.1017298698425293,1.4151824712753296,5.803840637207031,0,-0.4500277042388916,6.653670310974121,4,0
9330,27.3455753326416,-40.91490173339844,-0.5749509334564209,-13.166102409362793,-12.591151237487793,84.458251953125,-0.00007325410842895508,0.007349509280174971,0,-1.3306705951690674,-1.0628961324691772,1.4425208568572998,5.803840637207031,0,-0.4500277042388916,6.653670310974121,4,0
9339,26.941640853881836,-40.917686462402344,-0.5749509334564209,-0.34458446502685547,0.23036646842956543,84.458251953125,-0.00009196996688842773,0.006492694839835167,0,-1.4333481788635254,-1.00782310962677,1.5047690868377686,5.803840637207031,0,-0.43842989206314087,6.622305870056152,4,0
9349,26.531618118286133,-40.914981842041016,-0.5749509334564209,-0.32836055755615234,0.24659037590026855,84.458251953125,-0.0000807642936706543,0.0000553930331079755,0,-1.5319548845291138,-0.9922401309013367,1.5665491819381714,5.803840637207031,0,-0.43842989206314087,6.7186384201049805,4,0
9359,26.118242263793945,-40.91994857788086,-0.5749509334564209,-1.7412281036376953,-1.1662771701812744,84.14593505859375,-0.00010097026824951172,0.00030871233320795,0,-1.6465957164764404,-1.0154939889907837,1.6520845890045166,5.803840637207031,0,-0.4392835199832916,6.662631511688232,4,0
9369,25.709815979003906,-40.93931198120117,-0.5749509334564209,-3.0569958686828613,-2.4820449352264404,84.14593505859375,-0.000056624412536621094,0.008653364144265652,0,-1.7963942289352417,-1.0648939609527588,1.7839183807373047,5.803840637207031,0,-0.4392835199832916,6.633507251739502,4,0
9379,25.298219680786133,-40.97239685058594,-0.5749509334564209,-4.437056541442871,-3.86210560798645,84.14593505859375,-0.00011068582534790039,-0.023331979289650917,0,-2.0058562755584717,-1.1234197616577148,1.989513635635376,5.803840637207031,0,-0.4547966718673706,6.640228748321533,4,0
9390,24.866409301757812,-41.022212982177734,-0.5749509334564209,-5.8193769454956055,-5.2444257736206055,83.77405548095703,-0.00006639957427978516,-0.0020605693571269512,0,-2.295886516571045,-1.168035626411438,2.29321026802063,5.803840637207031,0,-0.4547966718673706,6.667111873626709,4,0
9438,22.896930694580078,-41.28285598754883,-0.5749509334564209,-6.02114200592041,-5.44619083404541,83.58265686035156,-0.00006639957427978516,-0.0020605693571269512,0,-2.361217498779297,-1.172715425491333,2.3632800579071045,5.803840637207031,0,-0.4547966718673706,6.667111873626709,4,0
9448,22.481626510620117,-41.40583419799805,-0.5749509334564209,-12.948735237121582,-12.373784065246582,83.39936828613281,-0.00006639957427978516,-0.0020605693571269512,0,-2.5390937328338623,-1.1679221391677856,2.6256749629974365,5.803840637207031,0,-0.4547966718673706,6.667111873626709,4,0
9458,22.07064437866211,-41.52933120727539,-0.5749509334564209,-13.29067325592041,-12.71572208404541,83.39936828613281,-0.000032067298889160156,-0.01904788613319397,0,-2.6557228565216064,-1.146310567855835,2.8301851749420166,5.803840637207031,0,-0.4547244906425476,6.629026889801025,4,0
9467,21.6527099609375,-41.6587028503418,-0.5749509334564209,-13.606493949890137,-13.031542778015137,83.39936828613281,0.000020623207092285156,0.01096305437386036,0,-2.7097108364105225,-1.1169471740722656,2.9731247425079346,5.803840637207031,0,-0.4547244906425476,6.673832893371582,4,0
9477,21.233036041259766,-41.792869567871094,-0.5749509334564209,-14.19336223602295,-13.61841106414795,83.12684631347656,0.000013709068298339844,0.004130870569497347,0,-2.706669807434082,-1.0847059488296509,3.0575931072235107,5.803840637207031,0,-0.4847492277622223,6.658151149749756,4,0
9487,20.814208984375,-41.93220901489258,-0.5749509334564209,-14.740005493164062,-14.165054321289062,83.12684631347656,0.000012099742889404297,-0.0011292380513623357,0,-2.6597979068756104,-1.0505897998809814,3.094757080078125,5.803840637207031,0,-0.4847492277622223,6.664871692657471,4,0
9498,20.38410186767578,-42.08190155029297,-0.5749509334564209,-15.348822593688965,-14.773871421813965,83.12684631347656,0.00002753734588623047,0.005986068397760391,0,-2.5783231258392334,-1.0121244192123413,3.0921523571014404,5.803840637207031,0,-0.44212862849235535,6.624546051025391,4,0
9543,18.482887268066406,-42.75016784667969,-0.5749509334564209,-15.483943939208984,-14.908992767333984,82.56513977050781,0.00002753734588623047,0.005986068397760391,0,-2.558694839477539,-1.0035310983657837,3.08756422996521,5.803840637207031,0,-0.44212862849235535,6.651430130004883,4,0
9554,18.05118179321289,-42.94269561767578,-0.5749509334564209,-20.456233978271484,-19.881282806396484,82.56513977050781,0.00002753734588623047,0.005986068397760391,0,-2.3400707244873047,-0.8859926462173462,2.9003775119781494,5.803840637207031,0,-0.44212862849235535,6.651430130004883,4,0
9563,17.602676391601562,-43.163089752197266,-0.5749509334564209,-22.669754028320312,-22.094802856445312,82.56513977050781,0.00008082389831542969,0.012214753776788712,0,-2.1686646938323975,-0.7233091592788696,2.7505581378936768,5.803840637207031,0,-0.43704670667648315,6.68727445602417,4,0
9573,17.168806076049805,-43.397918701171875,-0.5749509334564209,-24.956775665283203,-24.381824493408203,82.3006820678711,0.00007826089859008789,-0.00007125016418285668,0,-2.0429563522338867,-0.5188466906547546,2.6374311447143555,5.803840637207031,0,-0.43704670667648315,6.595422744750977,4,0
9583,16.732376098632812,-43.65654373168945,-0.5749509334564209,-27.316448211669922,-26.741497039794922,82.3006820678711,0.00006753206253051758,0.006455456838011742,0,-1.9541816711425781,-0.274077445268631,2.551717758178711,5.803840637207031,0,-0.4459409713745117,6.63574743270874,4,0
9593,16.293132781982422,-43.93090057373047,-0.5749509334564209,-28.173458099365234,-27.598506927490234,82.3006820678711,0.00007790327072143555,-0.006001912988722324,0,-1.895389199256897,0.009607355110347271,2.4848318099975586,5.803840637207031,0,-0.4459409713745117,6.651430130004883,4,0
9642,14.103761672973633,-45.240806579589844,-0.5749509334564209,-27.142805099487305,-26.567853927612305,81.769775390625,0.00007790327072143555,-0.006001912988722324,0,-1.8666819334030151,0.25965821743011475,2.440096855163574,5.803840637207031,0,-0.4459409713745117,6.651430130004883,4,0
9698,11.55300521850586,-46.48471450805664,-0.5749509334564209,-22.64434814453125,-22.06939697265625,81.3874740600586,0.00001519918441772461,-0.003014231799170375,0,-1.9071381092071533,0.5409182906150818,2.399020195007324,5.803840637207031,0,-0.43246209621429443,6.664871692657471,4,0
9709,11.084444999694824,-46.59280776977539,-0.5749509334564209,-10.996194839477539,-10.421243667602539,81.3874740600586,0.00001519918441772461,-0.003014231799170375,0,-2.0666983127593994,0.7416661381721497,2.286918878555298,5.803840637207031,0,-0.43246209621429443,6.664871692657471,4,0
9719,10.565503120422363,-46.70948028564453,-0.5749509334564209,-11.33017349243164,-10.75522232055664,81.3874740600586,0.00001519918441772461,-0.003014231799170375,0,-2.2849175930023193,0.8896522521972656,2.116135358810425,5.803840637207031,0,-0.43246209621429443,6.664871692657471,4,0
9768,8.270906448364258,-47.25291442871094,-0.5749509334564209,-11.712874412536621,-11.137923240661621,81.24694061279297,-0.000022292137145996094,0.002230975078418851,0,-2.3879647254943848,0.9325628280639648,2.0327374935150146,5.803840637207031,0,-0.449834942817688,6.640228748321533,4,0
9779,7.794582843780518,-47.425594329833984,-0.5749509334564209,-17.93011474609375,-17.35516357421875,81.24694061279297,-0.000022292137145996094,0.002230975078418851,0,-2.461451292037964,0.9247124195098877,2.0463626384735107,5.803840637207031,0,-0.449834942817688,6.640228748321533,4,0
9789,7.280645847320557,-47.61690139770508,-0.5749509334564209,-18.572673797607422,-17.997722625732422,81.00086212158203,-2.384185791015625e-7,0.005859410390257835,0,-2.4866795539855957,0.9088032245635986,2.1149110794067383,5.803840637207031,0,-0.449834942817688,6.646949768066406,4,0
9799,6.77971887588501,-47.807621002197266,-0.5749509334564209,-18.91342544555664,-18.33847427368164,81.00086212158203,-0.000013589859008789062,-0.0008163104648701847,0,-2.4678821563720703,0.8890612125396729,2.2304799556732178,5.803840637207031,0,-0.4548768103122711,6.667111873626709,4,0
9809,6.299560546875,-47.99455642700195,-0.5749509334564209,-19.366334915161133,-18.791383743286133,81.00086212158203,-0.00004214048385620117,-0.005435673054307699,0,-2.4156923294067383,0.8665426969528198,2.3769590854644775,5.803840637207031,0,-0.4548768103122711,6.646949768066406,4,0
9819,5.817859172821045,-48.18220138549805,-0.5749509334564209,-19.37842559814453,-18.80347442626953,81.00086212158203,-0.00004976987838745117,-0.008117882534861565,0,-2.3360395431518555,0.8406442999839783,2.541858196258545,5.803840637207031,0,-0.45154133439064026,6.631267070770264,4,0
9830,5.315314292907715,-48.37797164916992,-0.5749509334564209,-19.49713897705078,-18.92218780517578,80.7186050415039,0.000012993812561035156,0.0003385264426469803,0,-2.2411530017852783,0.8114733695983887,2.70762300491333,5.803840637207031,0,-0.45154133439064026,6.640228748321533,4,0
9875,3.1314446926116943,-49.227317810058594,-0.5749509334564209,-19.555187225341797,-18.980236053466797,80.37584686279297,0.000012993812561035156,0.0003385264426469803,0,-2.2214415073394775,0.8054210543632507,2.7393078804016113,5.803840637207031,0,-0.45657017827033997,6.640228748321533,4,0
9885,2.6348812580108643,-49.37538528442383,-0.5749509334564209,-15.208333969116211,-14.633382797241211,80.07445526123047,0.000012993812561035156,0.0003385264426469803,0,-2.1470634937286377,0.8744775652885437,2.770240068435669,5.803840637207031,0,-0.45657017827033997,6.640228748321533,4,0
9896,2.0925307273864746,-49.529319763183594,-0.5749509334564209,-14.292620658874512,-13.717669486999512,80.07445526123047,0.000012993812561035156,0.0003385264426469803,0,-2.078733444213867,0.969074010848999,2.7831926345825195,5.803840637207031,0,-0.45657017827033997,6.640228748321533,4,0